date,PX_OPEN,PX_LOW,PX_HIGH,PX_LAST,VOLUME,MOV_AVG_5D,CHG_PCT_1D,LOG_CHG_PCT_1D,LOG_CHG_PCT_1D_win
2015-01-02,4080.0,3895.0,4080.0,4045.0,506421.0,4159.0,0.6219,0.00619974182266056,0.00619974182266056
2015-01-05,4010.0,3930.0,4165.0,4140.0,374048.0,4131.0,2.3486,0.023214447471673356,0.023214447471673356
2015-01-06,4040.0,4020.0,4125.0,4045.0,183441.0,4085.0,-2.2947,-0.02321438071367574,-0.02321438071367574
2015-01-07,4045.0,3835.0,4110.0,3950.0,453419.0,4040.0,-2.3486,-0.023766191850613332,-0.023766191850613332
2015-01-08,3910.0,3840.0,4080.0,3900.0,357857.0,4016.0,-1.2658,-0.012738795008225562,-0.012738795008225562
2015-01-09,3970.0,3915.0,4110.0,4035.0,510111.0,4014.0,3.4615,0.03402937683903044,0.031020839739783364
2015-01-12,3995.0,3995.0,4420.0,4380.0,1041176.0,4062.0,8.5502,0.08204255280342045,0.031020839739783364
2015-01-13,4395.0,4185.0,4440.0,4250.0,542716.0,4103.0,-2.968,-0.03012936498151197,-0.03012936498151197
2015-01-14,4360.0,4065.0,4360.0,4095.0,861121.0,4132.0,-3.6471,-0.03715269298181141,-0.03163102781866988
2015-01-15,4095.0,4050.0,4220.0,4095.0,325707.0,4171.0,0.0,0.0,0.0
2015-01-16,4060.0,4020.0,4155.0,4065.0,226610.0,4177.0,-0.7326,-0.007352966925185114,-0.007352966925185114
2015-01-19,4025.0,3980.0,4130.0,3990.0,299350.0,4099.0,-1.845,-0.018622324128094645,-0.018622324128094645
2015-01-20,3990.0,3750.0,4040.0,3865.0,515016.0,4022.0,-3.1328,-0.031829217685210104,-0.03163102781866988
2015-01-21,3865.0,3760.0,3885.0,3815.0,254975.0,3966.0,-1.2937,-0.01302141179845559,-0.01302141179845559
2015-01-22,3825.0,3720.0,3835.0,3775.0,260815.0,3902.0,-1.0485,-0.010540354883117041,-0.010540354883117041
2015-01-23,3770.0,3710.0,3855.0,3800.0,187962.0,3849.0,0.6623,0.006601164294394673,0.006601164294394673
2015-01-26,3800.0,3720.0,3830.0,3770.0,169102.0,3805.0,-0.7895,-0.007926330524445245,-0.007926330524445245
2015-01-27,3770.0,3740.0,3805.0,3800.0,93842.0,3792.0,0.7958,0.007926502114430448,0.007926502114430448
2015-01-28,3765.0,3755.0,3855.0,3790.0,99922.0,3787.0,-0.2632,-0.002635469801682575,-0.002635469801682575
2015-01-29,3790.0,3765.0,3850.0,3815.0,104580.0,3795.0,0.6596,0.006574341579129599,0.006574341579129599
2015-01-30,3815.0,3670.0,3820.0,3675.0,292382.0,3770.0,-3.6697,-0.037387274928796226,-0.03163102781866988
2015-02-02,3630.0,3610.0,3705.0,3670.0,141938.0,3750.0,-0.1361,-0.0013619270016949475,-0.0013619270016949475
2015-02-03,3690.0,3645.0,3775.0,3765.0,101996.0,3743.0,2.5886,0.025556629464169964,0.025556629464169964
2015-02-04,3765.0,3745.0,3865.0,3845.0,254200.0,3754.0,2.1248,0.02102540880582496,0.02102540880582496
2015-02-05,3845.0,3815.0,3925.0,3885.0,244784.0,3768.0,1.0403,0.010349261170876553,0.010349261170876553
2015-02-06,3885.0,3770.0,3900.0,3815.0,139731.0,3796.0,-1.8018,-0.01818230073456673,-0.01818230073456673
2015-02-09,3775.0,3670.0,3815.0,3735.0,202624.0,3809.0,-2.097,-0.02119299340734001,-0.02119299340734001
2015-02-10,3730.0,3615.0,3730.0,3650.0,215910.0,3786.0,-2.2758,-0.023020960579469455,-0.023020960579469455
2015-02-11,3610.0,3610.0,3655.0,3645.0,139489.0,3746.0,-0.137,-0.0013709393079993036,-0.0013709393079993036
2015-02-12,3645.0,3610.0,3675.0,3675.0,116967.0,3704.0,0.823,0.00819631822448586,0.00819631822448586
2015-02-13,3680.0,3680.0,3965.0,3955.0,567149.0,3732.0,7.619,0.07342702607684318,0.031020839739783364
2015-02-16,3905.0,3865.0,3975.0,3950.0,208386.0,3775.0,-0.1264,-0.0012647995218014283,-0.0012647995218014283
2015-02-17,3910.0,3900.0,4075.0,4055.0,195788.0,3856.0,2.6582,0.026234837384272063,0.026234837384272063
2015-02-18,3910.0,3900.0,4075.0,4055.0,195788.0,3856.0,0.0,0.0,0.0
2015-02-19,3910.0,3900.0,4075.0,4055.0,195788.0,3856.0,0.0,0.0,0.0
2015-02-20,3910.0,3900.0,4075.0,4055.0,195788.0,3856.0,0.0,0.0,0.0
2015-02-23,4055.0,4025.0,4125.0,4060.0,160386.0,3939.0,0.1233,0.0012322404797615683,0.0012322404797615683
2015-02-24,4055.0,4055.0,4180.0,4110.0,244156.0,4026.0,1.2315,0.012239787254563548,0.012239787254563548
2015-02-25,4120.0,3950.0,4120.0,3990.0,203952.0,4033.0,-2.9197,-0.029631714899607683,-0.029631714899607683
2015-02-26,3990.0,3940.0,4035.0,4020.0,97846.0,4047.0,0.7519,0.007490873221674671,0.007490873221674671
2015-02-27,4015.0,3980.0,4065.0,4020.0,145764.0,4040.0,0.0,0.0,0.0
2015-03-02,4025.0,3965.0,4060.0,4010.0,111323.0,4030.0,-0.2488,-0.0024911002152913806,-0.0024911002152913806
2015-03-03,3975.0,3960.0,4010.0,3970.0,108034.0,4002.0,-0.9975,-0.01002508364708852,-0.01002508364708852
2015-03-04,3955.0,3955.0,4080.0,4020.0,130765.0,4008.0,1.2594,0.012515355195409748,0.012515355195409748
2015-03-05,4100.0,4020.0,4360.0,4050.0,715334.0,4014.0,0.7463,0.007435289598580793,0.007435289598580793
2015-03-06,4025.0,4025.0,4160.0,4115.0,330564.0,4033.0,1.6049,0.015921576339797513,0.015921576339797513
2015-03-09,4115.0,4050.0,4145.0,4050.0,111280.0,4041.0,-1.5796,-0.015922086343927618,-0.015922086343927618
2015-03-10,4035.0,3860.0,4085.0,3950.0,141497.0,4037.0,-2.4691,-0.025000935116877072,-0.025000935116877072
2015-03-11,3945.0,3800.0,3960.0,3960.0,122350.0,4025.0,0.2532,0.002528799888649697,0.002528799888649697
2015-03-12,4050.0,3965.0,4550.0,4550.0,1920006.0,4125.0,14.899,0.1388832956085539,0.031020839739783364
2015-03-13,4635.0,4445.0,4650.0,4525.0,850375.0,4207.0,-0.5495,-0.005510153048662315,-0.005510153048662315
2015-03-16,4680.0,4450.0,4730.0,4470.0,690702.0,4291.0,-1.2155,-0.0122294761327233,-0.0122294761327233
2015-03-17,4415.0,4415.0,4610.0,4600.0,427595.0,4421.0,2.9083,0.02866811443476511,0.02866811443476511
2015-03-18,4620.0,4605.0,4900.0,4700.0,936220.0,4569.0,2.1739,0.021506077561380923,0.021506077561380923
2015-03-19,4750.0,4555.0,4750.0,4590.0,423584.0,4577.0,-2.3404,-0.023682223205684774,-0.023682223205684774
2015-03-20,4600.0,4500.0,4680.0,4540.0,249501.0,4580.0,-1.0893,-0.010952763120549772,-0.010952763120549772
2015-03-23,4585.0,4540.0,5000.0,4950.0,1197647.0,4676.0,9.0308,0.08646022513334538,0.031020839739783364
2015-03-24,4910.0,4840.0,5050.0,4985.0,532369.0,4753.0,0.7071,0.007046117705778319,0.007046117705778319
2015-03-25,4985.0,4850.0,5040.0,4850.0,334707.0,4783.0,-2.7081,-0.027454447948977306,-0.027454447948977306
2015-03-26,4800.0,4750.0,4900.0,4780.0,147990.0,4821.0,-1.4433,-0.01453816890627835,-0.01453816890627835
2015-03-27,4780.0,4560.0,4865.0,4635.0,302059.0,4840.0,-3.0335,-0.030804627960234872,-0.030804627960234872
2015-03-30,4605.0,4585.0,4830.0,4805.0,216926.0,4811.0,3.6677,0.03602040531901366,0.031020839739783364
2015-03-31,4805.0,4665.0,4805.0,4745.0,172555.0,4763.0,-1.2487,-0.012565617736550138,-0.012565617736550138
2015-04-01,4755.0,4625.0,4755.0,4710.0,123136.0,4735.0,-0.7376,-0.007403337197064264,-0.007403337197064264
2015-04-02,4660.0,4575.0,4730.0,4710.0,260745.0,4721.0,0.0,0.0,0.0
2015-04-03,4705.0,4600.0,4745.0,4700.0,179168.0,4734.0,-0.2123,-0.0021252567591321355,-0.0021252567591321355
2015-04-06,4665.0,4625.0,4740.0,4710.0,201125.0,4715.0,0.2128,0.002125739015015772,0.002125739015015772
2015-04-07,4740.0,4635.0,4755.0,4700.0,201073.0,4706.0,-0.2123,-0.0021252567591321355,-0.0021252567591321355
2015-04-08,4745.0,4635.0,4815.0,4815.0,251621.0,4727.0,2.4468,0.024173453460344527,0.024173453460344527
2015-04-09,4815.0,4740.0,4930.0,4785.0,259848.0,4742.0,-0.6231,-0.006250493699515287,-0.006250493699515287
2015-04-10,4785.0,4655.0,4850.0,4680.0,329645.0,4738.0,-2.1944,-0.02218835087289308,-0.02218835087289308
2015-04-13,4695.0,4630.0,5250.0,4905.0,1789701.0,4777.0,4.8077,0.046957056482263684,0.031020839739783364
2015-04-14,4915.0,4850.0,5190.0,4960.0,1250311.0,4829.0,1.1213,0.011150600340476248,0.011150600340476248
2015-04-15,4995.0,4900.0,5040.0,4965.0,457150.0,4859.0,0.1008,0.0010074923091395135,0.0010074923091395135
2015-04-16,5000.0,4895.0,5170.0,4895.0,916575.0,4881.0,-1.4099,-0.014199335100002463,-0.014199335100002463
2015-04-17,4920.0,4805.0,4965.0,4935.0,435425.0,4932.0,0.8172,0.008138790013329664,0.008138790013329664
2015-04-20,4950.0,4885.0,5340.0,5290.0,1203797.0,5009.0,7.1935,0.06946542648191692,0.031020839739783364
2015-04-21,5270.0,5170.0,5400.0,5240.0,645037.0,5065.0,-0.9452,-0.009496953644148704,-0.009496953644148704
2015-04-22,5260.0,4700.0,5390.0,5140.0,687504.0,5100.0,-1.9084,-0.019268449994282198,-0.019268449994282198
2015-04-23,5230.0,4900.0,5580.0,5460.0,1319541.0,5213.0,6.2257,0.06039588977690332,0.031020839739783364
2015-04-24,5400.0,5230.0,5430.0,5290.0,370508.0,5284.0,-3.1136,-0.03163102781866988,-0.03163102781866988
2015-04-27,5250.0,5190.0,5340.0,5250.0,183002.0,5276.0,-0.7561,-0.007589729266772476,-0.007589729266772476
2015-04-28,5250.0,5150.0,5300.0,5180.0,209814.0,5264.0,-1.3333,-0.013422682494359956,-0.013422682494359956
2015-04-29,5200.0,5200.0,5470.0,5230.0,406859.0,5282.0,0.9653,0.009606707464977654,0.009606707464977654
2015-04-30,5260.0,5230.0,5900.0,5750.0,1537665.0,5340.0,9.9426,0.09478822542801801,0.031020839739783364
2015-05-01,5260.0,5230.0,5900.0,5750.0,1537665.0,5340.0,0.0,0.0,0.0
2015-05-04,5560.0,5170.0,5680.0,5610.0,1295053.0,5404.0,-2.4348,-0.024649313527789478,-0.024649313527789478
2015-05-05,5560.0,5170.0,5680.0,5610.0,1295053.0,5404.0,0.0,0.0,0.0
2015-05-06,5600.0,5350.0,6030.0,5900.0,1740712.0,5534.0,5.1693,0.050401246631232084,0.031020839739783364
2015-05-07,6000.0,5700.0,6200.0,5790.0,1715457.0,5656.0,-1.8644,-0.018819990242143602,-0.018819990242143602
2015-05-08,5820.0,5530.0,5910.0,5550.0,949752.0,5720.0,-4.1451,-0.042334596259020196,-0.03163102781866988
2015-05-11,5620.0,5300.0,5680.0,5380.0,1005470.0,5646.0,-3.0631,-0.031109934625614847,-0.031109934625614847
2015-05-12,5440.0,5340.0,5580.0,5420.0,685582.0,5608.0,0.7435,0.007407496628413847,0.007407496628413847
2015-05-13,5450.0,5320.0,5510.0,5470.0,507475.0,5522.0,0.9225,0.009182709574652613,0.009182709574652613
2015-05-14,5450.0,5290.0,5600.0,5290.0,1241024.0,5422.0,-3.2907,-0.033460614420044284,-0.03163102781866988
2015-05-15,5250.0,5010.0,5280.0,5020.0,948623.0,5316.0,-5.104,-0.05238863089172055,-0.03163102781866988
2015-05-18,5080.0,4830.0,5100.0,4950.0,614357.0,5230.0,-1.3944,-0.014042130860438184,-0.014042130860438184
2015-05-19,4950.0,4710.0,5000.0,4765.0,881957.0,5099.0,-3.7374,-0.038090312297136004,-0.03163102781866988
2015-05-20,4765.0,4650.0,4850.0,4650.0,611772.0,4935.0,-2.4134,-0.02442999707684429,-0.02442999707684429
2015-05-21,4680.0,4645.0,4880.0,4855.0,517044.0,4848.0,4.4086,0.0431418615467008,0.031020839739783364
2015-05-22,4890.0,4660.0,4890.0,4750.0,414769.0,4794.0,-2.1627,-0.02186429106517795,-0.02186429106517795
2015-05-26,4760.0,4730.0,4855.0,4855.0,385602.0,4775.0,2.2105,0.021864226230175938,0.021864226230175938
2015-05-27,4855.0,4750.0,4855.0,4800.0,252863.0,4782.0,-1.1329,-0.011393661954557325,-0.011393661954557325
2015-05-28,4810.0,4760.0,4910.0,4760.0,406978.0,4804.0,-0.8333,-0.008367913536119355,-0.008367913536119355
2015-05-29,4730.0,4725.0,4925.0,4835.0,369311.0,4800.0,1.5756,0.015633162833549707,0.015633162833549707
2015-06-01,4850.0,4755.0,4870.0,4785.0,212343.0,4807.0,-1.0341,-0.010394839632558961,-0.010394839632558961
2015-06-02,4760.0,4460.0,4800.0,4470.0,462410.0,4730.0,-6.5831,-0.06809791493720281,-0.03163102781866988
2015-06-03,4390.0,4250.0,4510.0,4425.0,363819.0,4655.0,-1.0067,-0.010118014911354027,-0.010118014911354027
2015-06-04,4435.0,4310.0,4490.0,4425.0,272959.0,4588.0,0.0,0.0,0.0
2015-06-05,4350.0,4350.0,4725.0,4700.0,473055.0,4561.0,6.2147,0.0602923313199447,0.031020839739783364
2015-06-08,4725.0,4580.0,4795.0,4630.0,336930.0,4530.0,-1.4894,-0.015006029386844217,-0.015006029386844217
2015-06-09,4675.0,4605.0,4775.0,4770.0,202064.0,4590.0,3.0238,0.029789843510619814,0.029789843510619814
2015-06-10,4770.0,4685.0,4850.0,4840.0,325275.0,4673.0,1.4675,0.014568364175396588,0.014568364175396588
2015-06-11,4850.0,4785.0,4880.0,4785.0,212905.0,4745.0,-1.1364,-0.011429063639782393,-0.011429063639782393
2015-06-12,4755.0,4730.0,4990.0,4835.0,437750.0,4772.0,1.0449,0.010394786523557437,0.010394786523557437
2015-06-15,4855.0,4655.0,4860.0,4655.0,226240.0,4777.0,-3.7229,-0.037939694008778654,-0.03163102781866988
2015-06-16,4570.0,4510.0,4760.0,4550.0,250072.0,4733.0,-2.2556,-0.022814277766251365,-0.022814277766251365
2015-06-17,4570.0,4500.0,4695.0,4670.0,178050.0,4699.0,2.6374,0.02603220274357647,0.02603220274357647
2015-06-18,4670.0,4605.0,4720.0,4655.0,143338.0,4673.0,-0.3212,-0.003217169544686429,-0.003217169544686429
2015-06-19,4620.0,4555.0,4685.0,4665.0,183310.0,4639.0,0.2148,0.002145696346242404,0.002145696346242404
2015-06-22,4670.0,4595.0,4800.0,4705.0,418576.0,4649.0,0.8574,0.008537452021658145,0.008537452021658145
2015-06-23,4800.0,4715.0,4930.0,4835.0,603494.0,4706.0,2.763,0.027255180066451504,0.027255180066451504
2015-06-24,4835.0,4780.0,4885.0,4820.0,291618.0,4736.0,-0.3102,-0.0031068211747710423,-0.0031068211747710423
2015-06-25,4820.0,4730.0,4865.0,4810.0,251534.0,4767.0,-0.2075,-0.0020771557951996494,-0.0020771557951996494
2015-06-26,4810.0,4765.0,4895.0,4880.0,395297.0,4810.0,1.4553,0.014448121403123636,0.014448121403123636
2015-06-29,4845.0,4590.0,4870.0,4590.0,491698.0,4787.0,-5.9426,-0.06126495178391717,-0.03163102781866988
2015-06-30,4565.0,4420.0,4610.0,4500.0,275187.0,4720.0,-1.9608,-0.019802787296192472,-0.019802787296192472
2015-07-01,4505.0,4445.0,4665.0,4635.0,277680.0,4683.0,3.0,0.02955880224154443,0.02955880224154443
2015-07-02,4630.0,4495.0,4675.0,4530.0,214602.0,4627.0,-2.2654,-0.02291454429112824,-0.02291454429112824
2015-07-03,4505.0,4380.0,4530.0,4425.0,261034.0,4536.0,-2.3179,-0.02345185764523858,-0.02345185764523858
2015-07-06,4350.0,4185.0,4385.0,4205.0,364526.0,4459.0,-4.9718,-0.050996496331188315,-0.03163102781866988
2015-07-07,4210.0,4130.0,4280.0,4195.0,366790.0,4398.0,-0.2378,-0.002380831932447709,-0.002380831932447709
2015-07-08,4205.0,4135.0,4285.0,4215.0,287530.0,4314.0,0.4768,0.0047566690909085895,0.0047566690909085895
2015-07-09,4150.0,4120.0,4230.0,4190.0,180073.0,4246.0,-0.5931,-0.0059486582357827465,-0.0059486582357827465
2015-07-10,4195.0,4175.0,4295.0,4190.0,160172.0,4199.0,0.0,0.0,0.0
2015-07-13,4200.0,4190.0,4310.0,4300.0,170943.0,4218.0,2.6253,0.025914305044540092,0.025914305044540092
2015-07-14,4320.0,4280.0,4420.0,4380.0,178783.0,4255.0,1.8605,0.01843404415453279,0.01843404415453279
2015-07-15,4440.0,4350.0,4465.0,4430.0,165989.0,4298.0,1.1416,0.011351329194538741,0.011351329194538741
2015-07-16,4450.0,4340.0,4450.0,4390.0,143690.0,4338.0,-0.9029,-0.009070008450662788,-0.009070008450662788
2015-07-17,4460.0,4325.0,4460.0,4400.0,182273.0,4380.0,0.2278,0.002275409291676398,0.002275409291676398
2015-07-20,4440.0,4370.0,4505.0,4495.0,189057.0,4419.0,2.1591,0.021361215987128257,0.021361215987128257
2015-07-21,4510.0,4500.0,4620.0,4595.0,322775.0,4462.0,2.2247,0.022003145555446958,0.022003145555446958
2015-07-22,4540.0,4540.0,4640.0,4570.0,196409.0,4490.0,-0.5441,-0.005455856153224798,-0.005455856153224798
2015-07-23,4570.0,4460.0,4600.0,4530.0,224851.0,4518.0,-0.8753,-0.008791532519374133,-0.008791532519374133
2015-07-24,4470.0,4470.0,4600.0,4525.0,138914.0,4543.0,-0.1104,-0.0011046098568959883,-0.0011046098568959883
2015-07-27,4570.0,4300.0,4580.0,4300.0,173956.0,4504.0,-4.9724,-0.0510028102663589,-0.03163102781866988
2015-07-28,4190.0,4120.0,4295.0,4205.0,147237.0,4426.0,-2.2093,-0.022340705493392832,-0.022340705493392832
2015-07-29,4220.0,4155.0,4280.0,4170.0,129653.0,4346.0,-0.8323,-0.008357829556738925,-0.008357829556738925
2015-07-30,4185.0,3970.0,4215.0,4005.0,224969.0,4241.0,-3.9568,-0.04037209573989042,-0.03163102781866988
2015-07-31,4000.0,3955.0,4105.0,4095.0,238332.0,4155.0,2.2472,0.022223224696794296,0.022223224696794296
2015-08-03,4085.0,4005.0,4180.0,4025.0,60650.0,4100.0,-1.7094,-0.01724178904320191,-0.01724178904320191
2015-08-04,4000.0,3995.0,4170.0,4140.0,126485.0,4087.0,2.8571,0.028170460299942756,0.028170460299942756
2015-08-05,4165.0,4090.0,4200.0,4150.0,91555.0,4083.0,0.2415,0.002412088573953865,0.002412088573953865
2015-08-06,4150.0,4130.0,4250.0,4140.0,84032.0,4110.0,-0.241,-0.0024129087242901557,-0.0024129087242901557
2015-08-07,4110.0,4110.0,4215.0,4170.0,104435.0,4125.0,0.7246,0.007219873872697751,0.007219873872697751
2015-08-10,4200.0,4050.0,4240.0,4080.0,185874.0,4136.0,-2.1583,-0.021819319453500307,-0.021819319453500307
2015-08-11,4090.0,4020.0,4235.0,4050.0,180673.0,4118.0,-0.7353,-0.007380166556883629,-0.007380166556883629
2015-08-12,4050.0,3755.0,4075.0,3850.0,263039.0,4058.0,-4.9383,-0.05064403152009818,-0.03163102781866988
2015-08-13,3810.0,3810.0,4090.0,4050.0,166786.0,4040.0,5.1948,0.05064368343603775,0.031020839739783364
2015-08-14,3810.0,3810.0,4090.0,4050.0,166786.0,4040.0,0.0,0.0,0.0
2015-08-17,4055.0,4005.0,4495.0,4245.0,595103.0,4055.0,4.8148,0.04702479730209677,0.031020839739783364
2015-08-18,4330.0,4110.0,4415.0,4135.0,209749.0,4066.0,-2.5913,-0.02625465694667815,-0.02625465694667815
2015-08-19,4065.0,3850.0,4180.0,3880.0,242842.0,4032.0,-6.1669,-0.06365251375805574,-0.03163102781866988
2015-08-20,3840.0,3805.0,3990.0,3805.0,129884.0,4023.0,-1.933,-0.01951926744637414,-0.01951926744637414
2015-08-21,3610.0,3520.0,3730.0,3610.0,316716.0,3935.0,-5.1248,-0.05260784223762859,-0.03163102781866988
2015-08-24,3555.0,3450.0,3675.0,3500.0,217282.0,3786.0,-3.0471,-0.030944892420854075,-0.030944892420854075
2015-08-25,3515.0,3485.0,3705.0,3650.0,204954.0,3689.0,4.2857,0.041964062112721315,0.031020839739783364
2015-08-26,3650.0,3625.0,3770.0,3765.0,130051.0,3666.0,3.1507,0.031020839739783364,0.031020839739783364
2015-08-27,3800.0,3750.0,3870.0,3785.0,87087.0,3662.0,0.5312,0.005297941093297976,0.005297941093297976
2015-08-28,3800.0,3770.0,3850.0,3800.0,109130.0,3700.0,0.3963,0.003955168000822592,0.003955168000822592
2015-08-31,3805.0,3755.0,3870.0,3840.0,77372.0,3768.0,1.0526,0.010470987367246611,0.010470987367246611
2015-09-01,3840.0,3720.0,3840.0,3720.0,68006.0,3782.0,-3.125,-0.0317486983145803,-0.03163102781866988
2015-09-02,3635.0,3620.0,3750.0,3680.0,80513.0,3765.0,-1.0753,-0.010811231321656626,-0.010811231321656626
2015-09-03,3730.0,3710.0,3875.0,3755.0,87273.0,3759.0,2.038,0.020175106936632502,0.020175106936632502
2015-09-04,3795.0,3605.0,3825.0,3705.0,91687.0,3740.0,-1.3316,-0.013405452918881022,-0.013405452918881022
2015-09-07,3700.0,3610.0,3775.0,3745.0,47206.0,3721.0,1.0796,0.010738139262497165,0.010738139262497165
2015-09-08,3750.0,3655.0,3795.0,3695.0,39999.0,3716.0,-1.3351,-0.013440925897849778,-0.013440925897849778
2015-09-09,3725.0,3725.0,3830.0,3815.0,105724.0,3743.0,3.2476,0.031959801030833825,0.031020839739783364
2015-09-10,3780.0,3780.0,3835.0,3820.0,38806.0,3756.0,0.1311,0.0013101413898434122,0.0013101413898434122
2015-09-11,3840.0,3780.0,3900.0,3890.0,83625.0,3793.0,1.8325,0.018159120615909803,0.018159120615909803
2015-09-14,3890.0,3775.0,3920.0,3800.0,66626.0,3804.0,-2.3136,-0.02340783826646785,-0.02340783826646785
2015-09-15,3800.0,3775.0,3880.0,3855.0,54008.0,3836.0,1.4474,0.014370251566951067,0.014370251566951067
2015-09-16,3885.0,3825.0,3930.0,3875.0,82357.0,3848.0,0.5188,0.005174588693241031,0.005174588693241031
2015-09-17,3880.0,3815.0,3945.0,3840.0,85190.0,3852.0,-0.9032,-0.009073035789042111,-0.009073035789042111
2015-09-18,3830.0,3815.0,3880.0,3860.0,36660.0,3846.0,0.5208,0.005194485270831507,0.005194485270831507
2015-09-21,3815.0,3800.0,3880.0,3805.0,89161.0,3847.0,-1.4249,-0.014351491768917037,-0.014351491768917037
2015-09-22,3810.0,3810.0,3860.0,3835.0,93904.0,3843.0,0.7884,0.007853083661959324,0.007853083661959324
2015-09-23,3810.0,3755.0,3875.0,3755.0,87252.0,3819.0,-2.086,-0.021080643611238792,-0.021080643611238792
2015-09-24,3820.0,3750.0,3865.0,3795.0,66758.0,3810.0,1.0652,0.010595667133366462,0.010595667133366462
2015-09-25,3845.0,3775.0,3845.0,3800.0,34225.0,3798.0,0.1318,0.0013171322004228024,0.0013171322004228024
2015-09-28,3845.0,3775.0,3845.0,3800.0,34225.0,3798.0,0.0,0.0,0.0
2015-09-29,3845.0,3775.0,3845.0,3800.0,34225.0,3798.0,0.0,0.0,0.0
2015-09-30,3765.0,3750.0,3840.0,3825.0,39945.0,3802.0,0.6579,0.006557452833739298,0.006557452833739298
2015-10-01,3830.0,3820.0,4200.0,3990.0,202538.0,3833.0,4.3137,0.0422325192623408,0.031020839739783364
2015-10-02,4025.0,3925.0,4160.0,4050.0,146109.0,3892.0,1.5038,0.01492605021659579,0.01492605021659579
2015-10-05,4060.0,4000.0,4160.0,4135.0,108611.0,3960.0,2.0988,0.02077078593030554,0.02077078593030554
2015-10-06,4160.0,4050.0,4290.0,4050.0,157719.0,4010.0,-2.0556,-0.020770215258468387,-0.020770215258468387
2015-10-07,4055.0,4055.0,4210.0,4120.0,66131.0,4069.0,1.7284,0.017136330786675466,0.017136330786675466
2015-10-08,4100.0,4100.0,4350.0,4320.0,268209.0,4135.0,4.8544,0.047402535190836245,0.031020839739783364
2015-10-09,4100.0,4100.0,4350.0,4320.0,268209.0,4135.0,0.0,0.0,0.0
2015-10-12,4320.0,4190.0,4350.0,4310.0,132574.0,4187.0,-0.2315,-0.0023176837552288942,-0.0023176837552288942
2015-10-13,4335.0,4235.0,4335.0,4265.0,111157.0,4213.0,-1.0441,-0.010495889643305712,-0.010495889643305712
2015-10-14,4240.0,4225.0,4430.0,4300.0,147026.0,4263.0,0.8206,0.008172513848843729,0.008172513848843729
2015-10-15,4285.0,4220.0,4300.0,4300.0,60760.0,4299.0,0.0,0.0,0.0
2015-10-16,4295.0,4180.0,4340.0,4220.0,90640.0,4279.0,-1.8605,-0.018780250101896424,-0.018780250101896424
2015-10-19,4205.0,4150.0,4230.0,4190.0,46507.0,4255.0,-0.7109,-0.007134389340604428,-0.007134389340604428
2015-10-20,4160.0,4085.0,4185.0,4125.0,100266.0,4227.0,-1.5513,-0.015634585662561824,-0.015634585662561824
2015-10-21,4125.0,4115.0,4195.0,4145.0,93289.0,4196.0,0.4848,0.004836286291450501,0.004836286291450501
2015-10-22,4145.0,3985.0,4145.0,4000.0,158253.0,4136.0,-3.4982,-0.035608524967372386,-0.03163102781866988
2015-10-23,4020.0,3970.0,4075.0,4000.0,87871.0,4092.0,0.0,0.0,0.0
2015-10-26,4000.0,4000.0,4150.0,4130.0,93242.0,4080.0,3.25,0.03198304585305074,0.031020839739783364
2015-10-27,4250.0,4130.0,4255.0,4165.0,97425.0,4088.0,0.8475,0.008439288813843591,0.008439288813843591
2015-10-28,4190.0,4110.0,4350.0,4310.0,190661.0,4121.0,3.4814,0.03422170042260179,0.031020839739783364
2015-10-29,4355.0,4300.0,4450.0,4310.0,235433.0,4183.0,0.0,0.0,0.0
2015-10-30,4310.0,4110.0,4310.0,4150.0,166914.0,4213.0,-3.7123,-0.0378296011983512,-0.03163102781866988
2015-11-02,5000.0,4300.0,5150.0,4300.0,2333437.0,4247.0,3.6145,0.03550709543357127,0.031020839739783364
2015-11-03,4325.0,4225.0,4990.0,4675.0,4451505.0,4349.0,8.7209,0.08361386196622869,0.031020839739783364
2015-11-04,4610.0,4415.0,4700.0,4440.0,1286836.0,4375.0,-5.0267,-0.051574386521822016,-0.03163102781866988
2015-11-05,4440.0,4270.0,4475.0,4430.0,560912.0,4399.0,-0.2252,-0.0022545395654506788,-0.0022545395654506788
2015-11-06,4385.0,4310.0,4490.0,4325.0,328048.0,4434.0,-2.3702,-0.023987411303259955,-0.023987411303259955
2015-11-09,4280.0,3855.0,4385.0,4020.0,532580.0,4378.0,-7.052,-0.07312998899672501,-0.03163102781866988
2015-11-10,3945.0,3870.0,4005.0,3880.0,232994.0,4219.0,-3.4826,-0.035446883016375184,-0.03163102781866988
2015-11-11,4000.0,3995.0,4470.0,4180.0,2230610.0,4167.0,7.732,0.07447647567652928,0.031020839739783364
2015-11-12,4270.0,4000.0,4490.0,4040.0,1313423.0,4089.0,-3.3493,-0.03406673773193985,-0.03163102781866988
2015-11-13,3960.0,3910.0,4040.0,3990.0,154115.0,4022.0,-1.2376,-0.012453220469811852,-0.012453220469811852
2015-11-16,3880.0,3850.0,4010.0,3860.0,216149.0,3990.0,-3.2581,-0.03312357851322541,-0.03163102781866988
2015-11-17,3865.0,3860.0,3930.0,3905.0,169990.0,3995.0,1.1658,0.011590569085075723,0.011590569085075723
2015-11-18,3885.0,3855.0,3910.0,3870.0,142848.0,3933.0,-0.8963,-0.009003409324903159,-0.009003409324903159
2015-11-19,4000.0,3895.0,4080.0,3940.0,332236.0,3913.0,1.8088,0.017926358400121706,0.017926358400121706
2015-11-20,3985.0,3890.0,3985.0,3920.0,96525.0,3899.0,-0.5076,-0.005088926650338594,-0.005088926650338594
2015-11-23,3915.0,3895.0,4020.0,4000.0,112980.0,3927.0,2.0408,0.02020254731750663,0.02020254731750663
2015-11-24,3975.0,3930.0,4005.0,3990.0,112529.0,3944.0,-0.25,-0.002503130218118477,-0.002503130218118477
2015-11-25,4040.0,3980.0,4065.0,4010.0,125596.0,3972.0,0.5013,0.005000476750761518,0.005000476750761518
2015-11-26,4010.0,4010.0,4895.0,4330.0,1415467.0,4050.0,7.98,0.07677583880204963,0.031020839739783364
2015-11-27,4365.0,4280.0,4515.0,4450.0,540754.0,4156.0,2.7714,0.02733691820862794,0.02733691820862794
2015-11-30,4520.0,4425.0,4890.0,4635.0,1962024.0,4283.0,4.1573,0.04073207047720964,0.031020839739783364
2015-12-01,4600.0,4200.0,4635.0,4325.0,653248.0,4350.0,-6.6882,-0.06922361239130083,-0.03163102781866988
2015-12-02,4320.0,4175.0,4370.0,4245.0,320605.0,4397.0,-1.8497,-0.018670208724189605,-0.018670208724189605
2015-12-03,4395.0,4230.0,4395.0,4230.0,185563.0,4377.0,-0.3534,-0.0035402593293311314,-0.0035402593293311314
2015-12-04,4170.0,4150.0,4265.0,4245.0,101736.0,4336.0,0.3546,0.0035397277651898628,0.0035397277651898628
2015-12-07,4260.0,4180.0,4340.0,4195.0,151050.0,4248.0,-1.1779,-0.011848922037325899,-0.011848922037325899
2015-12-08,4195.0,4065.0,4210.0,4100.0,152127.0,4203.0,-2.2646,-0.022906358891834292,-0.022906358891834292
2015-12-09,4065.0,4040.0,4155.0,4100.0,103833.0,4174.0,0.0,0.0,0.0
2015-12-10,4065.0,4015.0,4190.0,4100.0,121616.0,4148.0,0.0,0.0,0.0
2015-12-11,4110.0,4080.0,4155.0,4130.0,57523.0,4125.0,0.7317,0.007290360623451466,0.007290360623451466
2015-12-14,4080.0,3910.0,4135.0,3935.0,161831.0,4073.0,-4.7215,-0.048366004138018046,-0.03163102781866988
2015-12-15,3940.0,3930.0,4050.0,3985.0,73869.0,4050.0,1.2706,0.012625956094154905,0.012625956094154905
2015-12-16,4010.0,4010.0,4280.0,4150.0,255291.0,4060.0,4.1405,0.040570762964250356,0.031020839739783364
2015-12-17,4215.0,4135.0,4265.0,4135.0,95201.0,4067.0,-0.3614,-0.0036205462749175996,-0.0036205462749175996
2015-12-18,4150.0,4100.0,4180.0,4150.0,70199.0,4071.0,0.3628,0.0036214346825229242,0.0036214346825229242
2015-12-21,4120.0,4080.0,4250.0,4250.0,122688.0,4134.0,2.4096,0.02381027222305933,0.02381027222305933
2015-12-22,4250.0,4220.0,4300.0,4255.0,146453.0,4188.0,0.1176,0.0011753090536489516,0.0011753090536489516
2015-12-23,4295.0,4255.0,4380.0,4330.0,1333297.0,4224.0,1.7626,0.017472463591782252,0.017472463591782252
2015-12-24,4400.0,4260.0,4400.0,4260.0,86037.0,4249.0,-1.6166,-0.01629809534818392,-0.01629809534818392
2015-12-28,4305.0,4220.0,4360.0,4315.0,103636.0,4282.0,1.2911,0.012828363558843118,0.012828363558843118
2015-12-29,4315.0,4275.0,4380.0,4330.0,64823.0,4298.0,0.3476,0.0034699726752821305,0.0034699726752821305
2015-12-30,4320.0,4250.0,4330.0,4295.0,61077.0,4306.0,-0.8083,-0.008115844552578645,-0.008115844552578645
2015-12-31,4320.0,4250.0,4330.0,4295.0,61077.0,4306.0,0.0,0.0,0.0
2016-01-04,4295.0,4105.0,4295.0,4105.0,114261.0,4261.0,-4.4237,-0.045245304614781934,-0.03163102781866988
2016-01-05,4050.0,4005.0,4230.0,4100.0,130522.0,4229.0,-0.1218,-0.001218742364861544,-0.001218742364861544
2016-01-06,4115.0,4070.0,4180.0,4165.0,82355.0,4199.0,1.5854,0.015729638042941217,0.015729638042941217
2016-01-07,4160.0,4085.0,4160.0,4120.0,56419.0,4157.0,-1.0804,-0.010862787014705472,-0.010862787014705472
2016-01-08,3990.0,3980.0,4165.0,4155.0,103357.0,4129.0,0.8495,0.008459120541633856,0.008459120541633856
2016-01-11,4135.0,4050.0,4155.0,4055.0,115253.0,4119.0,-2.4067,-0.024361342466378402,-0.024361342466378402
2016-01-12,4065.0,4000.0,4130.0,4055.0,120619.0,4110.0,0.0,0.0,0.0
2016-01-13,4060.0,4055.0,4100.0,4065.0,51933.0,4090.0,0.2466,0.002462964411483398,0.002462964411483398
2016-01-14,4055.0,3980.0,4055.0,4020.0,125326.0,4070.0,-1.107,-0.011131728428552003,-0.011131728428552003
2016-01-15,4035.0,3960.0,4095.0,3975.0,151726.0,4034.0,-1.1194,-0.011257124335955718,-0.011257124335955718
2016-01-18,3930.0,3910.0,4090.0,4055.0,1737866.0,4034.0,2.0126,0.019926149078814993,0.019926149078814993
2016-01-19,4055.0,4010.0,4140.0,4085.0,105921.0,4040.0,0.7398,0.007370769018726867,0.007370769018726867
2016-01-20,4150.0,3990.0,4350.0,4040.0,595776.0,4035.0,-1.1016,-0.011077125447822392,-0.011077125447822392
2016-01-21,4020.0,3920.0,4055.0,3955.0,187867.0,4022.0,-2.104,-0.021264495304724296,-0.021264495304724296
2016-01-22,3975.0,3935.0,4040.0,3965.0,121235.0,4020.0,0.2528,0.0025248099831108126,0.0025248099831108126
2016-01-25,4000.0,3970.0,4035.0,3995.0,88859.0,4008.0,0.7566,0.007537521377964288,0.007537521377964288
2016-01-26,3995.0,3960.0,4065.0,4000.0,64911.0,3991.0,0.1252,0.0012512169015580475,0.0012512169015580475
2016-01-27,4005.0,3995.0,4075.0,4025.0,57757.0,3988.0,0.625,0.006230549750636163,0.006230549750636163
2016-01-28,4025.0,4025.0,4085.0,4070.0,144380.0,4011.0,1.118,0.0111179657338465,0.0111179657338465
2016-01-29,4090.0,4020.0,4090.0,4070.0,84413.0,4032.0,0.0,0.0,0.0
2016-02-01,4100.0,4045.0,4110.0,4070.0,143266.0,4047.0,0.0,0.0,0.0
2016-02-02,4070.0,4030.0,4100.0,4050.0,47039.0,4057.0,-0.4914,-0.004926113397784229,-0.004926113397784229
2016-02-03,4010.0,3965.0,4040.0,3995.0,167400.0,4051.0,-1.358,-0.013673051587350033,-0.013673051587350033
2016-02-04,3995.0,3980.0,4045.0,4020.0,114435.0,4041.0,0.6258,0.006238500029591625,0.006238500029591625
2016-02-05,4020.0,3985.0,4050.0,4045.0,58682.0,4036.0,0.6219,0.00619974182266056,0.00619974182266056
2016-02-08,4020.0,3985.0,4050.0,4045.0,58682.0,4036.0,0.0,0.0,0.0
2016-02-09,4020.0,3985.0,4050.0,4045.0,58682.0,4036.0,0.0,0.0,0.0
2016-02-10,4020.0,3985.0,4050.0,4045.0,58682.0,4036.0,0.0,0.0,0.0
2016-02-11,3975.0,3910.0,4010.0,3940.0,111943.0,4010.0,-2.5958,-0.026300855119394718,-0.026300855119394718
2016-02-12,3935.0,3670.0,3950.0,3740.0,229148.0,3948.0,-5.0761,-0.052094668033233066,-0.03163102781866988
2016-02-15,3710.0,3710.0,3855.0,3845.0,127693.0,3918.0,2.8075,0.02768812157017005,0.02768812157017005
2016-02-16,3855.0,3855.0,3920.0,3910.0,76448.0,3896.0,1.6905,0.016763700707183762,0.016763700707183762
2016-02-17,3915.0,3910.0,3970.0,3950.0,86772.0,3877.0,1.023,0.010178027700550483,0.010178027700550483
2016-02-18,3995.0,3975.0,4080.0,4075.0,104797.0,3904.0,3.1646,0.031155584957622683,0.031020839739783364
2016-02-19,4080.0,4010.0,4100.0,4070.0,54320.0,3970.0,-0.1227,-0.0012277533808285502,-0.0012277533808285502
2016-02-22,4060.0,4050.0,4250.0,4200.0,239542.0,4041.0,3.1941,0.03144149488243757,0.031020839739783364
2016-02-23,4160.0,4115.0,4230.0,4185.0,108261.0,4096.0,-0.3571,-0.0035773912404495844,-0.0035773912404495844
2016-02-24,4125.0,4110.0,4200.0,4140.0,64729.0,4134.0,-1.0753,-0.010811231321656626,-0.010811231321656626
2016-02-25,4140.0,4135.0,4250.0,4145.0,111030.0,4148.0,0.1208,0.0012072709550652195,0.0012072709550652195
2016-02-26,4145.0,4140.0,4210.0,4140.0,36947.0,4162.0,-0.1206,-0.0012067278032126692,-0.0012067278032126692
2016-02-29,4140.0,4065.0,4175.0,4115.0,53183.0,4145.0,-0.6039,-0.006057308507766812,-0.006057308507766812
2016-03-01,4140.0,4065.0,4175.0,4115.0,53183.0,4145.0,0.0,0.0,0.0
2016-03-02,4115.0,4115.0,4190.0,4165.0,45648.0,4141.0,1.2151,0.012077769220811635,0.012077769220811635
2016-03-03,4145.0,4100.0,4170.0,4160.0,91036.0,4145.0,-0.12,-0.001200720576518877,-0.001200720576518877
2016-03-04,4130.0,4120.0,4225.0,4210.0,201549.0,4158.0,1.2019,0.011947345392588574,0.011947345392588574
2016-03-07,4230.0,4215.0,4315.0,4280.0,151780.0,4186.0,1.6627,0.016490284796608613,0.016490284796608613
2016-03-08,4280.0,4270.0,4350.0,4290.0,109688.0,4221.0,0.2336,0.0023332757936723693,0.0023332757936723693
2016-03-09,4290.0,4250.0,4320.0,4300.0,74142.0,4248.0,0.2331,0.0023282874340098208,0.0023282874340098208
2016-03-10,4320.0,4265.0,4335.0,4280.0,106526.0,4272.0,-0.4651,-0.004661849554422781,-0.004661849554422781
2016-03-11,4280.0,4180.0,4300.0,4195.0,111495.0,4269.0,-1.986,-0.020059860377772215,-0.020059860377772215
2016-03-14,4200.0,4175.0,4240.0,4215.0,178233.0,4256.0,0.4768,0.0047566690909085895,0.0047566690909085895
2016-03-15,4215.0,4210.0,4315.0,4255.0,238372.0,4249.0,0.949,0.009445252827684507,0.009445252827684507
2016-03-16,4260.0,4220.0,4280.0,4220.0,127091.0,4233.0,-0.8226,-0.008260020233415743,-0.008260020233415743
2016-03-17,4225.0,4215.0,4275.0,4270.0,138005.0,4231.0,1.1848,0.011778361956022006,0.011778361956022006
2016-03-18,4270.0,4255.0,4390.0,4370.0,181711.0,4266.0,2.3419,0.023148982782277665,0.023148982782277665
2016-03-21,4515.0,4390.0,4600.0,4390.0,365400.0,4301.0,0.4577,0.004566557387268528,0.004566557387268528
2016-03-22,4430.0,4370.0,4480.0,4470.0,150291.0,4344.0,1.8223,0.018058951113315104,0.018058951113315104
2016-03-23,4470.0,4415.0,4525.0,4480.0,67748.0,4396.0,0.2237,0.002234501640692818,0.002234501640692818
2016-03-24,4475.0,4330.0,4480.0,4360.0,136627.0,4414.0,-2.6786,-0.027151282643975563,-0.027151282643975563
2016-03-25,4360.0,4335.0,4450.0,4350.0,70310.0,4410.0,-0.2294,-0.002296635248945451,-0.002296635248945451
2016-03-28,4300.0,4270.0,4355.0,4300.0,119185.0,4392.0,-1.1494,-0.011560566587155222,-0.011560566587155222
2016-03-29,4300.0,4295.0,4490.0,4450.0,165309.0,4388.0,3.4884,0.03428934314151701,0.031020839739783364
2016-03-30,4450.0,4355.0,4470.0,4390.0,102369.0,4370.0,-1.3483,-0.013574721027298526,-0.013574721027298526
2016-03-31,4390.0,4320.0,4390.0,4360.0,47129.0,4370.0,-0.6834,-0.006857458717004484,-0.006857458717004484
2016-04-01,4340.0,4195.0,4385.0,4195.0,172929.0,4339.0,-3.7844,-0.03857867930113054,-0.03163102781866988
2016-04-04,4205.0,4205.0,4310.0,4300.0,84680.0,4339.0,2.503,0.024721880454746412,0.024721880454746412
2016-04-05,4295.0,4245.0,4325.0,4325.0,38575.0,4314.0,0.5814,0.005797163927099388,0.005797163927099388
2016-04-06,4335.0,4335.0,4430.0,4395.0,124155.0,4315.0,1.6185,0.016055419194707862,0.016055419194707862
2016-04-07,4390.0,4325.0,4430.0,4350.0,125603.0,4313.0,-1.0239,-0.010291779140000203,-0.010291779140000203
2016-04-08,4355.0,4295.0,4515.0,4480.0,162385.0,4370.0,2.9885,0.029447145522728025,0.029447145522728025
2016-04-11,4735.0,4535.0,4800.0,4555.0,640651.0,4421.0,1.6741,0.016602414032555465,0.016602414032555465
2016-04-12,4555.0,4465.0,4605.0,4530.0,220975.0,4462.0,-0.5488,-0.005503114395900666,-0.005503114395900666
2016-04-13,4555.0,4465.0,4605.0,4530.0,220975.0,4462.0,0.0,0.0,0.0
2016-04-14,4500.0,4400.0,4550.0,4460.0,219173.0,4475.0,-1.5453,-0.015573642072945272,-0.015573642072945272
2016-04-15,4460.0,4400.0,4475.0,4435.0,124765.0,4492.0,-0.5605,-0.005620766955959918,-0.005620766955959918
2016-04-18,4430.0,4405.0,4505.0,4490.0,180432.0,4494.0,1.2401,0.012324737440220944,0.012324737440220944
2016-04-19,4490.0,4450.0,4530.0,4480.0,99424.0,4479.0,-0.2227,-0.002229483452283881,-0.002229483452283881
2016-04-20,4465.0,4430.0,4525.0,4430.0,186666.0,4459.0,-1.1161,-0.011223751308943162,-0.011223751308943162
2016-04-21,4420.0,4320.0,4465.0,4370.0,242858.0,4441.0,-1.3544,-0.0136365566429095,-0.0136365566429095
2016-04-22,4370.0,4370.0,4430.0,4425.0,97447.0,4439.0,1.2586,0.012507454663111336,0.012507454663111336
2016-04-25,4455.0,4400.0,4455.0,4435.0,128911.0,4428.0,0.226,0.002257450041215137,0.002257450041215137
2016-04-26,4420.0,4350.0,4435.0,4390.0,99986.0,4410.0,-1.0147,-0.010198831726952795,-0.010198831726952795
2016-04-27,4420.0,4345.0,4460.0,4460.0,136068.0,4416.0,1.5945,0.015819213832732344,0.015819213832732344
2016-04-28,4450.0,4435.0,4520.0,4460.0,142264.0,4434.0,0.0,0.0,0.0
2016-04-29,4455.0,4345.0,4470.0,4420.0,133857.0,4433.0,-0.8969,-0.009009463607601804,-0.009009463607601804
2016-05-02,4420.0,4265.0,4440.0,4265.0,190491.0,4399.0,-3.5068,-0.03569764644726249,-0.03163102781866988
2016-05-03,4280.0,4270.0,4335.0,4300.0,70757.0,4381.0,0.8206,0.008172513848843729,0.008172513848843729
2016-05-04,4300.0,4135.0,4300.0,4205.0,219693.0,4330.0,-2.2093,-0.022340705493392832,-0.022340705493392832
2016-05-05,4300.0,4135.0,4300.0,4205.0,219693.0,4330.0,0.0,0.0,0.0
2016-05-06,4300.0,4135.0,4300.0,4205.0,219693.0,4330.0,0.0,0.0,0.0
2016-05-09,4215.0,4180.0,4235.0,4235.0,87953.0,4285.0,0.7134,0.007108673403952505,0.007108673403952505
2016-05-10,4245.0,4185.0,4245.0,4225.0,66775.0,4246.0,-0.2361,-0.0023637915552735386,-0.0023637915552735386
2016-05-11,4250.0,4150.0,4250.0,4170.0,86656.0,4227.0,-1.3018,-0.013103476797019915,-0.013103476797019915
2016-05-12,4170.0,4140.0,4350.0,4330.0,142151.0,4233.0,3.8369,0.03765121290110506,0.031020839739783364
2016-05-13,4360.0,4300.0,4375.0,4325.0,110765.0,4257.0,-0.1155,-0.0011556675265449593,-0.0011556675265449593
2016-05-16,4305.0,4285.0,4375.0,4295.0,113374.0,4269.0,-0.6936,-0.006960165855744419,-0.006960165855744419
2016-05-17,4255.0,4160.0,4265.0,4195.0,165670.0,4263.0,-2.3283,-0.023558331130881915,-0.023558331130881915
2016-05-18,4185.0,4150.0,4245.0,4160.0,103091.0,4261.0,-0.8343,-0.00837799761718734,-0.00837799761718734
2016-05-19,4160.0,4140.0,4240.0,4160.0,88317.0,4227.0,0.0,0.0,0.0
2016-05-20,4150.0,4110.0,4195.0,4190.0,70646.0,4200.0,0.7212,0.00718611789465967,0.00718611789465967
2016-05-23,4170.0,4160.0,4270.0,4195.0,93839.0,4180.0,0.1193,0.0011922889409727586,0.0011922889409727586
2016-05-24,4195.0,4140.0,4215.0,4145.0,89034.0,4170.0,-1.1919,-0.011990600789089761,-0.011990600789089761
2016-05-25,4150.0,4150.0,4225.0,4165.0,69661.0,4171.0,0.4825,0.004813396995529335,0.004813396995529335
2016-05-26,4165.0,4140.0,4245.0,4245.0,177904.0,4188.0,1.9208,0.019025855098519777,0.019025855098519777
2016-05-27,4310.0,4245.0,4410.0,4320.0,324890.0,4214.0,1.7668,0.01751373527047443,0.01751373527047443
2016-05-30,4455.0,4435.0,5170.0,4730.0,8191389.0,4321.0,9.4907,0.09066942815473024,0.031020839739783364
2016-05-31,4790.0,4390.0,4800.0,4450.0,1619144.0,4382.0,-5.9197,-0.061021513067348446,-0.03163102781866988
2016-06-01,4450.0,4380.0,4525.0,4440.0,572202.0,4437.0,-0.2247,-0.0022495282925923408,-0.0022495282925923408
2016-06-02,4455.0,4305.0,4520.0,4340.0,490092.0,4456.0,-2.2523,-0.022780516811201832,-0.022780516811201832
2016-06-03,4385.0,4290.0,4390.0,4350.0,288939.0,4462.0,0.2304,0.0023013498618317117,0.0023013498618317117
2016-06-06,4385.0,4290.0,4390.0,4350.0,288939.0,4462.0,0.0,0.0,0.0
2016-06-07,4330.0,4330.0,4420.0,4410.0,224755.0,4398.0,1.3793,0.013698742317340312,0.013698742317340312
2016-06-08,4440.0,4430.0,4495.0,4480.0,294131.0,4404.0,1.5873,0.015748341343139072,0.015748341343139072
2016-06-09,4480.0,4365.0,4515.0,4400.0,211859.0,4396.0,-1.7857,-0.01801836004814345,-0.01801836004814345
2016-06-10,4405.0,4395.0,4615.0,4560.0,660336.0,4440.0,3.6364,0.03571843347921072,0.031020839739783364
2016-06-13,4560.0,4375.0,4560.0,4405.0,407605.0,4451.0,-3.3991,-0.034582128042833546,-0.03163102781866988
2016-06-14,4405.0,4375.0,4440.0,4430.0,191031.0,4455.0,0.5675,0.005658957851678501,0.005658957851678501
2016-06-15,4470.0,4425.0,4535.0,4510.0,200522.0,4461.0,1.8059,0.01789787322689795,0.01789787322689795
2016-06-16,4505.0,4480.0,4675.0,4505.0,416389.0,4482.0,-0.1109,-0.001109615395524524,-0.001109615395524524
2016-06-17,4510.0,4460.0,4615.0,4505.0,299783.0,4471.0,0.0,0.0,0.0
2016-06-20,4510.0,4510.0,4625.0,4610.0,351692.0,4512.0,2.3307,0.023039539700876535,0.023039539700876535
2016-06-21,4600.0,4550.0,4630.0,4570.0,198346.0,4540.0,-0.8677,-0.008714864356295713,-0.008714864356295713
2016-06-22,4570.0,4550.0,4645.0,4565.0,194464.0,4551.0,-0.1094,-0.001094598854804652,-0.001094598854804652
2016-06-23,4555.0,4390.0,4555.0,4460.0,314620.0,4542.0,-2.3001,-0.02326965048133161,-0.02326965048133161
2016-06-24,4530.0,4110.0,4530.0,4180.0,587414.0,4477.0,-6.278,-0.06483723241400931,-0.03163102781866988
2016-06-27,4020.0,4010.0,4360.0,4350.0,355479.0,4425.0,4.067,0.039864736494952736,0.031020839739783364
2016-06-28,4315.0,4280.0,4475.0,4470.0,266440.0,4405.0,2.7586,0.02721236218258248,0.02721236218258248
2016-06-29,4640.0,4445.0,4860.0,4455.0,1197954.0,4383.0,-0.3356,-0.00336164399904505,-0.00336164399904505
2016-06-30,4490.0,4380.0,4580.0,4385.0,314365.0,4368.0,-1.5713,-0.01583775778967033,-0.01583775778967033
2016-07-01,4400.0,4375.0,4450.0,4415.0,161429.0,4415.0,0.6842,0.006818699737884964,0.006818699737884964
2016-07-04,4470.0,4440.0,4520.0,4505.0,239083.0,4446.0,2.0385,0.020180007059870646,0.020180007059870646
2016-07-05,4495.0,4465.0,4600.0,4530.0,204299.0,4458.0,0.5549,0.005533661017347852,0.005533661017347852
2016-07-06,4545.0,4420.0,4545.0,4450.0,141491.0,4457.0,-1.766,-0.017817798372974602,-0.017817798372974602
2016-07-07,4455.0,4455.0,4540.0,4535.0,156668.0,4487.0,1.9101,0.018920866110002196,0.018920866110002196
2016-07-08,4575.0,4305.0,4585.0,4405.0,210076.0,4485.0,-2.8666,-0.029084894553533885,-0.029084894553533885
2016-07-11,4405.0,4265.0,4405.0,4390.0,149487.0,4462.0,-0.3405,-0.0034108102054155216,-0.0034108102054155216
2016-07-12,4400.0,4315.0,4420.0,4315.0,153050.0,4419.0,-1.7084,-0.017231615182089204,-0.017231615182089204
2016-07-13,4330.0,4290.0,4385.0,4340.0,112666.0,4397.0,0.5794,0.0057772793372582575,0.0057772793372582575
2016-07-14,4340.0,4315.0,4460.0,4430.0,266072.0,4376.0,2.0737,0.020524915402918686,0.020524915402918686
2016-07-15,4435.0,4315.0,4475.0,4315.0,239711.0,4358.0,-2.5959,-0.026301881769696493,-0.026301881769696493
2016-07-18,4315.0,4250.0,4335.0,4335.0,157927.0,4347.0,0.4635,0.004624291464126522,0.004624291464126522
2016-07-19,4345.0,4280.0,4345.0,4300.0,52081.0,4344.0,-0.8074,-0.00810677125393557,-0.00810677125393557
2016-07-20,4295.0,4265.0,4305.0,4290.0,83403.0,4334.0,-0.2326,-0.0023287093400987907,-0.0023287093400987907
2016-07-21,4290.0,4280.0,4310.0,4305.0,41551.0,4309.0,0.3497,0.0034908997131653657,0.0034908997131653657
2016-07-22,4295.0,4250.0,4320.0,4255.0,113079.0,4297.0,-1.1614,-0.011681969273945795,-0.011681969273945795
2016-07-25,4255.0,4245.0,4275.0,4270.0,109784.0,4284.0,0.3525,0.0035188017491188666,0.0035188017491188666
2016-07-26,4270.0,4255.0,4305.0,4290.0,78533.0,4282.0,0.4684,0.004673064207538274,0.004673064207538274
2016-07-27,4335.0,4290.0,4640.0,4295.0,679743.0,4283.0,0.1166,0.0011653207499524316,0.0011653207499524316
2016-07-28,4295.0,4260.0,4340.0,4265.0,109132.0,4275.0,-0.6985,-0.007009509310873754,-0.007009509310873754
2016-07-29,4265.0,4260.0,4305.0,4260.0,39190.0,4276.0,-0.1172,-0.0011726873290855593,-0.0011726873290855593
2016-08-01,4260.0,4235.0,4325.0,4265.0,139156.0,4275.0,0.1174,0.001173311400890884,0.001173311400890884
2016-08-02,4320.0,4245.0,4320.0,4260.0,94318.0,4269.0,-0.1172,-0.0011726873290855593,-0.0011726873290855593
2016-08-03,4265.0,4210.0,4310.0,4260.0,120750.0,4262.0,0.0,0.0,0.0
2016-08-04,4280.0,4215.0,4295.0,4255.0,70401.0,4260.0,-0.1174,-0.0011746896778407074,-0.0011746896778407074
2016-08-05,4245.0,4175.0,4255.0,4180.0,146024.0,4244.0,-1.7626,-0.01778318773753008,-0.01778318773753008
2016-08-08,4180.0,4110.0,4205.0,4120.0,164450.0,4215.0,-1.4354,-0.014458015214067163,-0.014458015214067163
2016-08-09,4100.0,4100.0,4160.0,4155.0,80288.0,4194.0,0.8495,0.008459120541633856,0.008459120541633856
2016-08-10,4170.0,4125.0,4495.0,4280.0,535917.0,4198.0,3.0084,0.02964035231430508,0.02964035231430508
2016-08-11,4225.0,4195.0,4310.0,4260.0,113421.0,4199.0,-0.4673,-0.004683952598816719,-0.004683952598816719
2016-08-12,4265.0,4250.0,4465.0,4465.0,236666.0,4256.0,4.8122,0.04699999133721494,0.031020839739783364
2016-08-15,4265.0,4250.0,4465.0,4465.0,236666.0,4256.0,0.0,0.0,0.0
2016-08-16,4400.0,4295.0,4400.0,4305.0,233052.0,4293.0,-3.5834,-0.036491800026042256,-0.03163102781866988
2016-08-17,4295.0,4180.0,4295.0,4180.0,135521.0,4298.0,-2.9036,-0.02946588655834014,-0.02946588655834014
2016-08-18,4155.0,4155.0,4290.0,4245.0,110598.0,4291.0,1.555,0.015430337655357593,0.015430337655357593
2016-08-19,4240.0,4155.0,4250.0,4165.0,106070.0,4272.0,-1.8846,-0.019025849066519933,-0.019025849066519933
2016-08-22,4170.0,4110.0,4210.0,4125.0,84417.0,4204.0,-0.9604,-0.009650415832174452,-0.009650415832174452
2016-08-23,4130.0,4105.0,4170.0,4125.0,85634.0,4168.0,0.0,0.0,0.0
2016-08-24,4130.0,4115.0,4175.0,4115.0,91523.0,4155.0,-0.2424,-0.0024269426442749473,-0.0024269426442749473
2016-08-25,4115.0,4090.0,4145.0,4110.0,76204.0,4128.0,-0.1215,-0.0012157387109164313,-0.0012157387109164313
2016-08-26,4110.0,4100.0,4155.0,4110.0,48802.0,4117.0,0.0,0.0,0.0
2016-08-29,4100.0,3940.0,4115.0,3965.0,152691.0,4085.0,-3.528,-0.03591737518679993,-0.03163102781866988
2016-08-30,3960.0,3940.0,4035.0,3945.0,68529.0,4049.0,-0.5044,-0.005056763906853882,-0.005056763906853882
2016-08-31,3910.0,3880.0,3970.0,3950.0,64671.0,4016.0,0.1267,0.0012661980328233756,0.0012661980328233756
2016-09-01,3910.0,3910.0,3990.0,3940.0,45043.0,3982.0,-0.2532,-0.0025352109332003993,-0.0025352109332003993
2016-09-02,3940.0,3930.0,4020.0,4020.0,61812.0,3964.0,2.0305,0.020101602206569983,0.020101602206569983
2016-09-05,4025.0,3980.0,4060.0,4010.0,67033.0,3973.0,-0.2488,-0.0024911002152913806,-0.0024911002152913806
2016-09-06,4050.0,3970.0,4050.0,4015.0,35519.0,3987.0,0.1247,0.001246223141261495,0.001246223141261495
2016-09-07,4000.0,3945.0,4065.0,3975.0,72953.0,3992.0,-0.9963,-0.010012962814508369,-0.010012962814508369
2016-09-08,3920.0,3875.0,3995.0,3895.0,176573.0,3983.0,-2.0126,-0.0203312870121055,-0.0203312870121055
2016-09-09,3850.0,3850.0,3940.0,3870.0,50938.0,3953.0,-0.6418,-0.0064386839090474135,-0.0064386839090474135
2016-09-12,3780.0,3760.0,3895.0,3850.0,106661.0,3921.0,-0.5168,-0.005181400300439954,-0.005181400300439954
2016-09-13,3860.0,3850.0,3940.0,3850.0,69342.0,3888.0,0.0,0.0,0.0
2016-09-14,3860.0,3850.0,3940.0,3850.0,69342.0,3888.0,0.0,0.0,0.0
2016-09-15,3860.0,3850.0,3940.0,3850.0,69342.0,3888.0,0.0,0.0,0.0
2016-09-16,3860.0,3850.0,3940.0,3850.0,69342.0,3888.0,0.0,0.0,0.0
2016-09-19,3890.0,3800.0,3890.0,3820.0,104767.0,3857.0,-0.7792,-0.007822516257147222,-0.007822516257147222
2016-09-20,3805.0,3805.0,3890.0,3860.0,55485.0,3850.0,1.0471,0.0104165587856963,0.0104165587856963
2016-09-21,3860.0,3850.0,4045.0,4015.0,137734.0,3879.0,4.0155,0.039369740509691574,0.031020839739783364
2016-09-22,4015.0,4015.0,4100.0,4025.0,59169.0,3914.0,0.2491,0.002487902602178996,0.002487902602178996
2016-09-23,4020.0,4020.0,4280.0,4125.0,402398.0,3969.0,2.4845,0.024541381643353156,0.024541381643353156
2016-09-26,4170.0,4070.0,4350.0,4225.0,479447.0,4050.0,2.4242,0.023952826821223742,0.023952826821223742
2016-09-27,4240.0,4125.0,4245.0,4165.0,131963.0,4111.0,-1.4201,-0.014302799115918715,-0.014302799115918715
2016-09-28,4160.0,4120.0,4200.0,4120.0,53397.0,4132.0,-1.0804,-0.010862787014705472,-0.010862787014705472
2016-09-29,4125.0,4125.0,4205.0,4155.0,49003.0,4158.0,0.8495,0.008459120541633856,0.008459120541633856
2016-09-30,4155.0,4070.0,4175.0,4140.0,80445.0,4161.0,-0.361,-0.0036165317745422343,-0.0036165317745422343
2016-10-03,4155.0,4070.0,4175.0,4140.0,80445.0,4161.0,0.0,0.0,0.0
2016-10-04,4410.0,4250.0,4745.0,4250.0,2899661.0,4166.0,2.657,0.026223148040277793,0.026223148040277793
2016-10-05,4400.0,4315.0,4780.0,4665.0,6148415.0,4266.0,9.7647,0.09316879777241223,0.031020839739783364
2016-10-06,4625.0,4490.0,4665.0,4545.0,1275155.0,4351.0,-2.5723,-0.026059621521467877,-0.026059621521467877
2016-10-07,4505.0,4410.0,4565.0,4510.0,648099.0,4422.0,-0.7701,-0.007730805822199051,-0.007730805822199051
2016-10-10,4570.0,4325.0,4830.0,4350.0,2865562.0,4464.0,-3.5477,-0.03612160036805984,-0.03163102781866988
2016-10-11,4350.0,4275.0,4445.0,4385.0,434712.0,4491.0,0.8046,0.008013803528570479,0.008013803528570479
2016-10-12,4315.0,4245.0,4380.0,4280.0,366302.0,4414.0,-2.3945,-0.024236341697768338,-0.024236341697768338
2016-10-13,4260.0,4235.0,4435.0,4300.0,418257.0,4365.0,0.4673,0.004662115431387403,0.004662115431387403
2016-10-14,4280.0,4265.0,4385.0,4370.0,156808.0,4337.0,1.6279,0.016147917758094037,0.016147917758094037
2016-10-17,4380.0,4335.0,4485.0,4420.0,316729.0,4351.0,1.1442,0.011377035398336824,0.011377035398336824
2016-10-18,4420.0,4355.0,4500.0,4410.0,383547.0,4356.0,-0.2262,-0.00226456218650644,-0.00226456218650644
2016-10-19,4410.0,4395.0,4460.0,4435.0,268177.0,4387.0,0.5669,0.005652991691737497,0.005652991691737497
2016-10-20,4440.0,4350.0,4570.0,4370.0,480784.0,4401.0,-1.4656,-0.014764460200965512,-0.014764460200965512
2016-10-21,4375.0,4310.0,4450.0,4310.0,139766.0,4389.0,-1.373,-0.0138251281936988,-0.0138251281936988
2016-10-24,4315.0,4315.0,4585.0,4495.0,488651.0,4404.0,4.2923,0.04202734779004313,0.031020839739783364
2016-10-25,4425.0,4325.0,4505.0,4400.0,256878.0,4402.0,-2.1135,-0.021361541772181424,-0.021361541772181424
2016-10-26,4320.0,4190.0,4460.0,4245.0,460675.0,4364.0,-3.5227,-0.03586243847543244,-0.03163102781866988
2016-10-27,4245.0,4220.0,4340.0,4270.0,147213.0,4344.0,0.5889,0.0058717276176986416,0.0058717276176986416
2016-10-28,4325.0,4190.0,4325.0,4195.0,144415.0,4321.0,-1.7564,-0.017720077309528813,-0.017720077309528813
2016-10-31,4175.0,4050.0,4175.0,4050.0,265475.0,4232.0,-3.4565,-0.03517650201059916,-0.03163102781866988
2016-11-01,4020.0,4020.0,4175.0,4110.0,114012.0,4174.0,1.4815,0.014706329871430664,0.014706329871430664
2016-11-02,4115.0,3915.0,4120.0,3925.0,350721.0,4110.0,-4.5012,-0.046056504025378905,-0.03163102781866988
2016-11-03,3850.0,3840.0,4025.0,3990.0,293291.0,4054.0,1.6561,0.01642536212342435,0.01642536212342435
2016-11-04,3940.0,3850.0,3995.0,3960.0,160742.0,4007.0,-0.7519,-0.00754741018085843,-0.00754741018085843
2016-11-07,3955.0,3955.0,4080.0,4080.0,116495.0,4013.0,3.0303,0.029852933737915987,0.029852933737915987
2016-11-08,4100.0,4040.0,4100.0,4070.0,73789.0,4005.0,-0.2451,-0.0024540086175865415,-0.0024540086175865415
2016-11-09,4100.0,3830.0,4100.0,4000.0,544068.0,4020.0,-1.7199,-0.017348620834613117,-0.017348620834613117
2016-11-10,4010.0,4010.0,4205.0,4165.0,184243.0,4055.0,4.125,0.040421914498915405,0.031020839739783364
2016-11-11,4195.0,4115.0,4210.0,4130.0,100866.0,4089.0,-0.8403,-0.00843850423915141,-0.00843850423915141
2016-11-14,4120.0,4110.0,4295.0,4260.0,269466.0,4125.0,3.1477,0.03099175565575548,0.03099175565575548
2016-11-15,4215.0,4215.0,4310.0,4280.0,155494.0,4167.0,0.4695,0.004684012863814759,0.004684012863814759
2016-11-16,4315.0,4240.0,4320.0,4275.0,185578.0,4222.0,-0.1168,-0.001168682643603536,-0.001168682643603536
2016-11-17,4265.0,4195.0,4265.0,4240.0,127844.0,4237.0,-0.8187,-0.008220697531658737,-0.008220697531658737
2016-11-18,4245.0,4110.0,4255.0,4115.0,206219.0,4234.0,-2.9481,-0.029924299027357687,-0.029924299027357687
2016-11-21,4120.0,4040.0,4145.0,4080.0,128826.0,4198.0,-0.8505,-0.0085413738993486,-0.0085413738993486
2016-11-22,4090.0,4035.0,4120.0,4075.0,79071.0,4157.0,-0.1225,-0.0012257509258187611,-0.0012257509258187611
2016-11-23,4025.0,4025.0,4075.0,4035.0,209046.0,4109.0,-0.9816,-0.009864494537210106,-0.009864494537210106
2016-11-24,4035.0,3995.0,4090.0,4005.0,150725.0,4062.0,-0.7435,-0.007462777381366405,-0.007462777381366405
2016-11-25,3990.0,3990.0,4125.0,4090.0,71157.0,4057.0,2.1223,0.021000928654086023,0.021000928654086023
2016-11-28,4105.0,4040.0,4200.0,4055.0,52776.0,4052.0,-0.8557,-0.00859382132837762,-0.00859382132837762
2016-11-29,4055.0,4020.0,4070.0,4040.0,52348.0,4045.0,-0.3699,-0.0037058582180893623,-0.0037058582180893623
2016-11-30,4040.0,4030.0,4150.0,4125.0,125297.0,4063.0,2.104,0.02082171569229821,0.02082171569229821
2016-12-01,4115.0,4055.0,4155.0,4150.0,124488.0,4092.0,0.6061,0.006042706022151114,0.006042706022151114
2016-12-02,4150.0,4055.0,4150.0,4055.0,90548.0,4085.0,-2.2892,-0.0231580905717534,-0.0231580905717534
2016-12-05,4050.0,3960.0,4055.0,3980.0,120362.0,4070.0,-1.8496,-0.01866918987912178,-0.01866918987912178
2016-12-06,3990.0,3980.0,4075.0,4020.0,99537.0,4066.0,1.005,0.009999834578333405,0.009999834578333405
2016-12-07,3985.0,3985.0,4045.0,3995.0,70141.0,4040.0,-0.6219,-0.0062384185315948245,-0.0062384185315948245
2016-12-08,4045.0,4005.0,4080.0,4040.0,79040.0,4018.0,1.1264,0.011201033546896725,0.011201033546896725
2016-12-09,4030.0,4015.0,4200.0,4090.0,183032.0,4025.0,1.2376,0.012300043362797667,0.012300043362797667
2016-12-12,4130.0,4080.0,4190.0,4120.0,67754.0,4053.0,0.7335,0.007308229714491062,0.007308229714491062
2016-12-13,4105.0,4105.0,4180.0,4180.0,92979.0,4085.0,1.4563,0.014457977912066591,0.014457977912066591
2016-12-14,4200.0,4185.0,4290.0,4230.0,147817.0,4132.0,1.1962,0.01189102075316257,0.01189102075316257
2016-12-15,4250.0,4215.0,4325.0,4300.0,194276.0,4184.0,1.6548,0.016412573827272774,0.016412573827272774
2016-12-16,4340.0,4260.0,4340.0,4295.0,101011.0,4225.0,-0.1163,-0.0011636768093037275,-0.0011636768093037275
2016-12-19,4325.0,4240.0,4325.0,4290.0,87089.0,4259.0,-0.1164,-0.0011646779741590655,-0.0011646779741590655
2016-12-20,4290.0,4270.0,4375.0,4315.0,144862.0,4286.0,0.5828,0.00581108290473078,0.00581108290473078
2016-12-21,4330.0,4245.0,4335.0,4295.0,117759.0,4299.0,-0.4635,-0.004645774919894305,-0.004645774919894305
2016-12-22,4300.0,4265.0,4330.0,4270.0,151245.0,4293.0,-0.5821,-0.005838008055209411,-0.005838008055209411
2016-12-23,4270.0,4230.0,4285.0,4265.0,47031.0,4287.0,-0.1171,-0.0011716861562116197,-0.0011716861562116197
2016-12-26,4230.0,4230.0,4335.0,4280.0,101994.0,4285.0,0.3517,0.0035108298182872743,0.0035108298182872743
2016-12-27,4300.0,4270.0,4540.0,4290.0,957989.0,4280.0,0.2336,0.0023332757936723693,0.0023332757936723693
2016-12-28,4345.0,4270.0,4390.0,4300.0,167791.0,4281.0,0.2331,0.0023282874340098208,0.0023282874340098208
2016-12-29,4285.0,4245.0,4315.0,4295.0,201280.0,4286.0,-0.1163,-0.0011636768093037275,-0.0011636768093037275
2016-12-30,4285.0,4245.0,4315.0,4295.0,201280.0,4286.0,0.0,0.0,0.0
2017-01-02,4305.0,4270.0,4345.0,4275.0,86025.0,4288.0,-0.4657,-0.004667877608988812,-0.004667877608988812
2017-01-03,4260.0,4235.0,4360.0,4325.0,227218.0,4297.0,1.1696,0.01162813048066389,0.01162813048066389
2017-01-04,4325.0,4310.0,4400.0,4355.0,144110.0,4310.0,0.6936,0.006912056602512853,0.006912056602512853
2017-01-05,4355.0,4335.0,4440.0,4360.0,193294.0,4322.0,0.1148,0.0011473415518840383,0.0011473415518840383
2017-01-06,4375.0,4345.0,4535.0,4400.0,404594.0,4343.0,0.9174,0.009132174472315683,0.009132174472315683
2017-01-09,4380.0,4375.0,4465.0,4405.0,137147.0,4369.0,0.1136,0.0011353552402518776,0.0011353552402518776
2017-01-10,4400.0,4390.0,4490.0,4425.0,189245.0,4389.0,0.454,0.004529725286396107,0.004529725286396107
2017-01-11,4430.0,4300.0,4430.0,4300.0,225845.0,4378.0,-2.8249,-0.028655680179070785,-0.028655680179070785
2017-01-12,4305.0,4245.0,4330.0,4285.0,147890.0,4363.0,-0.3488,-0.0034940972542774587,-0.0034940972542774587
2017-01-13,4280.0,4275.0,4400.0,4400.0,174024.0,4363.0,2.6838,0.026484177510818132,0.026484177510818132
2017-01-16,4435.0,4310.0,4435.0,4325.0,192532.0,4347.0,-1.7045,-0.017191938112734065,-0.017191938112734065
2017-01-17,4290.0,4290.0,4430.0,4375.0,153471.0,4337.0,1.1561,0.011494682282832036,0.011494682282832036
2017-01-18,4380.0,4350.0,4420.0,4420.0,303916.0,4361.0,1.0286,0.010233459085418898,0.010233459085418898
2017-01-19,4730.0,4375.0,4750.0,4380.0,1064962.0,4380.0,-0.905,-0.009091200011780345,-0.009091200011780345
2017-01-20,4380.0,4300.0,4410.0,4320.0,204057.0,4364.0,-1.3699,-0.013793697132406147,-0.013793697132406147
2017-01-23,4310.0,4245.0,4365.0,4250.0,131945.0,4349.0,-1.6204,-0.01633672049620942,-0.01633672049620942
2017-01-24,4290.0,4205.0,4290.0,4215.0,110002.0,4317.0,-0.8235,-0.008269094922645548,-0.008269094922645548
2017-01-25,4220.0,4175.0,4265.0,4215.0,134308.0,4276.0,0.0,0.0,0.0
2017-01-26,4215.0,4205.0,4310.0,4290.0,72508.0,4258.0,1.7794,0.01763754008742607,0.01763754008742607
2017-01-27,4215.0,4205.0,4310.0,4290.0,72508.0,4258.0,0.0,0.0,0.0
2017-01-30,4215.0,4205.0,4310.0,4290.0,72508.0,4258.0,0.0,0.0,0.0
2017-01-31,4260.0,4260.0,4380.0,4380.0,82732.0,4270.0,2.0979,0.02076197090048382,0.02076197090048382
2017-02-01,4380.0,4310.0,4390.0,4380.0,55940.0,4296.0,0.0,0.0,0.0
2017-02-02,4345.0,4335.0,4420.0,4340.0,166945.0,4321.0,-0.9132,-0.00917395231299753,-0.00917395231299753
2017-02-03,4365.0,4305.0,4550.0,4515.0,372638.0,4381.0,4.0323,0.039531241857329306,0.031020839739783364
2017-02-06,4520.0,4500.0,4630.0,4540.0,350083.0,4431.0,0.5537,0.005521727166681829,0.005521727166681829
2017-02-07,4515.0,4400.0,4580.0,4455.0,159619.0,4446.0,-1.8722,-0.018899475260788022,-0.018899475260788022
2017-02-08,4455.0,4420.0,4700.0,4670.0,751695.0,4504.0,4.826,0.04713164673227109,0.031020839739783364
2017-02-09,4730.0,4565.0,4780.0,4660.0,674622.0,4568.0,-0.2141,-0.0021432952171250266,-0.0021432952171250266
2017-02-10,4710.0,4605.0,4720.0,4620.0,281651.0,4589.0,-0.8584,-0.008621054732267324,-0.008621054732267324
2017-02-13,4680.0,4570.0,4790.0,4760.0,499886.0,4633.0,3.0303,0.029852933737915987,0.029852933737915987
2017-02-14,4760.0,4605.0,4770.0,4620.0,251509.0,4666.0,-2.9412,-0.029853205573952955,-0.029853205573952955
2017-02-15,4630.0,4620.0,4845.0,4790.0,481333.0,4690.0,3.6797,0.036136153093168415,0.031020839739783364
2017-02-16,4785.0,4695.0,4860.0,4810.0,550558.0,4720.0,0.4175,0.0041663088694159755,0.0041663088694159755
2017-02-17,4800.0,4695.0,4810.0,4780.0,487970.0,4752.0,-0.6237,-0.006256531338154644,-0.006256531338154644
2017-02-20,4820.0,4700.0,4970.0,4720.0,631219.0,4744.0,-1.2552,-0.012631441821201381,-0.012631441821201381
2017-02-21,4700.0,4625.0,4735.0,4720.0,262883.0,4764.0,0.0,0.0,0.0
2017-02-22,4720.0,4615.0,4720.0,4650.0,166574.0,4736.0,-1.4831,-0.014942078923054752,-0.014942078923054752
2017-02-23,4615.0,4585.0,4690.0,4690.0,187432.0,4712.0,0.8602,0.00856521360518057,0.00856521360518057
2017-02-24,4680.0,4590.0,4695.0,4675.0,184712.0,4691.0,-0.3198,-0.003203124530415502,-0.003203124530415502
2017-02-27,4675.0,4535.0,4675.0,4595.0,176043.0,4666.0,-1.7112,-0.01726010225404747,-0.01726010225404747
2017-02-28,4520.0,4490.0,4615.0,4590.0,195073.0,4640.0,-0.1088,-0.001088592301655086,-0.001088592301655086
2017-03-01,4520.0,4490.0,4615.0,4590.0,195073.0,4640.0,0.0,0.0,0.0
2017-03-02,4600.0,4505.0,4610.0,4530.0,181763.0,4616.0,-1.3072,-0.013158190537781621,-0.013158190537781621
2017-03-03,4505.0,4400.0,4520.0,4450.0,188581.0,4568.0,-1.766,-0.017817798372974602,-0.017817798372974602
2017-03-06,4450.0,4370.0,4505.0,4500.0,91868.0,4533.0,1.1236,0.011173345042568708,0.011173345042568708
2017-03-07,4495.0,4450.0,4520.0,4500.0,55561.0,4514.0,0.0,0.0,0.0
2017-03-08,4500.0,4450.0,4510.0,4500.0,94347.0,4496.0,0.0,0.0,0.0
2017-03-09,4480.0,4470.0,4520.0,4490.0,139749.0,4488.0,-0.2222,-0.002224472304986675,-0.002224472304986675
2017-03-10,4560.0,4455.0,4560.0,4550.0,236155.0,4508.0,1.3363,0.013274502637267156,0.013274502637267156
2017-03-13,4530.0,4485.0,4600.0,4545.0,205245.0,4517.0,-0.1099,-0.001099604343322744,-0.001099604343322744
2017-03-14,4505.0,4480.0,4540.0,4480.0,136541.0,4513.0,-1.4301,-0.014404244818715014,-0.014404244818715014
2017-03-15,4485.0,4330.0,4515.0,4370.0,671700.0,4487.0,-2.4554,-0.02486047667875923,-0.02486047667875923
2017-03-16,4390.0,4375.0,4730.0,4440.0,2239263.0,4477.0,1.6018,0.015891065534787346,0.015891065534787346
2017-03-17,4460.0,4375.0,4460.0,4430.0,191785.0,4453.0,-0.2252,-0.0022545395654506788,-0.0022545395654506788
2017-03-20,4430.0,4355.0,4430.0,4365.0,212281.0,4417.0,-1.4673,-0.014781713207682987,-0.014781713207682987
2017-03-21,4420.0,4420.0,4570.0,4545.0,896380.0,4430.0,4.1237,0.04040942942697958,0.031020839739783364
2017-03-22,4550.0,4465.0,4590.0,4465.0,410667.0,4449.0,-1.7602,-0.017758757421950242,-0.017758757421950242
2017-03-23,4470.0,4455.0,4590.0,4465.0,273064.0,4454.0,0.0,0.0,0.0
2017-03-24,4495.0,4495.0,4680.0,4540.0,904195.0,4476.0,1.6797,0.016657490456024524,0.016657490456024524
2017-03-27,4540.0,4495.0,4575.0,4540.0,288451.0,4511.0,0.0,0.0,0.0
2017-03-28,4560.0,4550.0,4630.0,4590.0,332766.0,4520.0,1.1013,0.010952798511549046,0.010952798511549046
2017-03-29,4590.0,4550.0,4610.0,4605.0,210531.0,4548.0,0.3268,0.003262671693448012,0.003262671693448012
2017-03-30,4595.0,4500.0,4610.0,4570.0,247068.0,4569.0,-0.76,-0.007629027164491163,-0.007629027164491163
2017-03-31,4570.0,4505.0,4580.0,4580.0,176592.0,4577.0,0.2188,0.002185609813849981,0.002185609813849981
2017-04-03,4580.0,4535.0,4645.0,4625.0,253740.0,4594.0,0.9825,0.009777048513917981,0.009777048513917981
2017-04-04,4630.0,4575.0,4680.0,4575.0,250987.0,4591.0,-1.0811,-0.010869863493752784,-0.010869863493752784
2017-04-05,4575.0,4540.0,4620.0,4595.0,180049.0,4589.0,0.4372,0.004362470573007384,0.004362470573007384
2017-04-06,4555.0,4510.0,4590.0,4580.0,197698.0,4591.0,-0.3264,-0.003269338467670898,-0.003269338467670898
2017-04-07,4550.0,4545.0,4605.0,4600.0,116256.0,4595.0,0.4367,0.0043574923254599985,0.0043574923254599985
2017-04-10,4585.0,4470.0,4605.0,4490.0,340231.0,4568.0,-2.3913,-0.0242035571974575,-0.0242035571974575
2017-04-11,4455.0,4410.0,4540.0,4490.0,176691.0,4551.0,0.0,0.0,0.0
2017-04-12,4470.0,4460.0,4515.0,4510.0,95065.0,4534.0,0.4454,0.00444411029695108,0.00444411029695108
2017-04-13,4480.0,4480.0,4630.0,4620.0,236848.0,4542.0,2.439,0.024097313483793976,0.024097313483793976
2017-04-14,4615.0,4585.0,4650.0,4590.0,124312.0,4540.0,-0.6494,-0.00651517775334321,-0.00651517775334321
2017-04-17,4600.0,4580.0,4660.0,4650.0,129033.0,4572.0,1.3072,0.012987298752612255,0.012987298752612255
2017-04-18,4645.0,4585.0,4660.0,4605.0,259708.0,4595.0,-0.9677,-0.00972412643931575,-0.00972412643931575
2017-04-19,4630.0,4610.0,4695.0,4680.0,253578.0,4629.0,1.6287,0.016155789581198475,0.016155789581198475
2017-04-20,4675.0,4615.0,4680.0,4665.0,115389.0,4638.0,-0.3205,-0.0032101470128931622,-0.0032101470128931622
2017-04-21,4665.0,4620.0,4695.0,4625.0,137562.0,4645.0,-0.8574,-0.008610968199906047,-0.008610968199906047
2017-04-24,4630.0,4535.0,4640.0,4555.0,218791.0,4626.0,-1.5135,-0.015250703040621191,-0.015250703040621191
2017-04-25,4565.0,4540.0,4660.0,4645.0,113805.0,4634.0,1.9759,0.019566324869156375,0.019566324869156375
2017-04-26,4645.0,4635.0,4725.0,4695.0,269989.0,4637.0,1.0764,0.010706480543485407,0.010706480543485407
2017-04-27,4695.0,4630.0,4770.0,4680.0,312645.0,4640.0,-0.3195,-0.0032001149101642803,-0.0032001149101642803
2017-04-28,4680.0,4625.0,4725.0,4650.0,76351.0,4645.0,-0.641,-0.006430632265807622,-0.006430632265807622
2017-05-01,4680.0,4625.0,4725.0,4650.0,76351.0,4645.0,0.0,0.0,0.0
2017-05-02,4650.0,4640.0,4730.0,4725.0,165847.0,4679.0,1.6129,0.016000309600408942,0.016000309600408942
2017-05-03,4650.0,4640.0,4730.0,4725.0,165847.0,4679.0,0.0,0.0,0.0
2017-05-04,4730.0,4680.0,4770.0,4745.0,122605.0,4699.0,0.4233,0.004224066058210299,0.004224066058210299
2017-05-05,4730.0,4680.0,4770.0,4745.0,122605.0,4699.0,0.0,0.0,0.0
2017-05-08,4745.0,4720.0,4770.0,4750.0,70911.0,4710.0,0.1054,0.001053444931993658,0.001053444931993658
2017-05-09,4745.0,4720.0,4770.0,4750.0,70911.0,4710.0,0.0,0.0,0.0
2017-05-10,4780.0,4700.0,4785.0,4720.0,117837.0,4718.0,-0.6316,-0.0063360303135150415,-0.0063360303135150415
2017-05-11,4720.0,4700.0,4755.0,4730.0,135166.0,4734.0,0.2119,0.002116758086018511,0.002116758086018511
2017-05-12,4750.0,4675.0,4750.0,4690.0,81409.0,4727.0,-0.8457,-0.008492963329294662,-0.008492963329294662
2017-05-15,4690.0,4680.0,4805.0,4785.0,272167.0,4735.0,2.0256,0.02005357619802686,0.02005357619802686
2017-05-16,4790.0,4660.0,4800.0,4685.0,155289.0,4722.0,-2.0899,-0.021120475276498758,-0.021120475276498758
2017-05-17,4675.0,4660.0,4810.0,4785.0,259549.0,4735.0,2.1345,0.02112038612149473,0.02112038612149473
2017-05-18,4720.0,4720.0,4920.0,4910.0,328964.0,4771.0,2.6123,0.02578762260411588,0.02578762260411588
2017-05-19,4875.0,4870.0,4990.0,4985.0,255536.0,4830.0,1.5275,0.015159511757822467,0.015159511757822467
2017-05-22,5000.0,4970.0,5080.0,4970.0,270747.0,4867.0,-0.3009,-0.0030135361422868358,-0.0030135361422868358
2017-05-23,4960.0,4960.0,5110.0,5090.0,335451.0,4948.0,2.4145,0.02385811815526119,0.02385811815526119
2017-05-24,5090.0,5050.0,5130.0,5100.0,155843.0,5011.0,0.1965,0.0019630719128809547,0.0019630719128809547
2017-05-25,5130.0,5080.0,5220.0,5200.0,404036.0,5069.0,1.9608,0.019418239703243665,0.019418239703243665
2017-05-26,5160.0,5130.0,5280.0,5250.0,267101.0,5122.0,0.9615,0.009569070063697121,0.009569070063697121
2017-05-29,5200.0,5020.0,5280.0,5140.0,291623.0,5156.0,-2.0952,-0.021174608031475944,-0.021174608031475944
2017-05-30,5080.0,5060.0,5190.0,5150.0,217362.0,5168.0,0.1946,0.001944108994866571,0.001944108994866571
2017-05-31,5180.0,5090.0,5220.0,5190.0,318981.0,5186.0,0.7767,0.0077369921360638935,0.0077369921360638935
2017-06-01,5220.0,5080.0,5220.0,5110.0,101859.0,5168.0,-1.5414,-0.01553403073129886,-0.01553403073129886
2017-06-02,5110.0,5040.0,5150.0,5080.0,205889.0,5134.0,-0.5871,-0.005888302074054112,-0.005888302074054112
2017-06-05,5080.0,4810.0,5090.0,4900.0,497767.0,5086.0,-3.5433,-0.03607598300442459,-0.03163102781866988
2017-06-06,5080.0,4810.0,5090.0,4900.0,497767.0,5086.0,0.0,0.0,0.0
2017-06-07,4890.0,4885.0,4965.0,4955.0,173292.0,5047.0,1.1224,0.011161478306019889,0.011161478306019889
2017-06-08,4950.0,4790.0,4970.0,4800.0,305144.0,4969.0,-3.1282,-0.0317817311182219,-0.03163102781866988
2017-06-09,4800.0,4725.0,4825.0,4825.0,176079.0,4912.0,0.5208,0.005194485270831507,0.005194485270831507
2017-06-12,4820.0,4725.0,4820.0,4735.0,186220.0,4843.0,-1.8653,-0.018829161268019753,-0.018829161268019753
2017-06-13,4730.0,4730.0,4820.0,4770.0,132822.0,4817.0,0.7392,0.007364813063019356,0.007364813063019356
2017-06-14,4800.0,4770.0,4850.0,4805.0,175036.0,4787.0,0.7338,0.00731120786528772,0.00731120786528772
2017-06-15,4840.0,4645.0,4840.0,4675.0,263481.0,4762.0,-2.7055,-0.027427724601403667,-0.027427724601403667
2017-06-16,4705.0,4645.0,4735.0,4710.0,184392.0,4739.0,0.7487,0.007459111529647231,0.007459111529647231
2017-06-19,4700.0,4550.0,4700.0,4580.0,243270.0,4708.0,-2.7601,-0.027989064924078853,-0.027989064924078853
2017-06-20,4580.0,4475.0,4585.0,4495.0,144734.0,4653.0,-1.8559,-0.018733379145781485,-0.018733379145781485
2017-06-21,4495.0,4425.0,4540.0,4460.0,142343.0,4584.0,-0.7786,-0.007816469156278476,-0.007816469156278476
2017-06-22,4490.0,4385.0,4500.0,4385.0,148780.0,4526.0,-1.6816,-0.01695899425572758,-0.01695899425572758
2017-06-23,4390.0,4355.0,4500.0,4500.0,136754.0,4484.0,2.6226,0.02588799539654705,0.02588799539654705
2017-06-26,4505.0,4435.0,4515.0,4490.0,155001.0,4466.0,-0.2222,-0.002224472304986675,-0.002224472304986675
2017-06-27,4480.0,4410.0,4505.0,4440.0,143619.0,4455.0,-1.1136,-0.011198469454184106,-0.011198469454184106
2017-06-28,4410.0,4390.0,4485.0,4450.0,127881.0,4453.0,0.2252,0.002249468048590448,0.002249468048590448
2017-06-29,4460.0,4430.0,4500.0,4480.0,146698.0,4472.0,0.6742,0.006719374355797898,0.006719374355797898
2017-06-30,4480.0,4385.0,4480.0,4420.0,131580.0,4456.0,-1.3393,-0.013483495133677597,-0.013483495133677597
2017-07-03,4425.0,4380.0,4425.0,4410.0,171092.0,4440.0,-0.2262,-0.00226456218650644,-0.00226456218650644
2017-07-04,4435.0,4385.0,4460.0,4390.0,94584.0,4430.0,-0.4535,-0.0045453143079042385,-0.0045453143079042385
2017-07-05,4390.0,4330.0,4430.0,4360.0,162115.0,4412.0,-0.6834,-0.006857458717004484,-0.006857458717004484
2017-07-06,4390.0,4370.0,4425.0,4410.0,93324.0,4398.0,1.1468,0.0114027409413432,0.0114027409413432
2017-07-07,4410.0,4390.0,4495.0,4475.0,184529.0,4409.0,1.4739,0.014631436569714633,0.014631436569714633
2017-07-10,4490.0,4415.0,4520.0,4430.0,105474.0,4413.0,-1.0056,-0.010106903109964135,-0.010106903109964135
2017-07-11,4435.0,4415.0,4550.0,4530.0,153691.0,4441.0,2.2573,0.02232200002944666,0.02232200002944666
2017-07-12,4535.0,4450.0,4540.0,4465.0,100645.0,4462.0,-1.4349,-0.014452942411744586,-0.014452942411744586
2017-07-13,4460.0,4430.0,4515.0,4445.0,71816.0,4469.0,-0.4479,-0.004489060773208653,-0.004489060773208653
2017-07-14,4445.0,4430.0,4515.0,4435.0,43732.0,4461.0,-0.225,-0.002252535053293755,-0.002252535053293755
2017-07-17,4435.0,4430.0,4480.0,4480.0,71729.0,4471.0,1.0147,0.010095864817042359,0.010095864817042359
2017-07-18,4500.0,4425.0,4500.0,4435.0,63905.0,4452.0,-1.0045,-0.010095791432045115,-0.010095791432045115
2017-07-19,4455.0,4430.0,4530.0,4530.0,115831.0,4465.0,2.1421,0.021194795035716946,0.021194795035716946
2017-07-20,4540.0,4480.0,4540.0,4505.0,135734.0,4477.0,-0.5519,-0.005534285948543148,-0.005534285948543148
2017-07-21,4550.0,4520.0,4630.0,4615.0,217764.0,4513.0,2.4417,0.024123670285583078,0.024123670285583078
2017-07-24,4605.0,4550.0,4620.0,4555.0,89076.0,4528.0,-1.3001,-0.013086252720394705,-0.013086252720394705
2017-07-25,4595.0,4420.0,4600.0,4420.0,211154.0,4525.0,-2.9638,-0.03008608122868019,-0.03008608122868019
2017-07-26,4430.0,4370.0,4450.0,4395.0,104707.0,4498.0,-0.5656,-0.005672055737455332,-0.005672055737455332
2017-07-27,4405.0,4300.0,4410.0,4310.0,124893.0,4459.0,-1.934,-0.019529464608504073,-0.019529464608504073
2017-07-28,4275.0,4240.0,4365.0,4260.0,107784.0,4388.0,-1.1601,-0.011668816604333037,-0.011668816604333037
2017-07-31,4240.0,4170.0,4310.0,4235.0,79375.0,4324.0,-0.5869,-0.005886290264733452,-0.005886290264733452
2017-08-01,4235.0,4200.0,4280.0,4220.0,75235.0,4284.0,-0.3542,-0.003548287733826286,-0.003548287733826286
2017-08-02,4230.0,4190.0,4420.0,4385.0,262739.0,4282.0,3.91,0.038354953876463906,0.031020839739783364
2017-08-03,4370.0,4330.0,4395.0,4380.0,97562.0,4296.0,-0.114,-0.0011406502942706554,-0.0011406502942706554
2017-08-04,4340.0,4335.0,4410.0,4380.0,157584.0,4320.0,0.0,0.0,0.0
2017-08-07,4375.0,4340.0,4390.0,4370.0,55577.0,4347.0,-0.2283,-0.0022856100177036597,-0.0022856100177036597
2017-08-08,4375.0,4355.0,4665.0,4565.0,828465.0,4416.0,4.4622,0.04365509749137623,0.031020839739783364
2017-08-09,4565.0,4440.0,4565.0,4470.0,189414.0,4433.0,-2.0811,-0.021030600947304193,-0.021030600947304193
2017-08-10,4495.0,4385.0,4560.0,4455.0,221967.0,4448.0,-0.3356,-0.00336164399904505,-0.00336164399904505
2017-08-11,4400.0,4310.0,4410.0,4395.0,114383.0,4451.0,-1.3468,-0.013559516133755308,-0.013559516133755308
2017-08-14,4405.0,4335.0,4465.0,4375.0,165982.0,4452.0,-0.4551,-0.004561387327633228,-0.004561387327633228
2017-08-15,4405.0,4335.0,4465.0,4375.0,165982.0,4452.0,0.0,0.0,0.0
2017-08-16,4315.0,4200.0,4355.0,4350.0,263999.0,4409.0,-0.5714,-0.005730387352704471,-0.005730387352704471
2017-08-17,4395.0,4335.0,4490.0,4490.0,137724.0,4413.0,3.2184,0.03167694574042591,0.031020839739783364
2017-08-18,4470.0,4405.0,4470.0,4440.0,92783.0,4410.0,-1.1136,-0.011198469454184106,-0.011198469454184106
2017-08-21,4440.0,4330.0,4445.0,4390.0,116352.0,4409.0,-1.1261,-0.01132488512018623,-0.01132488512018623
2017-08-22,4390.0,4340.0,4395.0,4350.0,65328.0,4404.0,-0.9112,-0.009153768193458395,-0.009153768193458395
2017-08-23,4330.0,4280.0,4390.0,4325.0,92223.0,4399.0,-0.5747,-0.005763577549128055,-0.005763577549128055
2017-08-24,4325.0,4225.0,4345.0,4225.0,167326.0,4346.0,-2.3121,-0.023392483125079865,-0.023392483125079865
2017-08-25,4230.0,4180.0,4265.0,4240.0,134881.0,4306.0,0.355,0.003543713623364956,0.003543713623364956
2017-08-28,4280.0,4205.0,4280.0,4225.0,58625.0,4273.0,-0.3538,-0.003544273523521799,-0.003544273523521799
2017-08-29,4220.0,4185.0,4240.0,4220.0,83809.0,4247.0,-0.1183,-0.0011837002968553138,-0.0011837002968553138
2017-08-30,4220.0,4195.0,4265.0,4245.0,109813.0,4231.0,0.5924,0.005906522104068437,0.005906522104068437
2017-08-31,4250.0,4220.0,4270.0,4255.0,76487.0,4237.0,0.2356,0.0023532289834898522,0.0023532289834898522
2017-09-01,4255.0,4255.0,4300.0,4280.0,59114.0,4245.0,0.5875,0.005857809484159932,0.005857809484159932
2017-09-04,4240.0,4205.0,4280.0,4210.0,79491.0,4242.0,-1.6355,-0.016490219381610813,-0.016490219381610813
2017-09-05,4210.0,4155.0,4250.0,4190.0,80439.0,4236.0,-0.4751,-0.004762321874885387,-0.004762321874885387
2017-09-06,4190.0,4055.0,4195.0,4060.0,541925.0,4199.0,-3.1026,-0.03151749923669533,-0.03151749923669533
2017-09-07,4030.0,4030.0,4110.0,4100.0,102079.0,4168.0,0.9852,0.009803785462451442,0.009803785462451442
2017-09-08,4100.0,4040.0,4105.0,4070.0,72293.0,4126.0,-0.7317,-0.007343900545687524,-0.007343900545687524
2017-09-11,4070.0,4045.0,4200.0,4170.0,176184.0,4118.0,2.457,0.024273012375390805,0.024273012375390805
2017-09-12,4195.0,4070.0,4200.0,4100.0,297452.0,4100.0,-1.6787,-0.016929498685909115,-0.016929498685909115
2017-09-13,4100.0,4080.0,4140.0,4120.0,56885.0,4112.0,0.4878,0.004866141107482342,0.004866141107482342
2017-09-14,4090.0,4085.0,4125.0,4115.0,54358.0,4115.0,-0.1214,-0.0012147374949397097,-0.0012147374949397097
2017-09-15,4115.0,4100.0,4210.0,4190.0,221210.0,4139.0,1.8226,0.018061897418378454,0.018061897418378454
2017-09-18,4230.0,4170.0,4230.0,4190.0,61268.0,4143.0,0.0,0.0,0.0
2017-09-19,4190.0,4140.0,4205.0,4190.0,57017.0,4161.0,0.0,0.0,0.0
2017-09-20,4195.0,4145.0,4220.0,4180.0,51927.0,4173.0,-0.2387,-0.0023898534261565683,-0.0023898534261565683
2017-09-21,4160.0,4085.0,4205.0,4145.0,81767.0,4179.0,-0.8373,-0.008408250470537906,-0.008408250470537906
2017-09-22,4120.0,3965.0,4160.0,4060.0,240202.0,4153.0,-2.0507,-0.020720188126396057,-0.020720188126396057
2017-09-25,3950.0,3895.0,4015.0,3995.0,206723.0,4114.0,-1.601,-0.016139544583149198,-0.016139544583149198
2017-09-26,3880.0,3880.0,4000.0,3990.0,69253.0,4074.0,-0.1252,-0.0012527844067865834,-0.0012527844067865834
2017-09-27,3990.0,3900.0,4020.0,3940.0,117759.0,4026.0,-1.2531,-0.012610175104675228,-0.012610175104675228
2017-09-28,3925.0,3900.0,4020.0,3930.0,133651.0,3983.0,-0.2538,-0.0025412261818558205,-0.0025412261818558205
2017-09-29,3940.0,3940.0,4005.0,3980.0,92620.0,3967.0,1.2723,0.012642742661346677,0.012642742661346677
2017-10-02,3940.0,3940.0,4005.0,3980.0,92620.0,3967.0,0.0,0.0,0.0
2017-10-03,3940.0,3940.0,4005.0,3980.0,92620.0,3967.0,0.0,0.0,0.0
2017-10-04,3940.0,3940.0,4005.0,3980.0,92620.0,3967.0,0.0,0.0,0.0
2017-10-05,3940.0,3940.0,4005.0,3980.0,92620.0,3967.0,0.0,0.0,0.0
2017-10-06,3940.0,3940.0,4005.0,3980.0,92620.0,3967.0,0.0,0.0,0.0
2017-10-09,3940.0,3940.0,4005.0,3980.0,92620.0,3967.0,0.0,0.0,0.0
2017-10-10,4050.0,3935.0,4050.0,3945.0,70892.0,3957.0,-0.8794,-0.008832895416760153,-0.008832895416760153
2017-10-11,3940.0,3940.0,4000.0,3975.0,77316.0,3954.0,0.7605,0.0075762277706277305,0.0075762277706277305
2017-10-12,3980.0,3950.0,4000.0,3980.0,38953.0,3962.0,0.1258,0.0012572093809963209,0.0012572093809963209
2017-10-13,3990.0,3920.0,3995.0,3940.0,55688.0,3964.0,-1.005,-0.010100842179429501,-0.010100842179429501
2017-10-16,3940.0,3815.0,3945.0,3945.0,101850.0,3957.0,0.1269,0.0012681955000350094,0.0012681955000350094
2017-10-17,3890.0,3875.0,3980.0,3975.0,154738.0,3963.0,0.7605,0.0075762277706277305,0.0075762277706277305
2017-10-18,3985.0,3940.0,4015.0,3975.0,57189.0,3963.0,0.0,0.0,0.0
2017-10-19,3955.0,3895.0,4000.0,3990.0,101140.0,3965.0,0.3774,0.0037668963292258914,0.0037668963292258914
2017-10-20,4000.0,3950.0,4020.0,4005.0,62614.0,3978.0,0.3759,0.0037519526147263985,0.0037519526147263985
2017-10-23,4030.0,3985.0,4030.0,4005.0,36809.0,3990.0,0.0,0.0,0.0
2017-10-24,4000.0,3960.0,4040.0,4005.0,92342.0,3996.0,0.0,0.0,0.0
2017-10-25,4045.0,3995.0,4045.0,4025.0,50566.0,4006.0,0.4994,0.004981571343963874,0.004981571343963874
2017-10-26,4025.0,3980.0,4025.0,4000.0,45846.0,4008.0,-0.6211,-0.0062303685006524665,-0.0062303685006524665
2017-10-27,4000.0,3980.0,4030.0,4015.0,83886.0,4010.0,0.375,0.003742986278834297,0.003742986278834297
2017-10-30,4015.0,4000.0,4030.0,4000.0,87078.0,4009.0,-0.3736,-0.0037429962788343885,-0.0037429962788343885
2017-10-31,4000.0,3995.0,4180.0,4130.0,190832.0,4034.0,3.25,0.03198304585305074,0.031020839739783364
2017-11-01,4150.0,4020.0,4150.0,4105.0,69729.0,4050.0,-0.6053,-0.006071393666637534,-0.006071393666637534
2017-11-02,4090.0,4040.0,4105.0,4080.0,69945.0,4066.0,-0.609,-0.00610861968440877,-0.00610861968440877
2017-11-03,4080.0,4025.0,4095.0,4095.0,38077.0,4082.0,0.3676,0.003669260024383646,0.003669260024383646
2017-11-06,4155.0,4050.0,4155.0,4055.0,41488.0,4093.0,-0.9768,-0.009816019873291568,-0.009816019873291568
2017-11-07,4050.0,4040.0,4070.0,4050.0,69158.0,4077.0,-0.1233,-0.001233760769917209,-0.001233760769917209
2017-11-08,4050.0,4035.0,4110.0,4090.0,65996.0,4074.0,0.9877,0.009828541258898609,0.009828541258898609
2017-11-09,4090.0,4070.0,4135.0,4110.0,74980.0,4080.0,0.489,0.004878082784332869,0.004878082784332869
2017-11-10,4090.0,4090.0,4140.0,4140.0,68350.0,4089.0,0.7299,0.007272491213101749,0.007272491213101749
2017-11-13,4130.0,4095.0,4150.0,4130.0,65240.0,4104.0,-0.2415,-0.0024179208159612444,-0.0024179208159612444
2017-11-14,4130.0,4105.0,4230.0,4215.0,260377.0,4137.0,2.0581,0.020372072974346817,0.020372072974346817
2017-11-15,4215.0,4175.0,4275.0,4215.0,154928.0,4162.0,0.0,0.0,0.0
2017-11-16,4210.0,4180.0,4255.0,4250.0,113703.0,4190.0,0.8304,0.008269711482455571,0.008269711482455571
2017-11-17,4225.0,4210.0,4265.0,4265.0,95589.0,4215.0,0.3529,0.0035227876907027987,0.0035227876907027987
2017-11-20,4210.0,4150.0,4295.0,4295.0,315519.0,4248.0,0.7034,0.007009376820864943,0.007009376820864943
2017-11-21,4290.0,4235.0,4335.0,4270.0,132264.0,4259.0,-0.5821,-0.005838008055209411,-0.005838008055209411
2017-11-22,4240.0,4135.0,4265.0,4195.0,119648.0,4255.0,-1.7564,-0.017720077309528813,-0.017720077309528813
2017-11-23,4195.0,4160.0,4280.0,4265.0,79506.0,4258.0,1.6687,0.01654930175121313,0.01654930175121313
2017-11-24,4230.0,4220.0,4275.0,4230.0,74574.0,4251.0,-0.8206,-0.008239854552178108,-0.008239854552178108
2017-11-27,4270.0,4230.0,4400.0,4375.0,218467.0,4267.0,3.4279,0.0337045656085332,0.031020839739783364
2017-11-28,4390.0,4295.0,4390.0,4350.0,80286.0,4283.0,-0.5714,-0.005730387352704471,-0.005730387352704471
2017-11-29,4320.0,4320.0,4405.0,4365.0,84310.0,4317.0,0.3448,0.0034420692768455624,0.0034420692768455624
2017-11-30,4365.0,4250.0,4365.0,4250.0,68291.0,4314.0,-2.6346,-0.026699274590536493,-0.026699274590536493
2017-12-01,4280.0,4200.0,4290.0,4265.0,79245.0,4321.0,0.3529,0.0035227876907027987,0.0035227876907027987
2017-12-04,4270.0,4210.0,4270.0,4210.0,49060.0,4288.0,-1.2896,-0.012979875292166251,-0.012979875292166251
2017-12-05,4210.0,4150.0,4245.0,4170.0,67477.0,4252.0,-0.9501,-0.00954642243515665,-0.00954642243515665
2017-12-06,4170.0,4140.0,4215.0,4185.0,76525.0,4216.0,0.3597,0.0035905462669219256,0.0035905462669219256
2017-12-07,4155.0,4040.0,4180.0,4075.0,113319.0,4181.0,-2.6284,-0.02663559896646818,-0.02663559896646818
2017-12-08,4075.0,3985.0,4090.0,4065.0,124520.0,4141.0,-0.2454,-0.00245701599317515,-0.00245701599317515
2017-12-11,4000.0,4000.0,4065.0,4050.0,34739.0,4109.0,-0.369,-0.003696824844289762,-0.003696824844289762
2017-12-12,4030.0,4015.0,4070.0,4070.0,56550.0,4089.0,0.4938,0.004925848065749163,0.004925848065749163
2017-12-13,4040.0,4040.0,4085.0,4065.0,34934.0,4065.0,-0.1229,-0.0012297558398482846,-0.0012297558398482846
2017-12-14,4060.0,4005.0,4075.0,4050.0,83936.0,4060.0,-0.369,-0.003696824844289762,-0.003696824844289762
2017-12-15,4050.0,3990.0,4080.0,4045.0,58589.0,4056.0,-0.1235,-0.0012357632409664308,-0.0012357632409664308
2017-12-18,4045.0,3980.0,4045.0,3990.0,98333.0,4044.0,-1.3597,-0.013690285774097,-0.013690285774097
2017-12-19,4000.0,3910.0,4000.0,3980.0,128502.0,4026.0,-0.2506,-0.0025091452738029347,-0.0025091452738029347
2017-12-20,3980.0,3975.0,4030.0,3985.0,48439.0,4010.0,0.1256,0.0012552118918401321,0.0012552118918401321
2017-12-21,4000.0,3975.0,4035.0,3980.0,33337.0,3996.0,-0.1255,-0.0012557881720062637,-0.0012557881720062637
2017-12-22,3980.0,3970.0,4025.0,4010.0,912419.0,3989.0,0.7538,0.007509731249016383,0.007509731249016383
2017-12-26,4010.0,4010.0,4130.0,4095.0,107793.0,4010.0,2.1197,0.02097546866054749,0.02097546866054749
2017-12-27,4090.0,4010.0,4140.0,4040.0,58171.0,4022.0,-1.3431,-0.013522011718112723,-0.013522011718112723
2017-12-28,4040.0,4025.0,4085.0,4075.0,53266.0,4040.0,0.8663,0.008625691529517414,0.008625691529517414
2017-12-29,4040.0,4025.0,4085.0,4075.0,53266.0,4040.0,0.0,0.0,0.0
2018-01-02,4085.0,4035.0,4085.0,4065.0,49976.0,4057.0,-0.2454,-0.00245701599317515,-0.00245701599317515
2018-01-03,4040.0,4030.0,4095.0,4080.0,53710.0,4071.0,0.369,0.003683208651589831,0.003683208651589831
2018-01-04,4090.0,4010.0,4090.0,4020.0,79977.0,4056.0,-1.4706,-0.014815205188132839,-0.014815205188132839
2018-01-05,4020.0,3960.0,4060.0,4035.0,113221.0,4055.0,0.3731,0.003724057083488928,0.003724057083488928
2018-01-08,4000.0,3895.0,4030.0,3950.0,129071.0,4030.0,-2.1066,-0.021291054454506263,-0.021291054454506263
2018-01-09,3970.0,3900.0,3970.0,3910.0,82482.0,3999.0,-1.0127,-0.010178626910730045,-0.010178626910730045
2018-01-10,3915.0,3905.0,3945.0,3945.0,41089.0,3972.0,0.8951,0.008911177258656778,0.008911177258656778
2018-01-11,3925.0,3910.0,3965.0,3965.0,53118.0,3961.0,0.507,0.005057190826762611,0.005057190826762611
2018-01-12,3980.0,3920.0,4000.0,3950.0,46802.0,3944.0,-0.3783,-0.003790173642140474,-0.003790173642140474
2018-01-15,3950.0,3910.0,3965.0,3955.0,71108.0,3945.0,0.1266,0.0012651992977214645,0.0012651992977214645
2018-01-16,3955.0,3930.0,3995.0,3990.0,52273.0,3961.0,0.885,0.008811068278549961,0.008811068278549961
2018-01-17,3990.0,3975.0,4050.0,4050.0,58596.0,3982.0,1.5038,0.01492605021659579,0.01492605021659579
2018-01-18,4055.0,4040.0,4075.0,4050.0,51941.0,3999.0,0.0,0.0,0.0
2018-01-19,4040.0,4025.0,4110.0,4105.0,83016.0,4030.0,1.358,0.01348861818055471,0.01348861818055471
2018-01-22,4115.0,4000.0,4150.0,4050.0,114933.0,4049.0,-1.3398,-0.013488563020556324,-0.013488563020556324
2018-01-23,4050.0,4040.0,4105.0,4090.0,57623.0,4069.0,0.9877,0.009828541258898609,0.009828541258898609
2018-01-24,4090.0,4055.0,4120.0,4120.0,49892.0,4083.0,0.7335,0.007308229714491062,0.007308229714491062
2018-01-25,4130.0,4100.0,4195.0,4180.0,70408.0,4109.0,1.4563,0.014457977912066591,0.014457977912066591
2018-01-26,4150.0,4150.0,4255.0,4225.0,94032.0,4133.0,1.0766,0.010708459242787478,0.010708459242787478
2018-01-29,4250.0,4195.0,4275.0,4215.0,105857.0,4166.0,-0.2367,-0.0023698057728840493,-0.0023698057728840493
2018-01-30,4215.0,4150.0,4220.0,4200.0,92461.0,4188.0,-0.3559,-0.003565348307393081,-0.003565348307393081
2018-01-31,4180.0,4160.0,4300.0,4240.0,141454.0,4212.0,0.9524,0.009478932633771343,0.009478932633771343
2018-02-01,4250.0,4245.0,4425.0,4410.0,406297.0,4258.0,4.0094,0.039311093684222746,0.031020839739783364
2018-02-02,4440.0,4340.0,4565.0,4355.0,509566.0,4284.0,-1.2472,-0.012550428178459673,-0.012550428178459673
2018-02-05,4280.0,4280.0,4360.0,4280.0,129685.0,4297.0,-1.7222,-0.017372023608046336,-0.017372023608046336
2018-02-06,4175.0,3990.0,4215.0,4140.0,696205.0,4285.0,-3.271,-0.03325693190145197,-0.03163102781866988
2018-02-07,4150.0,4085.0,4215.0,4085.0,190349.0,4254.0,-1.3285,-0.013374035045452938,-0.013374035045452938
2018-02-08,4100.0,4080.0,4155.0,4100.0,260668.0,4192.0,0.3672,0.0036652746665880665,0.0036652746665880665
2018-02-09,4245.0,4055.0,4285.0,4060.0,385744.0,4133.0,-0.9756,-0.009803901574458198,-0.009803901574458198
2018-02-12,4100.0,4040.0,4100.0,4065.0,103561.0,4090.0,0.1232,0.0012312417107442422,0.0012312417107442422
2018-02-13,4080.0,3995.0,4100.0,4000.0,149087.0,4062.0,-1.599,-0.016119219379896445,-0.016119219379896445
2018-02-14,4020.0,4020.0,4100.0,4090.0,97143.0,4063.0,2.25,0.022250608934819723,0.022250608934819723
2018-02-15,4020.0,4020.0,4100.0,4090.0,97143.0,4063.0,0.0,0.0,0.0
2018-02-16,4020.0,4020.0,4100.0,4090.0,97143.0,4063.0,0.0,0.0,0.0
2018-02-19,4090.0,4090.0,4155.0,4110.0,69458.0,4065.0,0.489,0.004878082784332869,0.004878082784332869
2018-02-20,4110.0,4105.0,4185.0,4145.0,85225.0,4082.0,0.8516,0.008479943432536094,0.008479943432536094
2018-02-21,4130.0,4095.0,4200.0,4190.0,174471.0,4107.0,1.0856,0.010797496659336547,0.010797496659336547
2018-02-22,4200.0,4105.0,4215.0,4140.0,77008.0,4135.0,-1.1933,-0.01200476976833645,-0.01200476976833645
2018-02-23,4140.0,4120.0,4190.0,4180.0,81823.0,4153.0,0.9662,0.009615621378854595,0.009615621378854595
2018-02-26,4175.0,4115.0,4200.0,4140.0,82333.0,4159.0,-0.9569,-0.009615077057002729,-0.009615077057002729
2018-02-27,4145.0,4085.0,4170.0,4135.0,84241.0,4157.0,-0.1208,-0.0012087302201298355,-0.0012087302201298355
2018-02-28,4135.0,4050.0,4150.0,4065.0,114595.0,4132.0,-1.6929,-0.017073933569422214,-0.017073933569422214
2018-03-01,4135.0,4050.0,4150.0,4065.0,114595.0,4132.0,0.0,0.0,0.0
2018-03-02,4070.0,4070.0,4290.0,4160.0,340272.0,4136.0,2.337,0.023101102907987205,0.023101102907987205
2018-03-05,4185.0,4100.0,4230.0,4110.0,163112.0,4122.0,-1.2019,-0.012091812188413622,-0.012091812188413622
2018-03-06,4115.0,4100.0,4175.0,4130.0,72755.0,4120.0,0.4866,0.004854199288026686,0.004854199288026686
2018-03-07,4130.0,4045.0,4165.0,4065.0,152229.0,4106.0,-1.5738,-0.015863157208228257,-0.015863157208228257
2018-03-08,4080.0,4060.0,4100.0,4080.0,37869.0,4109.0,0.369,0.003683208651589831,0.003683208651589831
2018-03-09,4075.0,4050.0,4130.0,4100.0,123259.0,4097.0,0.4902,0.004890024318581232,0.004890024318581232
2018-03-12,4100.0,4085.0,4170.0,4170.0,120595.0,4109.0,1.7073,0.016928894234726332,0.016928894234726332
2018-03-13,4195.0,4145.0,4195.0,4170.0,73878.0,4117.0,0.0,0.0,0.0
2018-03-14,4160.0,4135.0,4190.0,4140.0,45554.0,4132.0,-0.7194,-0.007220001596705856,-0.007220001596705856
2018-03-15,4150.0,4125.0,4185.0,4175.0,75567.0,4151.0,0.8454,0.00841846507636864,0.00841846507636864
2018-03-16,4200.0,4150.0,4225.0,4190.0,89113.0,4169.0,0.3593,0.0035865605954108876,0.0035865605954108876
2018-03-19,4200.0,4070.0,4200.0,4130.0,101836.0,4161.0,-1.432,-0.01442352066572422,-0.01442352066572422
2018-03-20,4130.0,4070.0,4140.0,4120.0,60881.0,4151.0,-0.2421,-0.002423935359126698,-0.002423935359126698
2018-03-21,4105.0,4095.0,4135.0,4110.0,48562.0,4145.0,-0.2427,-0.0024299499384669875,-0.0024299499384669875
2018-03-22,4125.0,4070.0,4125.0,4095.0,107194.0,4129.0,-0.365,-0.003656677503543923,-0.003656677503543923
2018-03-23,4070.0,3980.0,4090.0,4000.0,191876.0,4091.0,-2.3199,-0.02347233243514238,-0.02347233243514238
2018-03-26,4000.0,3985.0,4075.0,4025.0,184338.0,4070.0,0.625,0.006230549750636163,0.006230549750636163
2018-03-27,4035.0,3995.0,4100.0,4085.0,464104.0,4063.0,1.4907,0.014796982680103956,0.014796982680103956
2018-03-28,4070.0,4020.0,4100.0,4055.0,174976.0,4052.0,-0.7344,-0.00737109993078162,-0.00737109993078162
2018-03-29,4055.0,4030.0,4095.0,4055.0,197734.0,4044.0,0.0,0.0,0.0
2018-03-30,4070.0,4025.0,4110.0,4105.0,214267.0,4065.0,1.233,0.012254604666998964,0.012254604666998964
2018-04-02,4110.0,4060.0,4135.0,4100.0,114165.0,4080.0,-0.1218,-0.001218742364861544,-0.001218742364861544
2018-04-03,4080.0,4010.0,4095.0,4035.0,316088.0,4070.0,-1.5854,-0.015981018952474665,-0.015981018952474665
2018-04-04,4035.0,3995.0,4070.0,4030.0,112134.0,4065.0,-0.1239,-0.0012397681950946967,-0.0012397681950946967
2018-04-05,4030.0,4015.0,4075.0,4070.0,93956.0,4068.0,0.9926,0.009877060842253817,0.009877060842253817
2018-04-06,4080.0,4020.0,4080.0,4045.0,57496.0,4056.0,-0.6143,-0.00616194585393722,-0.00616194585393722
2018-04-09,4035.0,4020.0,4100.0,4080.0,151268.0,4052.0,0.8653,0.008615777366342038,0.008615777366342038
2018-04-10,4075.0,4015.0,4075.0,4040.0,132399.0,4053.0,-0.9804,-0.009852375650935594,-0.009852375650935594
2018-04-11,4080.0,4015.0,4080.0,4055.0,100708.0,4058.0,0.3713,0.0037061238310541565,0.0037061238310541565
2018-04-12,4055.0,4025.0,4055.0,4040.0,41347.0,4052.0,-0.3699,-0.0037058582180893623,-0.0037058582180893623
2018-04-13,4060.0,4020.0,4060.0,4050.0,80851.0,4053.0,0.2475,0.002471942231778345,0.002471942231778345
2018-04-16,4025.0,4000.0,4050.0,4035.0,134374.0,4044.0,-0.3704,-0.0037108767943494323,-0.0037108767943494323
2018-04-17,4025.0,4020.0,4055.0,4045.0,45087.0,4045.0,0.2478,0.0024749348206320266,0.0024749348206320266
2018-04-18,4050.0,4030.0,4060.0,4045.0,33015.0,4043.0,0.0,0.0,0.0
2018-04-19,4050.0,4040.0,4110.0,4090.0,171520.0,4053.0,1.1125,0.011063572355979682,0.011063572355979682
2018-04-20,4100.0,4085.0,4185.0,4170.0,287551.0,4077.0,1.956,0.019371161679256513,0.019371161679256513
2018-04-23,4160.0,4130.0,4250.0,4180.0,248900.0,4106.0,0.2398,0.0023951293862385387,0.0023951293862385387
2018-04-24,4240.0,4150.0,4250.0,4195.0,124290.0,4136.0,0.3589,0.00358257490801443,0.00358257490801443
2018-04-25,4155.0,4130.0,4205.0,4190.0,194575.0,4165.0,-0.1192,-0.0011927109970617956,-0.0011927109970617956
2018-04-26,4190.0,4135.0,4190.0,4160.0,94823.0,4179.0,-0.716,-0.0071857558147252806,-0.0071857558147252806
2018-04-27,4155.0,4120.0,4205.0,4135.0,135469.0,4172.0,-0.601,-0.006028132738341797,-0.006028132738341797
2018-04-30,4145.0,4120.0,4230.0,4210.0,369005.0,4178.0,1.8138,0.017975468862329667,0.017975468862329667
2018-05-01,4145.0,4120.0,4230.0,4210.0,369005.0,4178.0,0.0,0.0,0.0
2018-05-02,4210.0,4195.0,4360.0,4340.0,435553.0,4207.0,3.0879,0.030411836362714762,0.030411836362714762
2018-05-03,4375.0,4275.0,4380.0,4310.0,181860.0,4231.0,-0.6912,-0.006935998521118275,-0.006935998521118275
2018-05-04,4340.0,4280.0,4440.0,4410.0,281344.0,4281.0,2.3202,0.02293692593265743,0.02293692593265743
2018-05-07,4340.0,4280.0,4440.0,4410.0,281344.0,4281.0,0.0,0.0,0.0
2018-05-08,4410.0,4245.0,4435.0,4265.0,201777.0,4307.0,-3.288,-0.033432696088400604,-0.03163102781866988
2018-05-09,4300.0,4170.0,4365.0,4270.0,140877.0,4319.0,0.1172,0.001171313744142192,0.001171313744142192
2018-05-10,4250.0,4250.0,4330.0,4300.0,84343.0,4311.0,0.7026,0.007001432668257722,0.007001432668257722
2018-05-11,4250.0,4250.0,4395.0,4345.0,182660.0,4318.0,1.0465,0.010410620943033327,0.010410620943033327
2018-05-14,4350.0,4330.0,4415.0,4375.0,153561.0,4311.0,0.6904,0.006880276520676435,0.006880276520676435
2018-05-15,4360.0,4230.0,4380.0,4300.0,254086.0,4318.0,-1.7143,-0.017291642458908803,-0.017291642458908803
2018-05-16,4215.0,4140.0,4245.0,4210.0,193890.0,4306.0,-2.093,-0.021152137475563694,-0.021152137475563694
2018-05-17,4210.0,4070.0,4230.0,4085.0,197331.0,4263.0,-2.9691,-0.030140701512090563,-0.030140701512090563
2018-05-18,4110.0,4090.0,4155.0,4150.0,109206.0,4224.0,1.5912,0.01578673123183762,0.01578673123183762
2018-05-21,4150.0,4070.0,4165.0,4120.0,124870.0,4173.0,-0.7229,-0.007255255832631868,-0.007255255832631868
2018-05-22,4150.0,4070.0,4165.0,4120.0,124870.0,4173.0,0.0,0.0,0.0
2018-05-23,4125.0,4075.0,4140.0,4110.0,115102.0,4135.0,-0.2427,-0.0024299499384669875,-0.0024299499384669875
2018-05-24,4110.0,4070.0,4135.0,4110.0,113119.0,4115.0,0.0,0.0,0.0
2018-05-25,4040.0,4015.0,4105.0,4035.0,138468.0,4105.0,-1.8248,-0.01841654834758537,-0.01841654834758537
2018-05-28,4055.0,4035.0,4130.0,4125.0,150759.0,4100.0,2.2305,0.022059881701082452,0.022059881701082452
2018-05-29,4120.0,4030.0,4125.0,4070.0,150806.0,4090.0,-1.3333,-0.013422682494359956,-0.013422682494359956
2018-05-30,4070.0,3880.0,4070.0,3910.0,447316.0,4050.0,-3.9312,-0.04010558453651396,-0.03163102781866988
2018-05-31,3910.0,3850.0,3950.0,3945.0,171040.0,4017.0,0.8951,0.008911177258656778,0.008911177258656778
2018-06-01,3955.0,3920.0,3990.0,3980.0,165356.0,4006.0,0.8872,0.008832875048759969,0.008832875048759969
2018-06-04,4070.0,4040.0,4220.0,4185.0,685764.0,4018.0,5.1508,0.05022532431046768,0.031020839739783364
2018-06-05,4200.0,4140.0,4205.0,4185.0,174991.0,4041.0,0.0,0.0,0.0
2018-06-06,4200.0,4140.0,4205.0,4185.0,174991.0,4041.0,0.0,0.0,0.0
2018-06-07,4210.0,4190.0,4360.0,4340.0,581831.0,4127.0,3.7037,0.036367608456588485,0.031020839739783364
2018-06-08,4335.0,4255.0,4355.0,4325.0,228288.0,4203.0,-0.3456,-0.0034619857631775783,-0.0034619857631775783
2018-06-11,4400.0,4255.0,4445.0,4400.0,739146.0,4287.0,1.7341,0.01719236076764482,0.01719236076764482
2018-06-12,4420.0,4265.0,4420.0,4345.0,253781.0,4319.0,-1.25,-0.012578782206860073,-0.012578782206860073
2018-06-13,4420.0,4265.0,4420.0,4345.0,253781.0,4319.0,0.0,0.0,0.0
2018-06-14,4345.0,4270.0,4420.0,4375.0,324584.0,4357.0,0.6904,0.006880276520676435,0.006880276520676435
2018-06-15,4375.0,4250.0,4385.0,4300.0,259971.0,4349.0,-1.7143,-0.017291642458908803,-0.017291642458908803
2018-06-18,4300.0,4115.0,4300.0,4165.0,280560.0,4317.0,-3.1395,-0.031898386936717905,-0.03163102781866988
2018-06-19,4165.0,4020.0,4170.0,4035.0,182253.0,4244.0,-3.1212,-0.03170947327744054,-0.03163102781866988
2018-06-20,4035.0,4035.0,4115.0,4085.0,59176.0,4192.0,1.2392,0.012315847642596982,0.012315847642596982
2018-06-21,4085.0,4000.0,4085.0,4035.0,163922.0,4124.0,-1.224,-0.012315525722648867,-0.012315525722648867
2018-06-22,4025.0,3875.0,4030.0,3975.0,227582.0,4059.0,-1.487,-0.014981666823170526,-0.014981666823170526
2018-06-25,3980.0,3940.0,4060.0,4045.0,133167.0,4035.0,1.761,0.01745674059946063,0.01745674059946063
2018-06-26,4020.0,3890.0,4020.0,3940.0,259002.0,4016.0,-2.5958,-0.026300855119394718,-0.026300855119394718
2018-06-27,3965.0,3865.0,3975.0,3875.0,156243.0,3974.0,-1.6497,-0.01663459082722306,-0.01663459082722306
2018-06-28,3875.0,3780.0,3900.0,3780.0,204462.0,3923.0,-2.4516,-0.02482152089869045,-0.02482152089869045
2018-06-29,3820.0,3690.0,3820.0,3725.0,181251.0,3873.0,-1.455,-0.01465688934363363,-0.01465688934363363
2018-07-02,3725.0,3615.0,3740.0,3635.0,148992.0,3791.0,-2.4161,-0.024457665192672985,-0.024457665192672985
2018-07-03,3610.0,3495.0,3640.0,3610.0,261981.0,3725.0,-0.6878,-0.006901762463497682,-0.006901762463497682
2018-07-04,3580.0,3555.0,3665.0,3590.0,88425.0,3668.0,-0.554,-0.005555402713696782,-0.005555402713696782
2018-07-05,3590.0,3510.0,3610.0,3570.0,85497.0,3626.0,-0.5571,-0.0055865758963153335,-0.0055865758963153335
2018-07-06,3565.0,3555.0,3650.0,3620.0,102819.0,3605.0,1.4006,0.013908822311248377,0.013908822311248377
2018-07-09,3615.0,3595.0,3630.0,3620.0,65873.0,3602.0,0.0,0.0,0.0
2018-07-10,3690.0,3610.0,3690.0,3645.0,88546.0,3609.0,0.6906,0.006882262805380611,0.006882262805380611
2018-07-11,3645.0,3570.0,3650.0,3615.0,80285.0,3614.0,-0.823,-0.008264053418462316,-0.008264053418462316
2018-07-12,3630.0,3605.0,3675.0,3650.0,66919.0,3630.0,0.9682,0.009635429791884333,0.009635429791884333
2018-07-13,3650.0,3645.0,3715.0,3695.0,45224.0,3645.0,1.2329,0.012253616846333935,0.012253616846333935
2018-07-16,3700.0,3650.0,3710.0,3705.0,64573.0,3662.0,0.2706,0.0027023453734618045,0.0027023453734618045
2018-07-17,3715.0,3650.0,3750.0,3685.0,65148.0,3670.0,-0.5398,-0.005412621844884031,-0.005412621844884031
2018-07-18,3685.0,3600.0,3685.0,3605.0,106355.0,3668.0,-2.171,-0.021949129384346695,-0.021949129384346695
2018-07-19,3615.0,3570.0,3625.0,3575.0,52977.0,3653.0,-0.8322,-0.008356821164393714,-0.008356821164393714
2018-07-20,3575.0,3565.0,3655.0,3625.0,51798.0,3639.0,1.3986,0.013889098367563631,0.013889098367563631
2018-07-23,3650.0,3560.0,3660.0,3560.0,90672.0,3610.0,-1.7931,-0.018093708330340106,-0.018093708330340106
2018-07-24,3560.0,3545.0,3605.0,3570.0,41093.0,3587.0,0.2809,0.0028050621320904108,0.0028050621320904108
2018-07-25,3565.0,3455.0,3595.0,3520.0,100919.0,3570.0,-1.4006,-0.014105009590714226,-0.014105009590714226
2018-07-26,3490.0,3455.0,3615.0,3595.0,84969.0,3574.0,2.1307,0.02108317958802318,0.02108317958802318
2018-07-27,3595.0,3560.0,3615.0,3595.0,26986.0,3568.0,0.0,0.0,0.0
2018-07-30,3615.0,3545.0,3615.0,3600.0,39250.0,3576.0,0.1391,0.001390033455704843,0.001390033455704843
2018-07-31,3600.0,3555.0,3615.0,3585.0,36175.0,3579.0,-0.4167,-0.004175706138570163,-0.004175706138570163
2018-08-01,3600.0,3570.0,3640.0,3630.0,85959.0,3601.0,1.2552,0.012473876704470211,0.012473876704470211
2018-08-02,3655.0,3610.0,3655.0,3625.0,21900.0,3607.0,-0.1377,-0.0013779489357229901,-0.0013779489357229901
2018-08-03,3650.0,3625.0,3675.0,3640.0,47771.0,3616.0,0.4138,0.0041294620233274905,0.0041294620233274905
2018-08-06,3635.0,3625.0,3645.0,3645.0,27085.0,3625.0,0.1374,0.0013730569257571538,0.0013730569257571538
2018-08-07,3635.0,3595.0,3635.0,3610.0,30156.0,3630.0,-0.9602,-0.009648396439950982,-0.009648396439950982
2018-08-08,3615.0,3595.0,3620.0,3620.0,54251.0,3628.0,0.277,0.002766170619958465,0.002766170619958465
2018-08-09,3620.0,3590.0,3645.0,3620.0,26720.0,3627.0,0.0,0.0,0.0
2018-08-10,3640.0,3590.0,3650.0,3635.0,39055.0,3626.0,0.4144,0.0041354372797904465,0.0041354372797904465
2018-08-13,3610.0,3550.0,3630.0,3570.0,59522.0,3611.0,-1.7882,-0.018043814913867803,-0.018043814913867803
2018-08-14,3570.0,3555.0,3615.0,3605.0,42353.0,3610.0,0.9804,0.009756252615264511,0.009756252615264511
2018-08-15,3570.0,3555.0,3615.0,3605.0,42353.0,3610.0,0.0,0.0,0.0
2018-08-16,3595.0,3500.0,3605.0,3580.0,65170.0,3602.0,-0.6935,-0.006959158871807294,-0.006959158871807294
2018-08-17,3580.0,3570.0,3890.0,3685.0,370181.0,3615.0,2.933,0.02890810514720777,0.02890810514720777
2018-08-20,3670.0,3635.0,3705.0,3705.0,73452.0,3629.0,0.5427,0.005412326898840591,0.005412326898840591
2018-08-21,3705.0,3685.0,3710.0,3710.0,31904.0,3657.0,0.135,0.0013490895692954816,0.0013490895692954816
2018-08-22,3705.0,3680.0,3790.0,3780.0,105730.0,3692.0,1.8868,0.018692207086223985,0.018692207086223985
2018-08-23,3775.0,3735.0,3800.0,3780.0,66726.0,3732.0,0.0,0.0,0.0
2018-08-24,3775.0,3730.0,3815.0,3800.0,64249.0,3755.0,0.5291,0.005277051837685791,0.005277051837685791
2018-08-27,3865.0,3770.0,3880.0,3830.0,62162.0,3780.0,0.7895,0.00786399755678618,0.00786399755678618
2018-08-28,3830.0,3755.0,3830.0,3755.0,72379.0,3789.0,-1.9582,-0.019776267643598397,-0.019776267643598397
2018-08-29,3740.0,3715.0,3765.0,3755.0,25947.0,3784.0,0.0,0.0,0.0
2018-08-30,3755.0,3710.0,3790.0,3730.0,60147.0,3774.0,-0.6658,-0.006680263356643025,-0.006680263356643025
2018-08-31,3710.0,3710.0,3810.0,3785.0,48011.0,3771.0,1.4745,0.014637349402730284,0.014637349402730284
2018-09-03,3785.0,3730.0,3790.0,3750.0,32332.0,3755.0,-0.9247,-0.009290018907093049,-0.009290018907093049
2018-09-04,3750.0,3750.0,3805.0,3795.0,33112.0,3763.0,1.2,0.011928570865273812,0.011928570865273812
2018-09-05,3760.0,3760.0,3830.0,3795.0,66472.0,3771.0,0.0,0.0,0.0
2018-09-06,3780.0,3735.0,3830.0,3765.0,31050.0,3778.0,-0.7905,-0.007936410153515046,-0.007936410153515046
2018-09-07,3790.0,3735.0,3795.0,3760.0,39530.0,3773.0,-0.1328,-0.0013288825734582305,-0.0013288825734582305
2018-09-10,3750.0,3715.0,3795.0,3740.0,44661.0,3771.0,-0.5319,-0.005333196242753433,-0.005333196242753433
2018-09-11,3740.0,3665.0,3770.0,3695.0,74016.0,3751.0,-1.2032,-0.012104970422760994,-0.012104970422760994
2018-09-12,3700.0,3650.0,3735.0,3710.0,53500.0,3734.0,0.406,0.004051780440097903,0.004051780440097903
2018-09-13,3710.0,3660.0,3710.0,3665.0,60799.0,3714.0,-1.2129,-0.012203156560475596,-0.012203156560475596
2018-09-14,3675.0,3615.0,3695.0,3625.0,106698.0,3687.0,-1.0914,-0.010973994618184966,-0.010973994618184966
2018-09-17,3625.0,3585.0,3660.0,3650.0,40073.0,3669.0,0.6897,0.006873324493142316,0.006873324493142316
2018-09-18,3620.0,3580.0,3655.0,3610.0,39199.0,3652.0,-1.0959,-0.011019492202523924,-0.011019492202523924
2018-09-19,3605.0,3535.0,3645.0,3540.0,68253.0,3618.0,-1.9391,-0.019581471752869808,-0.019581471752869808
2018-09-20,3540.0,3490.0,3625.0,3490.0,94714.0,3583.0,-1.4124,-0.014224692937122373,-0.014224692937122373
2018-09-21,3500.0,3490.0,3590.0,3570.0,42394.0,3572.0,2.2923,0.022664215319445583,0.022664215319445583
2018-09-24,3500.0,3490.0,3590.0,3570.0,42394.0,3572.0,0.0,0.0,0.0
2018-09-25,3500.0,3490.0,3590.0,3570.0,42394.0,3572.0,0.0,0.0,0.0
2018-09-26,3500.0,3490.0,3590.0,3570.0,42394.0,3572.0,0.0,0.0,0.0
2018-09-27,3570.0,3555.0,3620.0,3600.0,35677.0,3562.0,0.8403,0.008367891337119014,0.008367891337119014
2018-09-28,3590.0,3535.0,3600.0,3540.0,54412.0,3548.0,-1.6667,-0.016807457299489525,-0.016807457299489525
2018-10-01,3535.0,3530.0,3555.0,3540.0,35943.0,3548.0,0.0,0.0,0.0
2018-10-02,3530.0,3495.0,3550.0,3500.0,43384.0,3550.0,-1.1299,-0.011363318650411834,-0.011363318650411834
2018-10-03,3530.0,3495.0,3550.0,3500.0,43384.0,3550.0,0.0,0.0,0.0
2018-10-04,3490.0,3455.0,3540.0,3455.0,36031.0,3527.0,-1.2857,-0.012940366557944966,-0.012940366557944966
2018-10-05,3455.0,3400.0,3485.0,3440.0,51511.0,3495.0,-0.4342,-0.004351453857691529,-0.004351453857691529
2018-10-08,3440.0,3415.0,3560.0,3420.0,16140.0,3471.0,-0.5814,-0.00583096709442001,-0.00583096709442001
2018-10-09,3440.0,3415.0,3560.0,3420.0,16140.0,3471.0,0.0,0.0,0.0
2018-10-10,3420.0,3300.0,3420.0,3300.0,50060.0,3423.0,-3.5088,-0.035718373511212466,-0.03163102781866988
2018-10-11,3025.0,3025.0,3255.0,3140.0,118418.0,3351.0,-4.8485,-0.04969982778795402,-0.03163102781866988
2018-10-12,3000.0,3000.0,3200.0,3170.0,60774.0,3294.0,0.9554,0.009508649167755847,0.009508649167755847
2018-10-15,3170.0,3170.0,3255.0,3195.0,38231.0,3245.0,0.7886,0.007855068015333031,0.007855068015333031
2018-10-16,3195.0,3195.0,3270.0,3215.0,10466.0,3204.0,0.626,0.006240487589454281,0.006240487589454281
2018-10-17,3220.0,3220.0,3305.0,3300.0,25634.0,3204.0,2.6439,0.026095530479733564,0.026095530479733564
2018-10-18,3300.0,3270.0,3340.0,3340.0,51206.0,3244.0,1.2121,0.01204812893531426,0.01204812893531426
2018-10-19,3310.0,3300.0,3370.0,3360.0,42943.0,3282.0,0.5988,0.005970143176979828,0.005970143176979828
2018-10-22,3360.0,3330.0,3420.0,3390.0,34948.0,3321.0,0.8929,0.008889372195916834,0.008889372195916834
2018-10-23,3390.0,3275.0,3410.0,3370.0,40271.0,3352.0,-0.59,-0.005917473764037623,-0.005917473764037623
2018-10-24,3355.0,3340.0,3455.0,3370.0,53476.0,3366.0,0.0,0.0,0.0
2018-10-25,3315.0,3205.0,3375.0,3370.0,76892.0,3372.0,0.0,0.0,0.0
2018-10-26,3395.0,3235.0,3400.0,3340.0,41543.0,3368.0,-0.8902,-0.008941859531352925,-0.008941859531352925
2018-10-29,3230.0,3165.0,3340.0,3210.0,74486.0,3332.0,-3.8922,-0.039699707852928215,-0.03163102781866988
2018-10-30,3190.0,3100.0,3300.0,3300.0,67161.0,3318.0,2.8037,0.02765115860316795,0.02765115860316795
2018-10-31,3300.0,3200.0,3380.0,3290.0,29482.0,3302.0,-0.303,-0.0030345997438324165,-0.0030345997438324165
2018-11-01,3320.0,3220.0,3350.0,3240.0,58976.0,3276.0,-1.5198,-0.015314673244743532,-0.015314673244743532
2018-11-02,3245.0,3245.0,3370.0,3365.0,40861.0,3281.0,3.858,0.03785439555096874,0.031020839739783364
2018-11-05,3360.0,3270.0,3370.0,3350.0,27722.0,3309.0,-0.4458,-0.004467966513508355,-0.004467966513508355
2018-11-06,3385.0,3280.0,3385.0,3315.0,15311.0,3312.0,-1.0448,-0.01050296352647852,-0.01050296352647852
2018-11-07,3350.0,3235.0,3395.0,3370.0,22881.0,3328.0,1.6591,0.01645487295193314,0.01645487295193314
2018-11-08,3390.0,3320.0,3425.0,3385.0,34101.0,3357.0,0.4451,0.004441123595240469,0.004441123595240469
2018-11-09,3400.0,3320.0,3410.0,3395.0,23270.0,3363.0,0.2954,0.002949645515324057,0.002949645515324057
2018-11-12,3390.0,3320.0,3445.0,3420.0,20689.0,3377.0,0.7364,0.007337018134003692,0.007337018134003692
2018-11-13,3400.0,3290.0,3420.0,3410.0,55348.0,3396.0,-0.2924,-0.0029282832394992324,-0.0029282832394992324
2018-11-14,3610.0,3375.0,3620.0,3440.0,409571.0,3410.0,0.8798,0.008759523113078626,0.008759523113078626
2018-11-15,3440.0,3370.0,3440.0,3440.0,51547.0,3421.0,0.0,0.0,0.0
2018-11-16,3450.0,3400.0,3510.0,3510.0,157475.0,3444.0,2.0349,0.020144725636614225,0.020144725636614225
2018-11-19,3515.0,3495.0,3615.0,3610.0,108867.0,3482.0,2.849,0.02809170716618361,0.02809170716618361
2018-11-20,3545.0,3545.0,3620.0,3560.0,58367.0,3512.0,-1.385,-0.013946806132624653,-0.013946806132624653
2018-11-21,3550.0,3510.0,3610.0,3605.0,40904.0,3545.0,1.264,0.012560782044858158,0.012560782044858158
2018-11-22,3600.0,3545.0,3610.0,3600.0,22319.0,3577.0,-0.1387,-0.0013879627748488112,-0.0013879627748488112
2018-11-23,3600.0,3565.0,3640.0,3565.0,31819.0,3588.0,-0.9722,-0.009769567191903177,-0.009769567191903177
2018-11-26,3505.0,3505.0,3605.0,3575.0,17847.0,3581.0,0.2805,0.0028010733286615154,0.0028010733286615154
2018-11-27,3575.0,3515.0,3600.0,3575.0,20995.0,3584.0,0.0,0.0,0.0
2018-11-28,3560.0,3560.0,3630.0,3590.0,22321.0,3581.0,0.4196,0.00418722134027003,0.00418722134027003
2018-11-29,3600.0,3545.0,3605.0,3550.0,34309.0,3571.0,-1.1142,-0.011204537041033996,-0.011204537041033996
2018-11-30,3550.0,3505.0,3595.0,3565.0,21056.0,3571.0,0.4225,0.004216099747737239,0.004216099747737239
2018-12-03,3570.0,3515.0,3600.0,3575.0,21683.0,3571.0,0.2805,0.0028010733286615154,0.0028010733286615154
2018-12-04,3550.0,3540.0,3580.0,3555.0,10958.0,3567.0,-0.5594,-0.005609705014619286,-0.005609705014619286
2018-12-05,3515.0,3515.0,3565.0,3530.0,16746.0,3555.0,-0.7032,-0.007056841035273,-0.007056841035273
2018-12-06,3530.0,3490.0,3560.0,3540.0,33841.0,3553.0,0.2833,0.0028289946185472855,0.0028289946185472855
2018-12-07,3510.0,3500.0,3535.0,3505.0,11271.0,3541.0,-0.9887,-0.00993620095299557,-0.00993620095299557
2018-12-10,3505.0,3450.0,3510.0,3495.0,20839.0,3525.0,-0.2853,-0.002857077561869356,-0.002857077561869356
2018-12-11,3495.0,3445.0,3500.0,3475.0,19172.0,3509.0,-0.5722,-0.00573843335977294,-0.00573843335977294
2018-12-12,3500.0,3440.0,3500.0,3480.0,73634.0,3499.0,0.1439,0.001437965631685069,0.001437965631685069
2018-12-13,3480.0,3480.0,3580.0,3555.0,31747.0,3502.0,2.1552,0.021323039510978876,0.021323039510978876
2018-12-14,3555.0,3545.0,3590.0,3565.0,32200.0,3514.0,0.2813,0.0028090509196085954,0.0028090509196085954
2018-12-17,3580.0,3550.0,3675.0,3630.0,62465.0,3541.0,1.8233,0.018068772096434725,0.018068772096434725
2018-12-18,3635.0,3545.0,3675.0,3645.0,66237.0,3575.0,0.4132,0.004123486731160633,0.004123486731160633
2018-12-19,3665.0,3640.0,3680.0,3655.0,83288.0,3610.0,0.2743,0.0027392448408669,0.0027392448408669
2018-12-20,3655.0,3635.0,3770.0,3740.0,116057.0,3647.0,2.3256,0.022989700042863975,0.022989700042863975
2018-12-21,3740.0,3695.0,3750.0,3695.0,76487.0,3673.0,-1.2032,-0.012104970422760994,-0.012104970422760994
2018-12-24,3695.0,3665.0,3745.0,3715.0,80413.0,3690.0,0.5413,0.005398402369787651,0.005398402369787651
2018-12-26,3695.0,3555.0,3695.0,3640.0,66412.0,3689.0,-2.0188,-0.020394562455233318,-0.020394562455233318
2018-12-27,3640.0,3640.0,3740.0,3735.0,64413.0,3705.0,2.6099,0.025764233321668953,0.025764233321668953
2018-12-28,3730.0,3690.0,3760.0,3745.0,74314.0,3706.0,0.2677,0.002673423217442652,0.002673423217442652
2018-12-31,3730.0,3690.0,3760.0,3745.0,74314.0,3706.0,0.0,0.0,0.0
2019-01-02,3745.0,3640.0,3780.0,3700.0,140827.0,3707.0,-1.2016,-0.012088775697382679,-0.012088775697382679
2019-01-03,3695.0,3665.0,3710.0,3690.0,21718.0,3702.0,-0.2703,-0.0027066597007684152,-0.0027066597007684152
2019-01-04,3650.0,3595.0,3680.0,3660.0,99945.0,3706.0,-0.813,-0.008163228671951153,-0.008163228671951153
2019-01-07,3700.0,3660.0,3735.0,3695.0,35146.0,3698.0,0.9563,0.009517563955754744,0.009517563955754744
2019-01-08,3695.0,3655.0,3740.0,3730.0,94924.0,3695.0,0.9472,0.009427421882871727,0.009427421882871727
2019-01-09,3710.0,3710.0,3920.0,3840.0,357255.0,3723.0,2.9491,0.029064505339675247,0.029064505339675247
2019-01-10,3845.0,3805.0,3975.0,3930.0,375192.0,3771.0,2.3438,0.023167547831033426,0.023167547831033426
2019-01-11,3950.0,3945.0,4170.0,4070.0,464244.0,3853.0,3.5623,0.0350031779958599,0.031020839739783364
2019-01-14,4070.0,3960.0,4120.0,4030.0,267853.0,3920.0,-0.9828,-0.00987661357035369,-0.00987661357035369
2019-01-15,4030.0,4010.0,4155.0,4045.0,221631.0,3983.0,0.3722,0.003715090497471735,0.003715090497471735
2019-01-16,4025.0,4025.0,4120.0,4045.0,137262.0,4024.0,0.0,0.0,0.0
2019-01-17,4050.0,3925.0,4075.0,3955.0,224883.0,4029.0,-2.225,-0.022501265346513543,-0.022501265346513543
2019-01-18,3965.0,3920.0,4055.0,4030.0,200180.0,4021.0,1.8963,0.018785443473410927,0.018785443473410927
2019-01-21,4060.0,4005.0,4085.0,4070.0,108629.0,4029.0,0.9926,0.009877060842253817,0.009877060842253817
2019-01-22,4055.0,3995.0,4115.0,4090.0,159018.0,4038.0,0.4914,0.0049019657102312795,0.0049019657102312795
2019-01-23,4090.0,4060.0,4200.0,4190.0,355875.0,4067.0,2.445,0.024155883211071188,0.024155883211071188
2019-01-24,4200.0,4105.0,4205.0,4130.0,178500.0,4102.0,-1.432,-0.01442352066572422,-0.01442352066572422
2019-01-25,4125.0,4045.0,4165.0,4110.0,176122.0,4118.0,-0.4843,-0.0048547653261868905,-0.0048547653261868905
2019-01-28,4120.0,4045.0,4135.0,4070.0,136714.0,4118.0,-0.9732,-0.00977966541734206,-0.00977966541734206
2019-01-29,4085.0,4000.0,4085.0,4040.0,186099.0,4108.0,-0.7371,-0.007398300055702389,-0.007398300055702389
2019-01-30,4090.0,4025.0,4090.0,4045.0,122117.0,4079.0,0.1238,0.0012372343098844946,0.0012372343098844946
2019-01-31,4045.0,3995.0,4080.0,4030.0,60285.0,4059.0,-0.3708,-0.003714891673491542,-0.003714891673491542
2019-02-01,4030.0,3960.0,4050.0,4000.0,114863.0,4037.0,-0.7444,-0.007471844838715451,-0.007471844838715451
2019-02-04,4030.0,3960.0,4050.0,4000.0,114863.0,4037.0,0.0,0.0,0.0
2019-02-05,4030.0,3960.0,4050.0,4000.0,114863.0,4037.0,0.0,0.0,0.0
2019-02-06,4030.0,3960.0,4050.0,4000.0,114863.0,4037.0,0.0,0.0,0.0
2019-02-07,4010.0,3940.0,4020.0,3970.0,133009.0,4017.0,-0.75,-0.0075282664207915245,-0.0075282664207915245
2019-02-08,3965.0,3930.0,4045.0,3985.0,148428.0,4006.0,0.3778,0.00377088128204417,0.00377088128204417
2019-02-11,4010.0,3965.0,4095.0,3970.0,138068.0,3991.0,-0.3764,-0.003771101674068387,-0.003771101674068387
2019-02-12,4005.0,3935.0,4010.0,3975.0,143369.0,3980.0,0.1259,0.0012582081240780703,0.0012582081240780703
2019-02-13,3980.0,3950.0,4005.0,3990.0,86946.0,3978.0,0.3774,0.0037668963292258914,0.0037668963292258914
2019-02-14,3990.0,3950.0,4005.0,3990.0,114903.0,3982.0,0.0,0.0,0.0
2019-02-15,3990.0,3935.0,4010.0,3935.0,71313.0,3972.0,-1.3784,-0.013879881434039659,-0.013879881434039659
2019-02-18,3935.0,3900.0,3990.0,3980.0,141334.0,3974.0,1.1436,0.011371103256111768,0.011371103256111768
2019-02-19,3990.0,3935.0,3990.0,3955.0,62548.0,3970.0,-0.6281,-0.006300808468721987,-0.006300808468721987
2019-02-20,3955.0,3910.0,3955.0,3910.0,133492.0,3954.0,-1.1378,-0.011443224664798038,-0.011443224664798038
2019-02-21,3910.0,3825.0,3920.0,3845.0,142797.0,3925.0,-1.6624,-0.0167637294271842,-0.0167637294271842
2019-02-22,3845.0,3800.0,3880.0,3845.0,148659.0,3907.0,0.0,0.0,0.0
2019-02-25,3850.0,3800.0,3870.0,3820.0,94010.0,3875.0,-0.6502,-0.0065232300773446225,-0.0065232300773446225
2019-02-26,3820.0,3795.0,3875.0,3830.0,131631.0,3850.0,0.2618,0.0026145790074714945,0.0026145790074714945
2019-02-27,3830.0,3805.0,3860.0,3830.0,83835.0,3834.0,0.0,0.0,0.0
2019-02-28,3830.0,3820.0,3925.0,3825.0,156228.0,3830.0,-0.1305,-0.0013058522540417069,-0.0013058522540417069
2019-03-01,3830.0,3820.0,3925.0,3825.0,156228.0,3830.0,0.0,0.0,0.0
2019-03-04,3835.0,3835.0,3920.0,3880.0,75841.0,3837.0,1.4379,0.014276602593792728,0.014276602593792728
2019-03-05,3900.0,3815.0,3900.0,3860.0,77219.0,3845.0,-0.5155,-0.005168332852808892,-0.005168332852808892
2019-03-06,3815.0,3810.0,3850.0,3815.0,48686.0,3842.0,-1.1658,-0.011726487285535858,-0.011726487285535858
2019-03-07,3815.0,3795.0,3855.0,3855.0,101458.0,3847.0,1.0485,0.010430413614797384,0.010430413614797384
2019-03-08,3810.0,3810.0,3875.0,3860.0,38757.0,3854.0,0.1297,0.0012961596220684042,0.0012961596220684042
2019-03-11,3815.0,3795.0,3880.0,3800.0,76554.0,3838.0,-1.5544,-0.015666074639137138,-0.015666074639137138
2019-03-12,3840.0,3810.0,3850.0,3815.0,25072.0,3829.0,0.3947,0.003939231031535767,0.003939231031535767
2019-03-13,3845.0,3800.0,3855.0,3835.0,69901.0,3833.0,0.5242,0.005228308544231103,0.005228308544231103
2019-03-14,3845.0,3845.0,3880.0,3860.0,59684.0,3834.0,0.6519,0.006497843217100947,0.006497843217100947
2019-03-15,3860.0,3835.0,3915.0,3885.0,113401.0,3839.0,0.6477,0.006456114371136057,0.006456114371136057
2019-03-18,3885.0,3855.0,3915.0,3915.0,114076.0,3862.0,0.7722,0.007692337960320389,0.007692337960320389
2019-03-19,3940.0,3895.0,3945.0,3945.0,121773.0,3888.0,0.7663,0.007633788353156611,0.007633788353156611
2019-03-20,3965.0,3910.0,3995.0,3960.0,180504.0,3913.0,0.3802,0.0037947906654821075,0.0037947906654821075
2019-03-21,3960.0,3890.0,3970.0,3970.0,80785.0,3935.0,0.2525,0.002521817543509488,0.002521817543509488
2019-03-22,3970.0,3900.0,3970.0,3905.0,60817.0,3939.0,-1.6373,-0.01650851883384768,-0.01650851883384768
2019-03-25,3860.0,3850.0,3920.0,3880.0,60636.0,3932.0,-0.6402,-0.006422580687396268,-0.006422580687396268
2019-03-26,3860.0,3820.0,3915.0,3915.0,53176.0,3926.0,0.9021,0.008980553840718462,0.008980553840718462
2019-03-27,3915.0,3870.0,3940.0,3940.0,60355.0,3922.0,0.6386,0.006365695897487269,0.006365695897487269
2019-03-28,3940.0,3840.0,3950.0,3855.0,41204.0,3899.0,-2.1574,-0.021810120963892198,-0.021810120963892198
2019-03-29,3850.0,3815.0,3900.0,3830.0,86812.0,3884.0,-0.6485,-0.006506118966344887,-0.006506118966344887
2019-04-01,3825.0,3825.0,3930.0,3900.0,58303.0,3888.0,1.8277,0.018111983276352328,0.018111983276352328
2019-04-02,3905.0,3895.0,3975.0,3955.0,160120.0,3896.0,1.4103,0.014004477919575126,0.014004477919575126
2019-04-03,3955.0,3905.0,3995.0,3995.0,95455.0,3907.0,1.0114,0.010063195770812307,0.010063195770812307
2019-04-04,3995.0,3955.0,4005.0,3980.0,78693.0,3932.0,-0.3755,-0.003762067710883696,-0.003762067710883696
2019-04-05,4000.0,3940.0,4000.0,3980.0,63814.0,3962.0,0.0,0.0,0.0
2019-04-08,3980.0,3935.0,3985.0,3960.0,65650.0,3974.0,-0.5025,-0.005037667767338813,-0.005037667767338813
2019-04-09,3980.0,3915.0,3980.0,3945.0,29633.0,3972.0,-0.3788,-0.003795192641562831,-0.003795192641562831
2019-04-10,3995.0,3945.0,4040.0,3985.0,306936.0,3970.0,1.0139,0.010087945146263023,0.010087945146263023
2019-04-11,3995.0,3965.0,4005.0,3980.0,113348.0,3970.0,-0.1255,-0.0012557881720062637,-0.0012557881720062637
2019-04-12,3980.0,3960.0,4025.0,4025.0,148557.0,3979.0,1.1307,0.011243553685874782,0.011243553685874782
2019-04-15,4045.0,4025.0,4090.0,4080.0,219331.0,4003.0,1.3665,0.013572475829778087,0.013572475829778087
2019-04-16,4080.0,4000.0,4080.0,4055.0,138776.0,4025.0,-0.6127,-0.006145847088007882,-0.006145847088007882
2019-04-17,4100.0,4015.0,4100.0,4070.0,102617.0,4042.0,0.3699,0.003692175523481613,0.003692175523481613
2019-04-18,4070.0,4040.0,4265.0,4200.0,1014468.0,4086.0,3.1941,0.03144149488243757,0.031020839739783364
2019-04-19,4355.0,4110.0,4460.0,4255.0,1949038.0,4132.0,1.3095,0.013010001718360975,0.013010001718360975
2019-04-22,4295.0,4255.0,4410.0,4350.0,920078.0,4186.0,2.2327,0.022081401466009166,0.022081401466009166
2019-04-23,4450.0,4405.0,4595.0,4520.0,2199078.0,4279.0,3.908,0.038335706265573095,0.031020839739783364
2019-04-24,4620.0,4425.0,4730.0,4470.0,1693150.0,4359.0,-1.1062,-0.01112363890993898,-0.01112363890993898
2019-04-25,4440.0,4290.0,4450.0,4290.0,577828.0,4377.0,-4.0268,-0.041101200161189365,-0.03163102781866988
2019-04-26,4285.0,4235.0,4380.0,4330.0,289555.0,4392.0,0.9324,0.009280799836597653,0.009280799836597653
2019-04-29,4360.0,4320.0,4495.0,4460.0,579031.0,4414.0,3.0023,0.029581132089318788,0.029581132089318788
2019-04-30,4485.0,4315.0,4485.0,4335.0,348708.0,4377.0,-2.8027,-0.02842725268528539,-0.02842725268528539
2019-05-01,4485.0,4315.0,4485.0,4335.0,348708.0,4377.0,0.0,0.0,0.0
2019-05-02,4290.0,4275.0,4355.0,4315.0,200937.0,4346.0,-0.4614,-0.00462467735420104,-0.00462467735420104
2019-05-03,4330.0,4250.0,4340.0,4320.0,215822.0,4352.0,0.1159,0.0011583288780034535,0.0011583288780034535
2019-05-06,4330.0,4250.0,4340.0,4320.0,215822.0,4352.0,0.0,0.0,0.0
2019-05-07,4270.0,4250.0,4365.0,4345.0,233800.0,4355.0,0.5787,0.005770319637400168,0.005770319637400168
2019-05-08,4295.0,4230.0,4340.0,4250.0,200618.0,4313.0,-2.1864,-0.02210655931046509,-0.02210655931046509
2019-05-09,4220.0,4075.0,4255.0,4140.0,357184.0,4274.0,-2.5882,-0.026222832780327464,-0.026222832780327464
2019-05-10,4120.0,4035.0,4180.0,4115.0,220593.0,4234.0,-0.6039,-0.006057308507766812,-0.006057308507766812
2019-05-13,4135.0,3985.0,4140.0,4010.0,196154.0,4172.0,-2.5516,-0.025847178845553702,-0.025847178845553702
2019-05-14,3965.0,3870.0,4125.0,4060.0,529121.0,4115.0,1.2469,0.012391902245887994,0.012391902245887994
2019-05-15,4100.0,4025.0,4100.0,4055.0,180798.0,4076.0,-0.1232,-0.0012327595358962492,-0.0012327595358962492
2019-05-16,4055.0,4015.0,4125.0,4125.0,294047.0,4073.0,1.7263,0.017115687370720178,0.017115687370720178
2019-05-17,4125.0,4125.0,4310.0,4220.0,354046.0,4094.0,2.303,0.022768812052701558,0.022768812052701558
2019-05-20,4180.0,4095.0,4270.0,4140.0,130153.0,4120.0,-1.8957,-0.019138987553754778,-0.019138987553754778
2019-05-21,4130.0,4010.0,4140.0,4065.0,256633.0,4121.0,-1.8116,-0.018282103878041273,-0.018282103878041273
2019-05-22,4095.0,4020.0,4095.0,4050.0,110282.0,4120.0,-0.369,-0.003696824844289762,-0.003696824844289762
2019-05-23,4030.0,3880.0,4055.0,3905.0,319642.0,4076.0,-3.5802,-0.03645861127121903,-0.03163102781866988
2019-05-24,3900.0,3835.0,3960.0,3855.0,211148.0,4003.0,-1.2804,-0.01288667770307992,-0.01288667770307992
2019-05-27,3945.0,3900.0,4130.0,4060.0,388678.0,3987.0,5.3178,0.05181225970175373,0.031020839739783364
2019-05-28,4030.0,3985.0,4085.0,4080.0,107552.0,3990.0,0.4926,0.0049139069592859744,0.0049139069592859744
2019-05-29,4085.0,3980.0,4090.0,4020.0,184858.0,3984.0,-1.4706,-0.014815205188132839,-0.014815205188132839
2019-05-30,4105.0,4035.0,4210.0,4140.0,461596.0,4031.0,2.9851,0.029414131583074637,0.029414131583074637
2019-05-31,4220.0,4170.0,4465.0,4410.0,1738152.0,4142.0,6.5217,0.06317853427452544,0.031020839739783364
2019-06-03,4550.0,4440.0,4650.0,4505.0,1928846.0,4231.0,2.1542,0.02131325043617356,0.02131325043617356
2019-06-04,4505.0,4390.0,4570.0,4545.0,741303.0,4324.0,0.8879,0.008839813466830502,0.008839813466830502
2019-06-05,4545.0,4500.0,4710.0,4560.0,1022369.0,4432.0,0.33,0.0032945669494301114,0.0032945669494301114
2019-06-06,4545.0,4500.0,4710.0,4560.0,1022369.0,4432.0,0.0,0.0,0.0
2019-06-07,4565.0,4540.0,4655.0,4590.0,500602.0,4522.0,0.6579,0.006557452833739298,0.006557452833739298
2019-06-10,4590.0,4540.0,4715.0,4695.0,833555.0,4579.0,2.2876,0.022618267501494357,0.022618267501494357
2019-06-11,4720.0,4640.0,4785.0,4780.0,540712.0,4634.0,1.8104,0.017942074010437556,0.017942074010437556
2019-06-12,4790.0,4735.0,4985.0,4830.0,1015435.0,4691.0,1.046,0.010405672713880794,0.010405672713880794
2019-06-13,4820.0,4820.0,5060.0,5010.0,1048862.0,4781.0,3.7267,0.03658936958797764,0.031020839739783364
2019-06-14,5020.0,4850.0,5060.0,4980.0,603679.0,4859.0,-0.5988,-0.0060059999638266155,-0.0060059999638266155
2019-06-17,5000.0,4850.0,5040.0,4955.0,302585.0,4911.0,-0.502,-0.005032642528074677,-0.005032642528074677
2019-06-18,4910.0,4860.0,5010.0,4910.0,266495.0,4937.0,-0.9082,-0.00912349277800172,-0.00912349277800172
2019-06-19,4965.0,4850.0,4970.0,4920.0,377572.0,4955.0,0.2037,0.002034928128624304,0.002034928128624304
2019-06-20,4920.0,4860.0,5080.0,4935.0,271620.0,4940.0,0.3049,0.003044361226189095,0.003044361226189095
2019-06-21,4935.0,4845.0,4945.0,4870.0,213255.0,4918.0,-1.3171,-0.013258506838200663,-0.013258506838200663
2019-06-24,4860.0,4750.0,4930.0,4850.0,349912.0,4897.0,-0.4107,-0.004115456887399861,-0.004115456887399861
2019-06-25,4845.0,4680.0,4875.0,4730.0,224245.0,4861.0,-2.4742,-0.025053227604150408,-0.025053227604150408
2019-06-26,4715.0,4670.0,4785.0,4755.0,213220.0,4828.0,0.5285,0.0052710833987907,0.0052710833987907
2019-06-27,4730.0,4730.0,4940.0,4870.0,354488.0,4815.0,2.4185,0.023897174362029535,0.023897174362029535
2019-06-28,4870.0,4650.0,4900.0,4695.0,385366.0,4780.0,-3.5934,-0.03659552198490368,-0.03163102781866988
2019-07-01,4615.0,4600.0,4750.0,4655.0,235896.0,4741.0,-0.852,-0.008556502683120734,-0.008556502683120734
2019-07-02,4600.0,4560.0,4685.0,4630.0,227629.0,4721.0,-0.5371,-0.005385475676337837,-0.005385475676337837
2019-07-03,4610.0,4520.0,4645.0,4555.0,194677.0,4681.0,-1.6199,-0.016331638154652644,-0.016331638154652644
2019-07-04,4520.0,4425.0,4575.0,4445.0,161290.0,4596.0,-2.4149,-0.024445368157795352,-0.024445368157795352
2019-07-05,4415.0,4410.0,4510.0,4460.0,194895.0,4549.0,0.3375,0.00336931746960378,0.00336931746960378
2019-07-08,4460.0,4250.0,4475.0,4290.0,392212.0,4476.0,-3.8117,-0.038862457334561284,-0.03163102781866988
2019-07-09,4255.0,4165.0,4380.0,4190.0,244071.0,4388.0,-2.331,-0.023585975139531132,-0.023585975139531132
2019-07-10,4195.0,4170.0,4250.0,4210.0,138246.0,4319.0,0.4773,0.004761645351656513,0.004761645351656513
2019-07-11,4210.0,4145.0,4230.0,4175.0,199308.0,4265.0,-0.8314,-0.008348754062237932,-0.008348754062237932
2019-07-12,4175.0,4130.0,4210.0,4200.0,171423.0,4213.0,0.5988,0.005970143176979828,0.005970143176979828
2019-07-15,4195.0,4000.0,4200.0,4010.0,261859.0,4157.0,-4.5238,-0.04629318422022634,-0.03163102781866988
2019-07-16,4010.0,3880.0,4040.0,3945.0,324046.0,4108.0,-1.6209,-0.016341802863596523,-0.016341802863596523
2019-07-17,3900.0,3830.0,3950.0,3880.0,222647.0,4042.0,-1.6477,-0.016614255559666138,-0.016614255559666138
2019-07-18,3845.0,3845.0,3950.0,3885.0,102956.0,3984.0,0.1289,0.001288169952710833,0.001288169952710833
2019-07-19,3930.0,3900.0,3970.0,3915.0,107992.0,3927.0,0.7722,0.007692337960320389,0.007692337960320389
2019-07-22,3930.0,3835.0,3930.0,3850.0,105936.0,3895.0,-1.6603,-0.01674237464958583,-0.01674237464958583
2019-07-23,3820.0,3790.0,3865.0,3790.0,130331.0,3864.0,-1.5584,-0.01570670704185864,-0.01570670704185864
2019-07-24,3780.0,3690.0,3810.0,3700.0,126679.0,3828.0,-2.3747,-0.02403350484960822,-0.02403350484960822
2019-07-25,3680.0,3630.0,3715.0,3675.0,126314.0,3786.0,-0.6757,-0.006779931883367946,-0.006779931883367946
2019-07-26,3645.0,3600.0,3675.0,3605.0,79074.0,3724.0,-1.9048,-0.019231750277477522,-0.019231750277477522
2019-07-29,3570.0,3450.0,3610.0,3470.0,143442.0,3648.0,-3.7448,-0.0381671883055222,-0.03163102781866988
2019-07-30,3470.0,3470.0,3635.0,3610.0,99896.0,3612.0,4.0346,0.03955335013115933,0.031020839739783364
2019-07-31,3610.0,3490.0,3630.0,3555.0,130695.0,3583.0,-1.5235,-0.015352244954671964,-0.015352244954671964
2019-08-01,3560.0,3490.0,3570.0,3495.0,77252.0,3547.0,-1.6878,-0.017022056668211133,-0.017022056668211133
2019-08-02,3475.0,3445.0,3550.0,3530.0,77976.0,3532.0,1.0014,0.00996419214323854,0.00996419214323854
2019-08-05,3550.0,3300.0,3550.0,3330.0,135515.0,3504.0,-5.6657,-0.058325329715643796,-0.03163102781866988
2019-08-06,3250.0,3170.0,3440.0,3265.0,152233.0,3435.0,-1.952,-0.019713031310019936,-0.019713031310019936
2019-08-07,3205.0,3205.0,3460.0,3360.0,76423.0,3396.0,2.9096,0.028680746960896425,0.028680746960896425
2019-08-08,3375.0,3350.0,3500.0,3490.0,92026.0,3395.0,3.869,0.03796030378639567,0.031020839739783364
2019-08-09,3505.0,3450.0,3525.0,3495.0,87363.0,3388.0,0.1433,0.001431974235330266,0.001431974235330266
2019-08-12,3495.0,3435.0,3515.0,3500.0,51308.0,3422.0,0.1431,0.0014299770952348246,0.0014299770952348246
2019-08-13,3485.0,3445.0,3500.0,3480.0,43856.0,3465.0,-0.5714,-0.005730387352704471,-0.005730387352704471
2019-08-14,3480.0,3480.0,3585.0,3535.0,84499.0,3500.0,1.5805,0.015681401601678715,0.015681401601678715
2019-08-15,3480.0,3480.0,3585.0,3535.0,84499.0,3500.0,0.0,0.0,0.0
2019-08-16,3520.0,3435.0,3520.0,3480.0,97497.0,3498.0,-1.5559,-0.015681311596682686,-0.015681311596682686
2019-08-19,3485.0,3480.0,3640.0,3625.0,124658.0,3524.0,4.1667,0.04082231452020383,0.031020839739783364
2019-08-20,3615.0,3595.0,3700.0,3625.0,111043.0,3549.0,0.0,0.0,0.0
2019-08-21,3595.0,3565.0,3630.0,3630.0,85023.0,3579.0,0.1379,0.0013780500527179353,0.0013780500527179353
2019-08-22,3630.0,3610.0,3895.0,3705.0,681516.0,3613.0,2.0661,0.02045045662512516,0.02045045662512516
2019-08-23,3680.0,3570.0,3770.0,3740.0,171279.0,3665.0,0.9447,0.009402656154280119,0.009402656154280119
2019-08-26,3610.0,3550.0,3685.0,3570.0,94091.0,3654.0,-4.5455,-0.04652049182548245,-0.03163102781866988
2019-08-27,3650.0,3545.0,3660.0,3545.0,57422.0,3638.0,-0.7003,-0.007027636089564372,-0.007027636089564372
2019-08-28,3530.0,3505.0,3685.0,3645.0,95245.0,3641.0,2.8209,0.027818453761822116,0.027818453761822116
2019-08-29,3720.0,3615.0,3720.0,3630.0,72718.0,3626.0,-0.4115,-0.0041234899111605924,-0.0041234899111605924
2019-08-30,3700.0,3635.0,3765.0,3715.0,159540.0,3621.0,2.3416,0.02314605142728327,0.02314605142728327
2019-09-02,3730.0,3675.0,3770.0,3715.0,87991.0,3650.0,0.0,0.0,0.0
2019-09-03,3720.0,3645.0,3720.0,3685.0,68269.0,3678.0,-0.8075,-0.008107779394163872,-0.008107779394163872
2019-09-04,3685.0,3635.0,3705.0,3700.0,84157.0,3689.0,0.4071,0.004062735900673028,0.004062735900673028
2019-09-05,3730.0,3695.0,3760.0,3740.0,102933.0,3711.0,1.0811,0.010752978942019596,0.010752978942019596
2019-09-06,3785.0,3720.0,3785.0,3725.0,62144.0,3713.0,-0.4011,-0.004019065635233001,-0.004019065635233001
2019-09-09,3725.0,3690.0,3750.0,3700.0,67108.0,3710.0,-0.6711,-0.006733620019266877,-0.006733620019266877
2019-09-10,3700.0,3650.0,3775.0,3725.0,87372.0,3718.0,0.6757,0.006734273792053048,0.006734273792053048
2019-09-11,3740.0,3705.0,3850.0,3765.0,94761.0,3731.0,1.0738,0.010680757096264959,0.010680757096264959
2019-09-12,3740.0,3705.0,3850.0,3765.0,94761.0,3731.0,0.0,0.0,0.0
2019-09-13,3740.0,3705.0,3850.0,3765.0,94761.0,3731.0,0.0,0.0,0.0
2019-09-16,3800.0,3765.0,3810.0,3780.0,49121.0,3739.0,0.3984,0.0039760848875739,0.0039760848875739
2019-09-17,4415.0,4205.0,4820.0,4775.0,4624368.0,3949.0,26.3228,0.23367034964143715,0.031020839739783364
2019-09-18,5030.0,4630.0,5400.0,4840.0,4671454.0,4177.0,1.3613,0.01352117551476323,0.01352117551476323
2019-09-19,4740.0,4265.0,4750.0,4295.0,1482449.0,4291.0,-11.2603,-0.11946282070565227,-0.03163102781866988
2019-09-20,4200.0,4155.0,4615.0,4410.0,1866673.0,4420.0,2.6775,0.026422822231104096,0.026422822231104096
2019-09-23,4200.0,4115.0,4310.0,4130.0,850504.0,4490.0,-6.3492,-0.06559721468920536,-0.03163102781866988
2019-09-24,4650.0,4260.0,4680.0,4360.0,1439250.0,4407.0,5.569,0.05419458158065976,0.031020839739783364
2019-09-25,4360.0,4320.0,5150.0,4775.0,7865511.0,4394.0,9.5183,0.09092147259259449,0.031020839739783364
2019-09-26,4670.0,4555.0,4965.0,4810.0,2422977.0,4497.0,0.733,0.007303266110120069,0.007303266110120069
2019-09-27,4860.0,4695.0,5010.0,4875.0,3393897.0,4590.0,1.3514,0.013423500332025513,0.013423500332025513
2019-09-30,4705.0,4600.0,4900.0,4680.0,1119481.0,4700.0,-4.0,-0.040821994520255166,-0.03163102781866988
2019-10-01,4565.0,4295.0,4565.0,4305.0,1066429.0,4689.0,-8.0128,-0.08352074905337041,-0.03163102781866988
2019-10-02,4480.0,4365.0,4510.0,4430.0,944742.0,4620.0,2.9036,0.028622441662677512,0.028622441662677512
2019-10-03,4480.0,4365.0,4510.0,4430.0,944742.0,4620.0,0.0,0.0,0.0
2019-10-04,4485.0,4420.0,4740.0,4465.0,1926032.0,4551.0,0.7901,0.007869950540123748,0.007869950540123748
2019-10-07,4285.0,4130.0,4510.0,4495.0,889129.0,4475.0,0.6719,0.006696528122370872,0.006696528122370872
2019-10-08,4400.0,4355.0,4580.0,4450.0,659085.0,4429.0,-1.0011,-0.010061447026341397,-0.010061447026341397
2019-10-09,4400.0,4355.0,4580.0,4450.0,659085.0,4429.0,0.0,0.0,0.0
2019-10-10,4595.0,4290.0,4610.0,4320.0,697188.0,4432.0,-2.9213,-0.029648196237068606,-0.029648196237068606
2019-10-11,4275.0,4205.0,4420.0,4355.0,449558.0,4417.0,0.8102,0.008069355005956522,0.008069355005956522
2019-10-14,4355.0,4255.0,4420.0,4270.0,433830.0,4378.0,-1.9518,-0.01971099149486804,-0.01971099149486804
2019-10-15,4220.0,4220.0,4435.0,4390.0,407960.0,4357.0,2.8103,0.027715356566363616,0.027715356566363616
2019-10-16,4410.0,4275.0,4530.0,4435.0,592514.0,4354.0,1.0251,0.010198814829952645,0.010198814829952645
2019-10-17,4365.0,4270.0,4395.0,4295.0,331874.0,4349.0,-3.1567,-0.03207597767107842,-0.03163102781866988
2019-10-18,4295.0,4200.0,4365.0,4275.0,283122.0,4333.0,-0.4657,-0.004667877608988812,-0.004667877608988812
2019-10-21,4200.0,4020.0,4205.0,4040.0,473994.0,4287.0,-5.4971,-0.056539664128568305,-0.03163102781866988
2019-10-22,4065.0,3920.0,4070.0,3950.0,322716.0,4199.0,-2.2277,-0.02252888014866291,-0.02252888014866291
2019-10-23,3975.0,3810.0,3980.0,3840.0,430586.0,4080.0,-2.7848,-0.028243108146733753,-0.028243108146733753
2019-10-24,3820.0,3820.0,3880.0,3850.0,144952.0,3991.0,0.2604,0.0026006154662773662,0.0026006154662773662
2019-10-25,3870.0,3780.0,3870.0,3790.0,185176.0,3894.0,-1.5584,-0.01570670704185864,-0.01570670704185864
2019-10-28,3790.0,3780.0,3830.0,3795.0,136445.0,3845.0,0.1319,0.0013181308836590952,0.0013181308836590952
2019-10-29,3780.0,3750.0,3835.0,3755.0,158771.0,3806.0,-1.054,-0.010595939213403363,-0.010595939213403363
2019-10-30,3770.0,3735.0,3835.0,3830.0,131620.0,3804.0,1.9973,0.019776156357592233,0.019776156357592233
2019-10-31,3800.0,3760.0,3880.0,3765.0,164601.0,3787.0,-1.6971,-0.017116657744190918,-0.017116657744190918
2019-11-01,3800.0,3770.0,3860.0,3840.0,122553.0,3797.0,1.992,0.0197241928477297,0.0197241928477297
2019-11-04,3880.0,3835.0,3915.0,3860.0,136141.0,3810.0,0.5208,0.005194485270831507,0.005194485270831507
2019-11-05,3900.0,3840.0,3900.0,3875.0,78257.0,3834.0,0.3886,0.0038784690059901817,0.0038784690059901817
2019-11-06,3860.0,3860.0,3940.0,3930.0,88734.0,3854.0,1.4194,0.014094208368381312,0.014094208368381312
2019-11-07,3930.0,3865.0,3940.0,3915.0,80576.0,3884.0,-0.3817,-0.00382430333497653,-0.00382430333497653
2019-11-08,3940.0,3895.0,3990.0,3935.0,127632.0,3903.0,0.5109,0.005095993341369535,0.005095993341369535
2019-11-11,3935.0,3855.0,3955.0,3880.0,69044.0,3907.0,-1.3977,-0.014075598079553789,-0.014075598079553789
2019-11-12,3860.0,3850.0,3925.0,3915.0,93974.0,3915.0,0.9021,0.008980553840718462,0.008980553840718462
2019-11-13,3920.0,3845.0,3925.0,3885.0,86846.0,3906.0,-0.7663,-0.007692511646335441,-0.007692511646335441
2019-11-14,3885.0,3700.0,3900.0,3710.0,342899.0,3865.0,-4.5045,-0.046091060030456786,-0.03163102781866988
2019-11-15,3685.0,3685.0,3790.0,3745.0,179103.0,3827.0,0.9434,0.009389777733015844,0.009389777733015844
2019-11-18,3745.0,3725.0,3795.0,3745.0,113785.0,3800.0,0.0,0.0,0.0
2019-11-19,3715.0,3635.0,3765.0,3660.0,158701.0,3749.0,-2.2697,-0.022958541960282092,-0.022958541960282092
2019-11-20,3670.0,3565.0,3680.0,3575.0,143227.0,3687.0,-2.3224,-0.023497926512060174,-0.023497926512060174
2019-11-21,3570.0,3530.0,3650.0,3540.0,164418.0,3653.0,-0.979,-0.009838237135903522,-0.009838237135903522
2019-11-22,3520.0,3510.0,3595.0,3530.0,89528.0,3610.0,-0.2825,-0.002828997843547172,-0.002828997843547172
2019-11-25,3515.0,3515.0,3655.0,3620.0,109583.0,3585.0,2.5496,0.02517639798636736,0.02517639798636736
2019-11-26,3605.0,3585.0,3650.0,3620.0,48923.0,3577.0,0.0,0.0,0.0
2019-11-27,3600.0,3535.0,3630.0,3540.0,92024.0,3570.0,-2.2099,-0.02234684106498265,-0.02234684106498265
2019-11-28,3540.0,3500.0,3605.0,3540.0,127453.0,3570.0,0.0,0.0,0.0
2019-11-29,3505.0,3440.0,3540.0,3475.0,159663.0,3559.0,-1.8362,-0.01853267402829889,-0.01853267402829889
2019-12-02,3470.0,3415.0,3480.0,3445.0,85550.0,3524.0,-0.8633,-0.008670480211515372,-0.008670480211515372
2019-12-03,3405.0,3380.0,3450.0,3415.0,128633.0,3483.0,-0.8708,-0.008746136186683892,-0.008746136186683892
2019-12-04,3435.0,3375.0,3445.0,3380.0,179761.0,3451.0,-1.0249,-0.010301882640256872,-0.010301882640256872
2019-12-05,3370.0,3325.0,3430.0,3335.0,174880.0,3410.0,-1.3314,-0.013403425929517702,-0.013403425929517702
2019-12-06,3320.0,3320.0,3425.0,3410.0,179870.0,3397.0,2.2489,0.022239850930742353,0.022239850930742353
2019-12-09,3400.0,3365.0,3440.0,3405.0,139301.0,3389.0,-0.1466,-0.0014670756293769396,-0.0014670756293769396
2019-12-10,3405.0,3395.0,3485.0,3455.0,98765.0,3397.0,1.4684,0.014577233971228655,0.014577233971228655
2019-12-11,3430.0,3430.0,3505.0,3455.0,82289.0,3412.0,0.0,0.0,0.0
2019-12-12,3450.0,3450.0,3500.0,3500.0,38872.0,3445.0,1.3025,0.012940904132800529,0.012940904132800529
2019-12-13,3520.0,3450.0,3530.0,3510.0,65213.0,3465.0,0.2857,0.0028529265322539596,0.0028529265322539596
2019-12-16,3510.0,3470.0,3550.0,3525.0,55566.0,3489.0,0.4274,0.004264892403357092,0.004264892403357092
2019-12-17,3520.0,3500.0,3545.0,3540.0,66489.0,3506.0,0.4255,0.00424597308479034,0.00424597308479034
2019-12-18,3540.0,3510.0,3570.0,3555.0,43613.0,3526.0,0.4237,0.004228049189648777,0.004228049189648777
2019-12-19,3530.0,3525.0,3600.0,3535.0,75303.0,3533.0,-0.5626,-0.005641885547411041,-0.005641885547411041
2019-12-20,3525.0,3520.0,3560.0,3540.0,101931.0,3539.0,0.1414,0.0014130012433837408,0.0014130012433837408
2019-12-23,3585.0,3500.0,3585.0,3510.0,49546.0,3536.0,-0.8475,-0.008511117018427316,-0.008511117018427316
2019-12-24,3545.0,3470.0,3545.0,3500.0,60965.0,3528.0,-0.2849,-0.002853066125263584,-0.002853066125263584
2019-12-26,3470.0,3470.0,3530.0,3530.0,73909.0,3523.0,0.8571,0.008534477520568757,0.008534477520568757
2019-12-27,3480.0,3480.0,3550.0,3525.0,58032.0,3521.0,-0.1416,-0.001417003475392607,-0.001417003475392607
2019-12-30,3525.0,3520.0,3580.0,3570.0,44367.0,3527.0,1.2766,0.012685201544121628,0.012685201544121628
2019-12-31,3525.0,3520.0,3580.0,3570.0,44367.0,3527.0,0.0,0.0,0.0
2020-01-02,3555.0,3550.0,3625.0,3600.0,52645.0,3545.0,0.8403,0.008367891337119014,0.008367891337119014
2020-01-03,3600.0,3590.0,3655.0,3610.0,62559.0,3567.0,0.2778,0.0027741484893488264,0.0027741484893488264
2020-01-06,3610.0,3435.0,3610.0,3455.0,198329.0,3552.0,-4.2936,-0.04388501411217701,-0.03163102781866988
2020-01-07,3455.0,3455.0,3515.0,3480.0,64836.0,3543.0,0.7236,0.007209945762146107,0.007209945762146107
2020-01-08,3515.0,3330.0,3515.0,3355.0,146347.0,3500.0,-3.592,-0.036581000263000554,-0.03163102781866988
2020-01-09,3450.0,3400.0,3490.0,3490.0,91359.0,3478.0,4.0238,0.03944953312584063,0.031020839739783364
2020-01-10,3515.0,3465.0,3515.0,3480.0,44691.0,3452.0,-0.2865,-0.002869111968237319,-0.002869111968237319
2020-01-13,3480.0,3480.0,3535.0,3535.0,39696.0,3468.0,1.5805,0.015681401601678715,0.015681401601678715
2020-01-14,3575.0,3520.0,3580.0,3540.0,48842.0,3480.0,0.1414,0.0014130012433837408,0.0014130012433837408
2020-01-15,3510.0,3505.0,3565.0,3560.0,35170.0,3521.0,0.565,0.005634098617092891,0.005634098617092891
2020-01-16,3560.0,3485.0,3570.0,3525.0,111954.0,3528.0,-0.9831,-0.009879643351588425,-0.009879643351588425
2020-01-17,3525.0,3450.0,3525.0,3490.0,74929.0,3530.0,-0.9929,-0.009978621253337646,-0.009978621253337646
2020-01-20,3480.0,3420.0,3485.0,3440.0,108814.0,3511.0,-1.4327,-0.014430622387232249,-0.014430622387232249
2020-01-21,3415.0,3390.0,3460.0,3415.0,101979.0,3486.0,-0.7267,-0.007293533267484302,-0.007293533267484302
2020-01-22,3400.0,3375.0,3430.0,3410.0,92132.0,3456.0,-0.1464,-0.001465072695078245,-0.001465072695078245
2020-01-23,3405.0,3340.0,3405.0,3370.0,154893.0,3425.0,-1.173,-0.011799339216043125,-0.011799339216043125
2020-01-24,3405.0,3340.0,3405.0,3370.0,154893.0,3425.0,0.0,0.0,0.0
2020-01-27,3405.0,3340.0,3405.0,3370.0,154893.0,3425.0,0.0,0.0,0.0
2020-01-28,3260.0,3245.0,3350.0,3340.0,243221.0,3395.0,-0.8902,-0.008941859531352925,-0.008941859531352925
2020-01-29,3310.0,3310.0,3370.0,3365.0,51745.0,3380.0,0.7485,0.00745712639039958,0.00745712639039958
2020-01-30,3350.0,3270.0,3380.0,3285.0,100666.0,3354.0,-2.3774,-0.024061161997266888,-0.024061161997266888
2020-01-31,3290.0,3100.0,3325.0,3170.0,147814.0,3306.0,-3.5008,-0.03563546783295511,-0.03163102781866988
2020-02-03,3100.0,3100.0,3405.0,3330.0,287997.0,3298.0,5.0473,0.04924053892597033,0.031020839739783364
2020-02-04,3330.0,3275.0,3350.0,3320.0,57155.0,3294.0,-0.3003,-0.0030075180519070744,-0.0030075180519070744
2020-02-05,3350.0,3305.0,3360.0,3340.0,45885.0,3289.0,0.6024,0.0060059282518240805,0.0060059282518240805
2020-02-06,3340.0,3330.0,3400.0,3390.0,114413.0,3310.0,1.497,0.014859055406697885,0.014859055406697885
2020-02-07,3390.0,3370.0,3480.0,3400.0,116158.0,3356.0,0.295,0.002945657288569538,0.002945657288569538
2020-02-10,3445.0,3370.0,3565.0,3450.0,160701.0,3380.0,1.4706,0.014598915363175053,0.014598915363175053
2020-02-11,3490.0,3400.0,3490.0,3435.0,71820.0,3403.0,-0.4348,-0.004357480041460083,-0.004357480041460083
2020-02-12,3465.0,3400.0,3465.0,3435.0,37598.0,3422.0,0.0,0.0,0.0
2020-02-13,3450.0,3395.0,3450.0,3410.0,54520.0,3426.0,-0.7278,-0.007304613851028221,-0.007304613851028221
2020-02-14,3395.0,3395.0,3500.0,3410.0,128747.0,3428.0,0.0,0.0,0.0
2020-02-17,3420.0,3350.0,3430.0,3380.0,112263.0,3414.0,-0.8798,-0.008836930912984957,-0.008836930912984957
2020-02-18,3400.0,3335.0,3400.0,3380.0,65086.0,3403.0,0.0,0.0,0.0
2020-02-19,3385.0,3335.0,3465.0,3450.0,87139.0,3406.0,2.071,0.020498463577324808,0.020498463577324808
2020-02-20,3455.0,3370.0,3455.0,3415.0,65794.0,3407.0,-1.0145,-0.010196811226959809,-0.010196811226959809
2020-02-21,3365.0,3305.0,3400.0,3305.0,120595.0,3386.0,-3.2211,-0.03274119067221974,-0.03163102781866988
2020-02-24,3205.0,3200.0,3355.0,3250.0,138486.0,3360.0,-1.6641,-0.016781016962109308,-0.016781016962109308
2020-02-25,3250.0,3195.0,3295.0,3245.0,100684.0,3333.0,-0.1538,-0.0015391839360848847,-0.0015391839360848847
2020-02-26,3250.0,3205.0,3250.0,3210.0,39473.0,3285.0,-1.0786,-0.010844590584238006,-0.010844590584238006
2020-02-27,3260.0,3155.0,3265.0,3175.0,89561.0,3237.0,-1.0903,-0.010962873301299624,-0.010962873301299624
2020-02-28,3110.0,2990.0,3165.0,3005.0,264785.0,3177.0,-5.3543,-0.05502973989830211,-0.03163102781866988
2020-03-02,3005.0,2985.0,3070.0,3060.0,154737.0,3139.0,1.8303,0.018137516277757892,0.018137516277757892
2020-03-03,3100.0,3080.0,3160.0,3125.0,49962.0,3115.0,2.1242,0.021019533624061556,0.021019533624061556
2020-03-04,3120.0,3120.0,3230.0,3225.0,48374.0,3118.0,3.2,0.031498667059371016,0.031020839739783364
2020-03-05,3230.0,3230.0,3310.0,3265.0,42892.0,3136.0,1.2403,0.01232671294007163,0.01232671294007163
2020-03-06,3225.0,3220.0,3265.0,3230.0,31400.0,3181.0,-1.072,-0.010777873171878411,-0.010777873171878411
2020-03-09,3230.0,3085.0,3230.0,3105.0,80637.0,3190.0,-3.87,-0.039468743910366526,-0.03163102781866988
2020-03-10,3020.0,3000.0,3085.0,3050.0,125346.0,3175.0,-1.7713,-0.017871752635043512,-0.017871752635043512
2020-03-11,3110.0,2970.0,3110.0,3010.0,68004.0,3132.0,-1.3115,-0.013201761028002142,-0.013201761028002142
2020-03-12,2935.0,2770.0,3010.0,2790.0,262136.0,3037.0,-7.309,-0.07589880550820728,-0.03163102781866988
2020-03-13,2710.0,2380.0,2720.0,2525.0,403174.0,2896.0,-9.4982,-0.09980044597724205,-0.03163102781866988
2020-03-16,2500.0,2500.0,2645.0,2500.0,223102.0,2775.0,-0.9901,-0.009950340853168182,-0.009950340853168182
2020-03-17,2300.0,2300.0,2540.0,2520.0,163366.0,2669.0,0.8,0.007968169649176881,0.007968169649176881
2020-03-18,2490.0,2400.0,2560.0,2410.0,100429.0,2549.0,-4.3651,-0.04463236978842644,-0.03163102781866988
2020-03-19,2400.0,1955.0,2430.0,2010.0,442835.0,2393.0,-16.5975,-0.1814919010534775,-0.03163102781866988
2020-03-20,2020.0,2020.0,2200.0,2200.0,277661.0,2328.0,9.4527,0.09032230647504894,0.031020839739783364
2020-03-23,2180.0,2055.0,2180.0,2160.0,214702.0,2260.0,-1.8182,-0.018349323853398897,-0.018349323853398897
2020-03-24,2205.0,2170.0,2300.0,2300.0,121063.0,2216.0,6.4815,0.0628010751520588,0.031020839739783364
2020-03-25,2365.0,2360.0,2520.0,2485.0,210883.0,2231.0,8.0435,0.07736373782071129,0.031020839739783364
2020-03-26,2490.0,2390.0,2600.0,2520.0,212211.0,2333.0,1.4085,0.013986728085732753,0.013986728085732753
2020-03-27,2565.0,2410.0,2640.0,2525.0,183161.0,2398.0,0.1984,0.001982034471309897,0.001982034471309897
2020-03-30,2470.0,2410.0,2585.0,2555.0,99264.0,2477.0,1.1881,0.011810975018346928,0.011810975018346928
2020-03-31,2620.0,2560.0,2680.0,2620.0,176903.0,2541.0,2.544,0.02512178877377957,0.02512178877377957
2020-04-01,2620.0,2570.0,2845.0,2680.0,295802.0,2580.0,2.2901,0.022642708093016706,0.022642708093016706
2020-04-02,2650.0,2610.0,2760.0,2690.0,136550.0,2614.0,0.3731,0.003724057083488928,0.003724057083488928
2020-04-03,2730.0,2675.0,2810.0,2735.0,154992.0,2656.0,1.6729,0.016590611547148706,0.016590611547148706
2020-04-06,2740.0,2735.0,2860.0,2830.0,162415.0,2711.0,3.4735,0.03414535528649888,0.031020839739783364
2020-04-07,2890.0,2790.0,2900.0,2830.0,115676.0,2753.0,0.0,0.0,0.0
2020-04-08,2820.0,2780.0,2885.0,2830.0,99258.0,2783.0,0.0,0.0,0.0
2020-04-09,2870.0,2840.0,2950.0,2900.0,182472.0,2825.0,2.4735,0.024434042578661202,0.024434042578661202
2020-04-10,2905.0,2625.0,2930.0,2880.0,119580.0,2854.0,-0.6897,-0.006920894233564588,-0.006920894233564588
2020-04-13,2880.0,2800.0,3285.0,2955.0,1355086.0,2879.0,2.6042,0.025708681583250535,0.025708681583250535
2020-04-14,2940.0,2935.0,3050.0,2945.0,204430.0,2902.0,-0.3384,-0.0033897386781153865,-0.0033897386781153865
2020-04-15,2940.0,2935.0,3050.0,2945.0,204430.0,2902.0,0.0,0.0,0.0
2020-04-16,2945.0,2845.0,2955.0,2915.0,169926.0,2919.0,-1.0187,-0.010239242584143222,-0.010239242584143222
2020-04-17,2920.0,2895.0,2965.0,2910.0,173864.0,2921.0,-0.1715,-0.0017164722960659863,-0.0017164722960659863
2020-04-20,2925.0,2925.0,3100.0,3070.0,249527.0,2959.0,5.4983,0.05352465305412622,0.031020839739783364
2020-04-21,3070.0,2810.0,3095.0,3035.0,278591.0,2975.0,-1.1401,-0.011466489641248353,-0.011466489641248353
2020-04-22,2950.0,2950.0,3045.0,3015.0,222203.0,2989.0,-0.659,-0.006611809921059095,-0.006611809921059095
2020-04-23,3060.0,3030.0,3245.0,3205.0,738513.0,3047.0,6.3018,0.06111203242434791,0.031020839739783364
2020-04-24,3300.0,3135.0,3360.0,3155.0,747536.0,3096.0,-1.5601,-0.01572397631296878,-0.01572397631296878
2020-04-27,3170.0,3120.0,3215.0,3200.0,164781.0,3122.0,1.4263,0.014162240375001602,0.014162240375001602
2020-04-28,3215.0,3145.0,3280.0,3150.0,228927.0,3145.0,-1.5625,-0.015748356968139168,-0.015748356968139168
2020-04-29,3165.0,3165.0,3260.0,3205.0,387592.0,3183.0,1.746,0.017309325522562525,0.017309325522562525
2020-04-30,3165.0,3165.0,3260.0,3205.0,387592.0,3183.0,0.0,0.0,0.0
2020-05-01,3165.0,3165.0,3260.0,3205.0,387592.0,3183.0,0.0,0.0,0.0
2020-05-04,3400.0,3330.0,3980.0,3820.0,9719540.0,3306.0,19.1888,0.17553860449712233,0.031020839739783364
2020-05-05,3400.0,3330.0,3980.0,3820.0,9719540.0,3306.0,0.0,0.0,0.0
2020-05-06,3800.0,3770.0,4530.0,4050.0,16131073.0,3485.0,6.0209,0.05846605849988392,0.031020839739783364
2020-05-07,4270.0,3900.0,4285.0,4005.0,3653661.0,3646.0,-1.1111,-0.011173188238580961,-0.011173188238580961
2020-05-08,4005.0,3910.0,4105.0,3935.0,2101471.0,3803.0,-1.7478,-0.017632543631908283,-0.017632543631908283
2020-05-11,3965.0,3920.0,4050.0,3960.0,1127478.0,3954.0,0.6353,0.006332904760630571,0.006332904760630571
2020-05-12,3995.0,3785.0,3995.0,3940.0,747266.0,3978.0,-0.5051,-0.005063799418599426,-0.005063799418599426
2020-05-13,3900.0,3810.0,4010.0,3920.0,555628.0,3952.0,-0.5076,-0.005088926650338594,-0.005088926650338594
2020-05-14,3890.0,3760.0,3935.0,3770.0,721098.0,3905.0,-3.8265,-0.03901633404011516,-0.03163102781866988
2020-05-15,3785.0,3740.0,3950.0,3805.0,1054884.0,3879.0,0.9284,0.009241168565934627,0.009241168565934627
2020-05-18,3830.0,3730.0,3845.0,3745.0,461895.0,3836.0,-1.5769,-0.015894653383223614,-0.015894653383223614
2020-05-19,3760.0,3640.0,3765.0,3705.0,465615.0,3789.0,-1.0681,-0.010738451338545885,-0.010738451338545885
2020-05-20,3745.0,3730.0,3785.0,3770.0,275950.0,3759.0,1.7544,0.01739188064289416,0.01739188064289416
2020-05-21,3775.0,3670.0,3805.0,3700.0,438230.0,3745.0,-1.8568,-0.018742549377375784,-0.018742549377375784
2020-05-22,3680.0,3675.0,3770.0,3770.0,300460.0,3738.0,1.8919,0.018742261385334195,0.018742261385334195
2020-05-25,3790.0,3775.0,3935.0,3875.0,1072440.0,3764.0,2.7851,0.02747021489367843,0.02747021489367843
2020-05-26,3925.0,3820.0,3940.0,3840.0,453100.0,3791.0,-0.9032,-0.009073035789042111,-0.009073035789042111
2020-05-27,3870.0,3815.0,3870.0,3835.0,255472.0,3804.0,-0.1302,-0.0013028483384377398,-0.0013028483384377398
2020-05-28,3840.0,3680.0,3930.0,3740.0,865567.0,3812.0,-2.4772,-0.02508398916819377,-0.02508398916819377
2020-05-29,3745.0,3700.0,4000.0,3880.0,1870736.0,3834.0,3.7433,0.0367493927241943,0.031020839739783364
2020-06-01,3885.0,3820.0,3915.0,3870.0,423100.0,3833.0,-0.2577,-0.002580326180106326,-0.002580326180106326
2020-06-02,3910.0,3855.0,3985.0,3865.0,911973.0,3838.0,-0.1292,-0.001292835351593654,-0.001292835351593654
2020-06-03,3875.0,3800.0,3930.0,3875.0,406589.0,3846.0,0.2587,0.0025836594755507345,0.0025836594755507345
2020-06-04,3885.0,3810.0,3885.0,3855.0,313059.0,3869.0,-0.5161,-0.005174363961266284,-0.005174363961266284
2020-06-05,3825.0,3825.0,3890.0,3860.0,266863.0,3865.0,0.1297,0.0012961596220684042,0.0012961596220684042
2020-06-08,3870.0,3815.0,3875.0,3850.0,234700.0,3861.0,-0.2591,-0.002594362449827474,-0.002594362449827474
2020-06-09,3855.0,3790.0,3860.0,3810.0,242735.0,3850.0,-1.039,-0.010444352861948171,-0.010444352861948171
2020-06-10,3835.0,3730.0,3835.0,3755.0,232590.0,3826.0,-1.4436,-0.014541212843997333,-0.014541212843997333
2020-06-11,3755.0,3610.0,3760.0,3635.0,381895.0,3782.0,-3.1957,-0.03247877120456181,-0.03163102781866988
2020-06-12,3350.0,3350.0,3580.0,3530.0,291001.0,3716.0,-2.8886,-0.029311412844824764,-0.029311412844824764
2020-06-15,3505.0,3205.0,3565.0,3260.0,418397.0,3598.0,-7.6487,-0.07957040256049139,-0.03163102781866988
2020-06-16,3315.0,3315.0,3390.0,3375.0,318123.0,3511.0,3.5276,0.034668057834763316,0.031020839739783364
2020-06-17,3375.0,3300.0,3460.0,3355.0,271440.0,3431.0,-0.5926,-0.005943628416499079,-0.005943628416499079
2020-06-18,3320.0,3285.0,3410.0,3340.0,194103.0,3372.0,-0.4471,-0.004481024812283462,-0.004481024812283462
2020-06-19,3340.0,3305.0,3395.0,3375.0,217204.0,3341.0,1.0479,0.010424475854401661,0.010424475854401661
2020-06-22,3375.0,3340.0,3735.0,3415.0,1176275.0,3372.0,1.1852,0.01178231511113383,0.01178231511113383
2020-06-23,3460.0,3345.0,3465.0,3360.0,319169.0,3369.0,-1.6105,-0.01623609494058763,-0.01623609494058763
2020-06-24,3380.0,3335.0,3390.0,3345.0,136593.0,3367.0,-0.4464,-0.004473993399446605,-0.004473993399446605
2020-06-25,3300.0,3245.0,3320.0,3290.0,196672.0,3357.0,-1.6442,-0.01657866983645118,-0.01657866983645118
2020-06-26,3330.0,3120.0,3345.0,3270.0,122298.0,3336.0,-0.6079,-0.0060975523451830445,-0.0060975523451830445
2020-06-29,3275.0,3140.0,3280.0,3200.0,213663.0,3293.0,-2.1407,-0.02163945322851979,-0.02163945322851979
2020-06-30,3200.0,3155.0,3380.0,3315.0,432309.0,3284.0,3.5937,0.03530633117742829,0.031020839739783364
2020-07-01,3390.0,3230.0,3415.0,3250.0,379418.0,3265.0,-1.9608,-0.019802787296192472,-0.019802787296192472
2020-07-02,3270.0,3255.0,3365.0,3355.0,172520.0,3278.0,3.2308,0.031797072144547724,0.031020839739783364
2020-07-03,3570.0,3350.0,3890.0,3360.0,4625704.0,3296.0,0.149,0.001488891051418914,0.001488891051418914
2020-07-06,3365.0,3350.0,3445.0,3405.0,307786.0,3337.0,1.3393,0.01330410659551587,0.01330410659551587
2020-07-07,3465.0,3380.0,3560.0,3380.0,624245.0,3350.0,-0.7342,-0.007369085136144542,-0.007369085136144542
2020-07-08,3380.0,3380.0,3480.0,3415.0,182627.0,3383.0,1.0355,0.01030175424524857,0.01030175424524857
2020-07-09,3425.0,3390.0,3455.0,3415.0,175634.0,3395.0,0.0,0.0,0.0
2020-07-10,3405.0,3365.0,3415.0,3400.0,148509.0,3403.0,-0.4392,-0.004401673165418877,-0.004401673165418877
2020-07-13,3400.0,3380.0,3470.0,3470.0,240246.0,3416.0,2.0588,0.02037893178907516,0.02037893178907516
2020-07-14,3470.0,3380.0,3480.0,3420.0,178051.0,3424.0,-1.4409,-0.01451381773808056,-0.01451381773808056
2020-07-15,3430.0,3410.0,3460.0,3435.0,240657.0,3428.0,0.4386,0.004376409534296085,0.004376409534296085
2020-07-16,3440.0,3335.0,3440.0,3350.0,247106.0,3415.0,-2.4745,-0.02505630371797275,-0.02505630371797275
2020-07-17,3350.0,3310.0,3370.0,3325.0,160805.0,3400.0,-0.7463,-0.007490987518681147,-0.007490987518681147
2020-07-20,3335.0,3270.0,3345.0,3335.0,127326.0,3373.0,0.3008,0.0030034850197743334,0.0030034850197743334
2020-07-21,3295.0,3295.0,3355.0,3330.0,89980.0,3355.0,-0.1499,-0.0015001246245152967,-0.0015001246245152967
2020-07-22,3340.0,3300.0,3405.0,3355.0,197800.0,3339.0,0.7508,0.00747995525382601,0.00747995525382601
2020-07-23,3385.0,3300.0,3425.0,3400.0,310098.0,3349.0,1.3413,0.01332384208080707,0.01332384208080707
2020-07-24,3400.0,3310.0,3410.0,3385.0,143983.0,3361.0,-0.4412,-0.0044217615946852,-0.0044217615946852
2020-07-27,3305.0,3305.0,3385.0,3350.0,115906.0,3364.0,-1.034,-0.010393829184015772,-0.010393829184015772
2020-07-28,3350.0,3265.0,3350.0,3280.0,165001.0,3354.0,-2.0896,-0.021117411245919752,-0.021117411245919752
2020-07-29,3275.0,3245.0,3400.0,3345.0,193503.0,3352.0,1.9817,0.019623199435257886,0.019623199435257886
2020-07-30,3345.0,3300.0,3350.0,3310.0,65875.0,3334.0,-1.0463,-0.010518122016066682,-0.010518122016066682
2020-07-31,3400.0,3270.0,3400.0,3305.0,84960.0,3318.0,-0.1511,-0.0015121427117367214,-0.0015121427117367214
2020-08-03,3340.0,3265.0,3340.0,3325.0,172485.0,3313.0,0.6051,0.006032766217607284,0.006032766217607284
2020-08-04,3325.0,3310.0,3385.0,3350.0,149072.0,3327.0,0.7519,0.007490873221674671,0.007490873221674671
2020-08-05,3380.0,3280.0,3380.0,3300.0,134686.0,3318.0,-1.4925,-0.015037498576733433,-0.015037498576733433
2020-08-06,3295.0,3285.0,3330.0,3295.0,102539.0,3315.0,-0.1515,-0.001516148772907282,-0.001516148772907282
2020-08-07,3300.0,3275.0,3350.0,3285.0,139039.0,3311.0,-0.3035,-0.0030396149524526007,-0.0030396149524526007
2020-08-10,3335.0,3240.0,3335.0,3260.0,86078.0,3298.0,-0.761,-0.0076391037972835885,-0.0076391037972835885
2020-08-11,3260.0,3260.0,3405.0,3390.0,368509.0,3306.0,3.9877,0.03910243692815505,0.031020839739783364
2020-08-12,3425.0,3345.0,3425.0,3380.0,155628.0,3322.0,-0.295,-0.002954359826436511,-0.002954359826436511
2020-08-13,3405.0,3405.0,3470.0,3440.0,362848.0,3351.0,1.7751,0.017595290960036196,0.017595290960036196
2020-08-14,3490.0,3325.0,3490.0,3350.0,271476.0,3364.0,-2.6163,-0.026511340473728197,-0.026511340473728197
2020-08-17,3490.0,3325.0,3490.0,3350.0,271476.0,3364.0,0.0,0.0,0.0
2020-08-18,3340.0,3155.0,3350.0,3170.0,324473.0,3346.0,-5.3731,-0.05522839517182636,-0.03163102781866988
2020-08-19,3170.0,3160.0,3290.0,3165.0,105983.0,3301.0,-0.1577,-0.0015782447733438856,-0.0015782447733438856
2020-08-20,3150.0,2985.0,3185.0,3050.0,216450.0,3235.0,-3.6335,-0.037011555140757754,-0.03163102781866988
2020-08-21,3145.0,3005.0,3150.0,3075.0,52740.0,3162.0,0.8197,0.00816358706188697,0.00816358706188697
2020-08-24,3075.0,3010.0,3225.0,3205.0,203574.0,3133.0,4.2276,0.04140678349784524,0.031020839739783364
2020-08-25,3240.0,3160.0,3285.0,3225.0,34484.0,3144.0,0.624,0.006220611813056201,0.006220611813056201
2020-08-26,3250.0,3145.0,3250.0,3200.0,38659.0,3151.0,-0.7752,-0.007782202942056883,-0.007782202942056883
2020-08-27,3195.0,3175.0,3240.0,3180.0,76005.0,3177.0,-0.625,-0.006269613013595374,-0.006269613013595374
2020-08-28,3200.0,3150.0,3260.0,3175.0,59666.0,3197.0,-0.1572,-0.0015732368884290439,-0.0015732368884290439
2020-08-31,3180.0,3180.0,3370.0,3305.0,263060.0,3217.0,4.0945,0.04012895442343602,0.031020839739783364
2020-09-01,3275.0,3240.0,3355.0,3325.0,106964.0,3237.0,0.6051,0.006032766217607284,0.006032766217607284
2020-09-02,3295.0,3285.0,3350.0,3345.0,79516.0,3266.0,0.6015,0.0059969821031659425,0.0059969821031659425
2020-09-03,3315.0,3315.0,3380.0,3350.0,79809.0,3300.0,0.1495,0.0014938836000401399,0.0014938836000401399
2020-09-04,3200.0,3200.0,3380.0,3355.0,205899.0,3336.0,0.1493,0.0014918865835826692,0.0014918865835826692
2020-09-07,3330.0,3300.0,3385.0,3360.0,99893.0,3347.0,0.149,0.001488891051418914,0.001488891051418914
2020-09-08,3395.0,3325.0,3395.0,3370.0,90639.0,3356.0,0.2976,0.0029715804781603183,0.0029715804781603183
2020-09-09,3300.0,3300.0,3370.0,3350.0,103215.0,3357.0,-0.5935,-0.005952682109425076,-0.005952682109425076
2020-09-10,3335.0,3320.0,3380.0,3360.0,74299.0,3359.0,0.2985,0.0029805537333731425,0.0029805537333731425
2020-09-11,3360.0,3335.0,3410.0,3360.0,115442.0,3360.0,0.0,0.0,0.0
2020-09-14,3380.0,3350.0,3430.0,3415.0,920843.0,3371.0,1.6369,0.01623647219551651,0.01623647219551651
2020-09-15,3580.0,3345.0,3590.0,3375.0,1177119.0,3372.0,-1.1713,-0.011782137587149586,-0.011782137587149586
2020-09-16,3390.0,3350.0,3500.0,3395.0,382378.0,3381.0,0.5926,0.005908510323866194,0.005908510323866194
2020-09-17,3420.0,3330.0,3445.0,3345.0,177069.0,3378.0,-1.4728,-0.014837533798289395,-0.014837533798289395
2020-09-18,3350.0,3350.0,3455.0,3415.0,167862.0,3389.0,2.0927,0.02071103809553452,0.02071103809553452
2020-09-21,3415.0,3310.0,3425.0,3330.0,156153.0,3372.0,-2.489,-0.02520499383522475,-0.02520499383522475
2020-09-22,3330.0,3160.0,3330.0,3170.0,216984.0,3331.0,-4.8048,-0.04924066562997834,-0.03163102781866988
2020-09-23,3195.0,3130.0,3230.0,3135.0,62383.0,3279.0,-1.1041,-0.011102404234927251,-0.011102404234927251
2020-09-24,3140.0,3030.0,3140.0,3075.0,139129.0,3225.0,-1.9139,-0.019324521606921594,-0.019324521606921594
2020-09-25,3075.0,3030.0,3165.0,3055.0,61056.0,3153.0,-0.6504,-0.006525243168476198,-0.006525243168476198
2020-09-28,3100.0,3075.0,3105.0,3080.0,42201.0,3103.0,0.8183,0.008149700790449856,0.008149700790449856
2020-09-29,3110.0,3090.0,3150.0,3150.0,58109.0,3099.0,2.2727,0.022472589185356315,0.022472589185356315
2020-09-30,3110.0,3090.0,3150.0,3150.0,58109.0,3099.0,0.0,0.0,0.0
2020-10-01,3110.0,3090.0,3150.0,3150.0,58109.0,3099.0,0.0,0.0,0.0
2020-10-02,3110.0,3090.0,3150.0,3150.0,58109.0,3099.0,0.0,0.0,0.0
2020-10-05,3155.0,3115.0,3175.0,3175.0,43067.0,3107.0,0.7937,0.007905667695970571,0.007905667695970571
2020-10-06,3180.0,3170.0,3240.0,3200.0,98292.0,3132.0,0.7874,0.007843161836025708,0.007843161836025708
2020-10-07,3200.0,3175.0,3235.0,3205.0,36978.0,3162.0,0.1563,0.001561779786796669,0.001561779786796669
2020-10-08,3215.0,3180.0,3225.0,3225.0,43064.0,3191.0,0.624,0.006220611813056201,0.006220611813056201
2020-10-09,3215.0,3180.0,3225.0,3225.0,43064.0,3191.0,0.0,0.0,0.0
2020-10-12,3510.0,3315.0,3750.0,3330.0,3192298.0,3227.0,3.2558,0.03203921860947247,0.031020839739783364
2020-10-13,3335.0,3250.0,3340.0,3285.0,238586.0,3249.0,-1.3514,-0.013606145206585181,-0.013606145206585181
2020-10-14,3295.0,3200.0,3300.0,3205.0,227187.0,3250.0,-2.4353,-0.024654438319018226,-0.024654438319018226
2020-10-15,3205.0,3135.0,3220.0,3175.0,138813.0,3244.0,-0.936,-0.009404080075293947,-0.009404080075293947
2020-10-16,3180.0,3120.0,3225.0,3145.0,138269.0,3228.0,-0.9449,-0.00949392502215659,-0.00949392502215659
2020-10-19,3120.0,3095.0,3190.0,3120.0,191622.0,3186.0,-0.7949,-0.007980761728456754,-0.007980761728456754
2020-10-20,3085.0,3085.0,3150.0,3105.0,130714.0,3150.0,-0.4808,-0.004819595614740692,-0.004819595614740692
2020-10-21,3115.0,3105.0,3185.0,3160.0,125339.0,3141.0,1.7713,0.017557953036099052,0.017557953036099052
2020-10-22,3160.0,3125.0,3315.0,3205.0,341589.0,3147.0,1.4241,0.014140549513163687,0.014140549513163687
2020-10-23,3225.0,3130.0,3250.0,3160.0,149440.0,3150.0,-1.4041,-0.014140507394164595,-0.014140507394164595
2020-10-26,3160.0,3070.0,3170.0,3085.0,152289.0,3143.0,-2.3734,-0.024020188717985308,-0.024020188717985308
2020-10-27,3040.0,3040.0,3120.0,3075.0,99871.0,3137.0,-0.3241,-0.0032462634160645328,-0.0032462634160645328
2020-10-28,3040.0,3040.0,3100.0,3090.0,67394.0,3123.0,0.4878,0.004866141107482342,0.004866141107482342
2020-10-29,3070.0,3050.0,3100.0,3095.0,48156.0,3101.0,0.1618,0.001616692448222408,0.001616692448222408
2020-10-30,3145.0,3060.0,3145.0,3095.0,67704.0,3088.0,0.0,0.0,0.0
2020-11-02,3055.0,3055.0,3140.0,3095.0,37455.0,3090.0,0.0,0.0,0.0
2020-11-03,3095.0,3065.0,3110.0,3080.0,92205.0,3091.0,-0.4847,-0.004858784800540142,-0.004858784800540142
2020-11-04,3090.0,3070.0,3105.0,3070.0,64020.0,3087.0,-0.3247,-0.0032522829434112137,-0.0032522829434112137
2020-11-05,3095.0,3070.0,3170.0,3145.0,69054.0,3097.0,2.443,0.024136360349799893,0.024136360349799893
2020-11-06,3150.0,3100.0,3150.0,3135.0,56587.0,3105.0,-0.318,-0.0031850669447743294,-0.0031850669447743294
2020-11-09,3135.0,3135.0,3180.0,3170.0,70278.0,3120.0,1.1164,0.011102142510892987,0.011102142510892987
2020-11-10,3170.0,3145.0,3215.0,3190.0,98242.0,3142.0,0.6309,0.006289181572129804,0.006289181572129804
2020-11-11,3190.0,3180.0,3240.0,3240.0,135356.0,3176.0,1.5674,0.015552431526003127,0.015552431526003127
2020-11-12,3285.0,3175.0,3290.0,3220.0,367812.0,3191.0,-0.6173,-0.006192131738617332,-0.006192131738617332
2020-11-13,3170.0,3170.0,3250.0,3200.0,121736.0,3204.0,-0.6211,-0.0062303685006524665,-0.0062303685006524665
2020-11-16,3220.0,3185.0,3235.0,3200.0,129162.0,3210.0,0.0,0.0,0.0
2020-11-17,3200.0,3185.0,3235.0,3190.0,103776.0,3210.0,-0.3125,-0.0031298930089277044,-0.0031298930089277044
2020-11-18,3185.0,3180.0,3230.0,3220.0,74973.0,3206.0,0.9404,0.009360057666321852,0.009360057666321852
2020-11-19,3200.0,3180.0,3220.0,3200.0,59870.0,3202.0,-0.6211,-0.0062303685006524665,-0.0062303685006524665
2020-11-20,3180.0,3180.0,3250.0,3235.0,147134.0,3209.0,1.0938,0.010878612737477918,0.010878612737477918
2020-11-23,3235.0,3190.0,3260.0,3230.0,115243.0,3215.0,-0.1546,-0.001547196291136425,-0.001547196291136425
2020-11-24,3230.0,3220.0,3250.0,3225.0,82022.0,3222.0,-0.1548,-0.0015491993899302062,-0.0015491993899302062
2020-11-25,3260.0,3190.0,3270.0,3190.0,141012.0,3216.0,-1.0853,-0.010912323419676689,-0.010912323419676689
2020-11-26,3190.0,3185.0,3235.0,3220.0,77678.0,3220.0,0.9404,0.009360057666321852,0.009360057666321852
2020-11-27,3215.0,3190.0,3230.0,3215.0,86863.0,3216.0,-0.1553,-0.001554207154469167,-0.001554207154469167
2020-11-30,3225.0,3220.0,3250.0,3235.0,86880.0,3217.0,0.6221,0.006201729459559109,0.006201729459559109
2020-12-01,3245.0,3205.0,3245.0,3210.0,76376.0,3214.0,-0.7728,-0.007758015733058038,-0.007758015733058038
2020-12-02,3260.0,3195.0,3260.0,3210.0,91292.0,3218.0,0.0,0.0,0.0
2020-12-03,3225.0,3190.0,3225.0,3200.0,52527.0,3214.0,-0.3115,-0.0031198617112788906,-0.0031198617112788906
2020-12-04,3200.0,3175.0,3215.0,3205.0,80667.0,3212.0,0.1563,0.001561779786796669,0.001561779786796669
2020-12-07,3200.0,3180.0,3260.0,3245.0,186199.0,3214.0,1.248,0.012402766717042666,0.012402766717042666
2020-12-08,3285.0,3215.0,3285.0,3220.0,132686.0,3216.0,-0.7704,-0.007733829109066235,-0.007733829109066235
2020-12-09,3250.0,3220.0,3280.0,3275.0,184926.0,3229.0,1.7081,0.016936759912546253,0.016936759912546253
2020-12-10,3275.0,3250.0,3360.0,3330.0,367818.0,3255.0,1.6794,0.016654540010236776,0.016654540010236776
2020-12-11,3335.0,3280.0,3360.0,3360.0,236893.0,3286.0,0.9009,0.008968661054188982,0.008968661054188982
2020-12-14,3360.0,3315.0,3405.0,3350.0,193267.0,3307.0,-0.2976,-0.0029804370933799082,-0.0029804370933799082
2020-12-15,3350.0,3300.0,3365.0,3350.0,89544.0,3333.0,0.0,0.0,0.0
2020-12-16,3350.0,3340.0,3400.0,3350.0,175663.0,3348.0,0.0,0.0,0.0
2020-12-17,3350.0,3295.0,3370.0,3315.0,164220.0,3345.0,-1.0448,-0.01050296352647852,-0.01050296352647852
2020-12-18,3315.0,3300.0,3330.0,3325.0,42282.0,3338.0,0.3017,0.003012457988705636,0.003012457988705636
2020-12-21,3325.0,3260.0,3385.0,3350.0,167582.0,3338.0,0.7519,0.007490873221674671,0.007490873221674671
2020-12-22,3350.0,3275.0,3365.0,3300.0,132226.0,3328.0,-1.4925,-0.015037498576733433,-0.015037498576733433
2020-12-23,3300.0,3275.0,3360.0,3295.0,69045.0,3317.0,-0.1515,-0.001516148772907282,-0.001516148772907282
2020-12-24,3280.0,3280.0,3370.0,3320.0,271745.0,3318.0,0.7587,0.0075583634678709185,0.0075583634678709185
2020-12-28,3345.0,3300.0,3450.0,3300.0,496213.0,3313.0,-0.6024,-0.006042217486270384,-0.006042217486270384
2020-12-29,3305.0,3290.0,3345.0,3335.0,58941.0,3310.0,1.0606,0.010550150925135593,0.010550150925135593
2020-12-30,3335.0,3310.0,3370.0,3335.0,96442.0,3317.0,0.0,0.0,0.0
2020-12-31,3335.0,3310.0,3370.0,3335.0,96442.0,3317.0,0.0,0.0,0.0
2021-01-04,3350.0,3325.0,3430.0,3340.0,218425.0,3326.0,0.1499,0.0014978776209906752,0.0014978776209906752
2021-01-05,3320.0,3315.0,3390.0,3355.0,505173.0,3333.0,0.4491,0.004480945551280341,0.004480945551280341
2021-01-06,3395.0,3355.0,3425.0,3390.0,441054.0,3351.0,1.0432,0.010377962178135481,0.010377962178135481
2021-01-07,3440.0,3385.0,3450.0,3425.0,344786.0,3369.0,1.0324,0.010271071489598292,0.010271071489598292
2021-01-08,3425.0,3340.0,3435.0,3360.0,308228.0,3374.0,-1.8978,-0.019160393572414558,-0.019160393572414558
2021-01-11,3360.0,3230.0,3380.0,3265.0,316395.0,3359.0,-2.8274,-0.02868140726511444,-0.02868140726511444
2021-01-12,3275.0,3225.0,3335.0,3270.0,118238.0,3342.0,0.1531,0.0015298292143295213,0.0015298292143295213
2021-01-13,3300.0,3245.0,3360.0,3360.0,115574.0,3336.0,2.7523,0.027151051565948853,0.027151051565948853
2021-01-14,3380.0,3330.0,3450.0,3445.0,339963.0,3340.0,2.5298,0.024983302043415367,0.024983302043415367
2021-01-15,3455.0,3375.0,3465.0,3455.0,333938.0,3359.0,0.2903,0.002898794432708705,0.002898794432708705
2021-01-18,3460.0,3400.0,3570.0,3455.0,707225.0,3397.0,0.0,0.0,0.0
2021-01-19,3450.0,3400.0,3505.0,3470.0,355604.0,3437.0,0.4342,0.00433260071597228,0.00433260071597228
2021-01-20,3460.0,3400.0,3470.0,3405.0,171678.0,3446.0,-1.8732,-0.018909666104722424,-0.018909666104722424
2021-01-21,3405.0,3380.0,3435.0,3385.0,148858.0,3434.0,-0.5874,-0.0058913197956241194,-0.0058913197956241194
2021-01-22,3415.0,3330.0,3425.0,3365.0,188353.0,3416.0,-0.5908,-0.005925521276551556,-0.005925521276551556
2021-01-25,3400.0,3385.0,3470.0,3440.0,267983.0,3413.0,2.2288,0.02204325247462973,0.02204325247462973
2021-01-26,3455.0,3380.0,3460.0,3400.0,164653.0,3399.0,-1.1628,-0.011696133880842736,-0.011696133880842736
2021-01-27,3410.0,3345.0,3410.0,3370.0,95170.0,3392.0,-0.8824,-0.008863162035406182,-0.008863162035406182
2021-01-28,3320.0,3300.0,3375.0,3325.0,175512.0,3380.0,-1.3353,-0.013442952963226638,-0.013442952963226638
2021-01-29,3325.0,3235.0,3365.0,3275.0,230589.0,3362.0,-1.5038,-0.015152217234427634,-0.015152217234427634
2021-02-01,3295.0,3240.0,3330.0,3285.0,144959.0,3331.0,0.3053,0.0030483490593101407,0.0030483490593101407
2021-02-02,3285.0,3280.0,3340.0,3340.0,125867.0,3319.0,1.6743,0.01660438109991381,0.01660438109991381
2021-02-03,3345.0,3320.0,3355.0,3330.0,73790.0,3311.0,-0.2994,-0.002998490984244702,-0.002998490984244702
2021-02-04,3315.0,3310.0,3365.0,3325.0,119854.0,3311.0,-0.1502,-0.0015031291327799253,-0.0015031291327799253
2021-02-05,3325.0,3300.0,3345.0,3310.0,97875.0,3318.0,-0.4511,-0.0045212052626916665,-0.0045212052626916665
2021-02-08,3340.0,3280.0,3340.0,3300.0,92607.0,3321.0,-0.3021,-0.0030255724316995717,-0.0030255724316995717
2021-02-09,3300.0,3285.0,3315.0,3300.0,70587.0,3313.0,0.0,0.0,0.0
2021-02-10,3305.0,3280.0,3320.0,3315.0,43057.0,3310.0,0.4545,0.004534702676601144,0.004534702676601144
2021-02-11,3305.0,3280.0,3320.0,3315.0,43057.0,3310.0,0.0,0.0,0.0
2021-02-12,3305.0,3280.0,3320.0,3315.0,43057.0,3310.0,0.0,0.0,0.0
2021-02-15,3320.0,3295.0,3340.0,3310.0,100483.0,3307.0,-0.1508,-0.0015091381763905278,-0.0015091381763905278
2021-02-16,3315.0,3295.0,3335.0,3315.0,101090.0,3308.0,0.1511,0.0015098595881303965,0.0015098595881303965
2021-02-17,3315.0,3310.0,3380.0,3360.0,191606.0,3320.0,1.3575,0.013483685158659449,0.013483685158659449
2021-02-18,3355.0,3325.0,3380.0,3335.0,109454.0,3327.0,-0.744,-0.007467814847520972,-0.007467814847520972
2021-02-19,3335.0,3285.0,3355.0,3330.0,181722.0,3330.0,-0.1499,-0.0015001246245152967,-0.0015001246245152967
2021-02-22,3350.0,3320.0,3405.0,3375.0,230076.0,3343.0,1.3514,0.013423500332025513,0.013423500332025513
2021-02-23,3380.0,3325.0,3430.0,3385.0,213041.0,3357.0,0.2963,0.002958618967366398,0.002958618967366398
2021-02-24,3380.0,3300.0,3415.0,3305.0,182685.0,3346.0,-2.3634,-0.023917762863971428,-0.023917762863971428
2021-02-25,3320.0,3320.0,3375.0,3365.0,118893.0,3352.0,1.8154,0.017991183700869863,0.017991183700869863
2021-02-26,3320.0,3300.0,3415.0,3400.0,234371.0,3366.0,1.0401,0.01034728176070136,0.01034728176070136
2021-03-01,3320.0,3300.0,3415.0,3400.0,234371.0,3366.0,0.0,0.0,0.0
2021-03-02,3395.0,3365.0,3435.0,3380.0,140577.0,3367.0,-0.5882,-0.005899367097665571,-0.005899367097665571
2021-03-03,3370.0,3370.0,3455.0,3440.0,222653.0,3378.0,1.7751,0.017595290960036196,0.017595290960036196
2021-03-04,3450.0,3395.0,3455.0,3430.0,131711.0,3403.0,-0.2907,-0.0029112335310738616,-0.0029112335310738616
2021-03-05,3400.0,3360.0,3410.0,3400.0,108475.0,3410.0,-0.8746,-0.00878447073226784,-0.00878447073226784
2021-03-08,3390.0,3365.0,3425.0,3365.0,88806.0,3403.0,-1.0294,-0.010347349654703585,-0.010347349654703585
2021-03-09,3365.0,3320.0,3370.0,3360.0,126247.0,3399.0,-0.1486,-0.001487105193013556,-0.001487105193013556
2021-03-10,3365.0,3350.0,3415.0,3410.0,129193.0,3393.0,1.4881,0.014771364241132493,0.014771364241132493
2021-03-11,3390.0,3385.0,3450.0,3410.0,176058.0,3389.0,0.0,0.0,0.0
2021-03-12,3420.0,3400.0,3445.0,3425.0,141937.0,3394.0,0.4399,0.004389352681522117,0.004389352681522117
2021-03-15,3430.0,3405.0,3545.0,3520.0,512304.0,3425.0,2.7737,0.02735929772533823,0.02735929772533823
2021-03-16,3520.0,3465.0,3535.0,3490.0,180403.0,3451.0,-0.8523,-0.008559528467340944,-0.008559528467340944
2021-03-17,3505.0,3460.0,3565.0,3555.0,285790.0,3480.0,1.8625,0.018453678658246705,0.018453678658246705
2021-03-18,3555.0,3505.0,3560.0,3525.0,149860.0,3503.0,-0.8439,-0.008474809969712343,-0.008474809969712343
2021-03-19,3490.0,3475.0,3575.0,3535.0,161730.0,3525.0,0.2837,0.0028329833106051994,0.0028329833106051994
2021-03-22,3565.0,3490.0,3565.0,3510.0,97622.0,3523.0,-0.7072,-0.0070971251186342016,-0.0070971251186342016
2021-03-23,3500.0,3435.0,3540.0,3445.0,179495.0,3514.0,-1.8519,-0.018692623578310565,-0.018692623578310565
2021-03-24,3450.0,3415.0,3500.0,3480.0,90496.0,3499.0,1.016,0.010108734148287777,0.010108734148287777
2021-03-25,3455.0,3450.0,3490.0,3465.0,99666.0,3487.0,-0.431,-0.004319314824230099,-0.004319314824230099
2021-03-26,3480.0,3435.0,3495.0,3460.0,119017.0,3472.0,-0.1443,-0.001444042127146934,-0.001444042127146934
2021-03-29,3465.0,3435.0,3475.0,3445.0,86466.0,3459.0,-0.4335,-0.004344423355859322,-0.004344423355859322
2021-03-30,3450.0,3425.0,3470.0,3430.0,106899.0,3456.0,-0.4354,-0.004363506261543635,-0.004363506261543635
2021-03-31,3480.0,3385.0,3480.0,3425.0,164960.0,3445.0,-0.1458,-0.0014590639162523006,-0.0014590639162523006
2021-04-01,3465.0,3420.0,3490.0,3485.0,122853.0,3449.0,1.7518,0.01736632859582975,0.01736632859582975
2021-04-02,3485.0,3445.0,3510.0,3465.0,99460.0,3450.0,-0.5739,-0.005755531339747644,-0.005755531339747644
2021-04-05,3435.0,3435.0,3475.0,3455.0,91809.0,3452.0,-0.2886,-0.0028901725278773892,-0.0028901725278773892
2021-04-06,3465.0,3455.0,3545.0,3525.0,183090.0,3471.0,2.026,0.020057496774978863,0.020057496774978863
2021-04-07,3500.0,3500.0,3560.0,3515.0,149091.0,3489.0,-0.2837,-0.002841031911995105,-0.002841031911995105
2021-04-08,3550.0,3520.0,3570.0,3555.0,195490.0,3503.0,1.138,0.01131573489832306,0.01131573489832306
2021-04-09,3560.0,3515.0,3580.0,3570.0,133839.0,3524.0,0.4219,0.004210124973235218,0.004210124973235218
2021-04-12,3570.0,3535.0,3605.0,3605.0,183878.0,3554.0,0.9804,0.009756252615264511,0.009756252615264511
2021-04-13,3640.0,3560.0,3645.0,3575.0,322929.0,3564.0,-0.8322,-0.008356821164393714,-0.008356821164393714
2021-04-14,3600.0,3590.0,3720.0,3670.0,744936.0,3595.0,2.6573,0.026226070389086403,0.026226070389086403
2021-04-15,3750.0,3620.0,3750.0,3640.0,394583.0,3612.0,-0.8174,-0.008207590308015609,-0.008207590308015609
2021-04-16,3630.0,3575.0,3640.0,3605.0,278613.0,3619.0,-0.9615,-0.009661522562297778,-0.009661522562297778
2021-04-19,3605.0,3580.0,3610.0,3605.0,96930.0,3619.0,0.0,0.0,0.0
2021-04-20,3570.0,3570.0,3615.0,3600.0,103143.0,3624.0,-0.1387,-0.0013879627748488112,-0.0013879627748488112
2021-04-21,3560.0,3560.0,3620.0,3570.0,135929.0,3604.0,-0.8333,-0.008367913536119355,-0.008367913536119355
2021-04-22,3575.0,3570.0,3615.0,3590.0,116826.0,3594.0,0.5602,0.00558636715429366,0.00558636715429366
2021-04-23,3590.0,3550.0,3595.0,3580.0,135374.0,3589.0,-0.2786,-0.0027898881212161898,-0.0027898881212161898
2021-04-26,3580.0,3575.0,3630.0,3605.0,173729.0,3589.0,0.6983,0.0069587317667160215,0.0069587317667160215
2021-04-27,3605.0,3590.0,3655.0,3645.0,167299.0,3598.0,1.1096,0.011034891019961468,0.011034891019961468
2021-04-28,3640.0,3575.0,3670.0,3580.0,170696.0,3600.0,-1.7833,-0.017993923986624426,-0.017993923986624426
2021-04-29,3585.0,3500.0,3605.0,3505.0,256275.0,3583.0,-2.095,-0.021172565232800956,-0.021172565232800956
2021-04-30,3505.0,3440.0,3540.0,3455.0,204950.0,3558.0,-1.4265,-0.014367723180147314,-0.014367723180147314
2021-05-03,3475.0,3445.0,3545.0,3525.0,186150.0,3542.0,2.026,0.020057496774978863,0.020057496774978863
2021-05-04,3525.0,3485.0,3550.0,3525.0,118326.0,3518.0,0.0,0.0,0.0
2021-05-05,3525.0,3485.0,3550.0,3525.0,118326.0,3518.0,0.0,0.0,0.0
2021-05-06,3585.0,3565.0,3595.0,3585.0,224159.0,3519.0,1.7021,0.01687776582078748,0.01687776582078748
2021-05-07,3600.0,3585.0,3625.0,3610.0,221457.0,3540.0,0.6974,0.0069497941379583214,0.0069497941379583214
2021-05-10,3670.0,3640.0,3715.0,3680.0,730639.0,3585.0,1.9391,0.019205390162052718,0.019205390162052718
2021-05-11,3680.0,3655.0,3700.0,3700.0,223814.0,3620.0,0.5435,0.0054202836855321195,0.0054202836855321195
2021-05-12,3700.0,3625.0,3705.0,3680.0,277241.0,3651.0,-0.5405,-0.0054196598607266135,-0.0054196598607266135
2021-05-13,3630.0,3595.0,3730.0,3680.0,317340.0,3670.0,0.0,0.0,0.0
2021-05-14,3680.0,3640.0,3720.0,3695.0,137394.0,3687.0,0.4076,0.004067715615803487,0.004067715615803487
2021-05-17,3725.0,3550.0,3730.0,3560.0,370926.0,3663.0,-3.6536,-0.03722015560365242,-0.03163102781866988
2021-05-18,3560.0,3550.0,3595.0,3555.0,223292.0,3634.0,-0.1404,-0.0014049865315015643,-0.0014049865315015643
2021-05-19,3560.0,3550.0,3595.0,3555.0,223292.0,3634.0,0.0,0.0,0.0
2021-05-20,3550.0,3500.0,3560.0,3525.0,154304.0,3603.0,-0.8439,-0.008474809969712343,-0.008474809969712343
2021-05-21,3540.0,3525.0,3575.0,3535.0,122528.0,3574.0,0.2837,0.0028329833106051994,0.0028329833106051994
2021-05-24,3500.0,3450.0,3525.0,3500.0,144601.0,3535.0,-0.9901,-0.009950340853168182,-0.009950340853168182
2021-05-25,3495.0,3475.0,3530.0,3525.0,95026.0,3528.0,0.7143,0.007117609612825451,0.007117609612825451
2021-05-26,3500.0,3500.0,3555.0,3540.0,120837.0,3525.0,0.4255,0.00424597308479034,0.00424597308479034
2021-05-27,3540.0,3520.0,3570.0,3560.0,136553.0,3532.0,0.565,0.005634098617092891,0.005634098617092891
2021-05-28,3595.0,3540.0,3595.0,3540.0,117517.0,3533.0,-0.5618,-0.00563384031712633,-0.00563384031712633
2021-05-31,3540.0,3500.0,3560.0,3550.0,101375.0,3543.0,0.2825,0.0028210171867019255,0.0028210171867019255
2021-06-01,3560.0,3550.0,3585.0,3570.0,87402.0,3552.0,0.5634,0.0056181883826353475,0.0056181883826353475
2021-06-02,3570.0,3565.0,3600.0,3600.0,114437.0,3564.0,0.8403,0.008367891337119014,0.008367891337119014
2021-06-03,3610.0,3580.0,3615.0,3610.0,165309.0,3574.0,0.2778,0.0027741484893488264,0.0027741484893488264
2021-06-04,3660.0,3605.0,3665.0,3620.0,177530.0,3590.0,0.277,0.002766170619958465,0.002766170619958465
2021-06-07,3630.0,3585.0,3635.0,3605.0,161612.0,3601.0,-0.4144,-0.004152610163243676,-0.004152610163243676
2021-06-08,3605.0,3575.0,3610.0,3590.0,65175.0,3605.0,-0.4161,-0.0041696810501017,-0.0041696810501017
2021-06-09,3595.0,3580.0,3750.0,3685.0,1173215.0,3622.0,2.6462,0.026117937795040874,0.026117937795040874
2021-06-10,3685.0,3665.0,3795.0,3685.0,692778.0,3637.0,0.0,0.0,0.0
2021-06-11,3695.0,3650.0,3710.0,3655.0,184598.0,3644.0,-0.8141,-0.008174318896472844,-0.008174318896472844
2021-06-14,3675.0,3660.0,3725.0,3715.0,311369.0,3666.0,1.6416,0.01628271417389424,0.01628271417389424
2021-06-15,3715.0,3665.0,3715.0,3685.0,243224.0,3685.0,-0.8075,-0.008107779394163872,-0.008107779394163872
2021-06-16,3690.0,3660.0,3725.0,3680.0,149087.0,3684.0,-0.1357,-0.001357921558297472,-0.001357921558297472
2021-06-17,3670.0,3670.0,3710.0,3695.0,199968.0,3686.0,0.4076,0.004067715615803487,0.004067715615803487
2021-06-18,3700.0,3685.0,3720.0,3685.0,181199.0,3692.0,-0.2706,-0.0027096678362708592,-0.0027096678362708592
2021-06-21,3680.0,3620.0,3700.0,3660.0,218762.0,3681.0,-0.6784,-0.006807115932977489,-0.006807115932977489
2021-06-22,3675.0,3640.0,3685.0,3655.0,88888.0,3675.0,-0.1366,-0.001366933828503344,-0.001366933828503344
2021-06-23,3655.0,3625.0,3670.0,3660.0,151390.0,3671.0,0.1368,0.00136706514049478,0.00136706514049478
2021-06-24,3660.0,3610.0,3660.0,3625.0,124895.0,3657.0,-0.9563,-0.009609019106649571,-0.009609019106649571
2021-06-25,3650.0,3610.0,3660.0,3640.0,124883.0,3648.0,0.4138,0.0041294620233274905,0.0041294620233274905
2021-06-28,3635.0,3615.0,3680.0,3675.0,104180.0,3651.0,0.9615,0.009569070063697121,0.009569070063697121
2021-06-29,3680.0,3640.0,3685.0,3660.0,102927.0,3652.0,-0.4082,-0.00409035410405219,-0.00409035410405219
2021-06-30,3665.0,3620.0,3670.0,3645.0,93147.0,3649.0,-0.4098,-0.004106419812801334,-0.004106419812801334
2021-07-01,3650.0,3620.0,3660.0,3640.0,86641.0,3652.0,-0.1372,-0.001372942053763805,-0.001372942053763805
2021-07-02,3640.0,3620.0,3655.0,3625.0,68213.0,3649.0,-0.4121,-0.004129514721328946,-0.004129514721328946
2021-07-05,3635.0,3620.0,3660.0,3635.0,140329.0,3641.0,0.2759,0.0027552009456230713,0.0027552009456230713
2021-07-06,3655.0,3610.0,3655.0,3610.0,164073.0,3631.0,-0.6878,-0.006901762463497682,-0.006901762463497682
2021-07-07,3625.0,3545.0,3625.0,3565.0,191028.0,3615.0,-1.2465,-0.012543339796975013,-0.012543339796975013
2021-07-08,3570.0,3480.0,3595.0,3505.0,207294.0,3588.0,-1.683,-0.016973233807710788,-0.016973233807710788
2021-07-09,3480.0,3390.0,3480.0,3445.0,215055.0,3552.0,-1.7118,-0.017266206732190863,-0.017266206732190863
2021-07-12,3445.0,3435.0,3515.0,3460.0,108373.0,3517.0,0.4354,0.00434454876585145,0.00434454876585145
2021-07-13,3470.0,3470.0,3505.0,3475.0,99783.0,3490.0,0.4335,0.00432563095428325,0.00432563095428325
2021-07-14,3495.0,3475.0,3505.0,3505.0,59571.0,3478.0,0.8633,0.008595948745114521,0.008595948745114521
2021-07-15,3485.0,3485.0,3520.0,3520.0,83152.0,3481.0,0.428,0.004270866850646005,0.004270866850646005
2021-07-16,3520.0,3470.0,3520.0,3520.0,102348.0,3496.0,0.0,0.0,0.0
2021-07-19,3520.0,3460.0,3520.0,3460.0,79120.0,3496.0,-1.7045,-0.017191938112734065,-0.017191938112734065
2021-07-20,3415.0,3400.0,3440.0,3430.0,119995.0,3487.0,-0.8671,-0.008708811856916014,-0.008708811856916014
2021-07-21,3430.0,3380.0,3450.0,3390.0,124283.0,3464.0,-1.1662,-0.011730534475774044,-0.011730534475774044
2021-07-22,3390.0,3370.0,3410.0,3370.0,93258.0,3434.0,-0.59,-0.005917473764037623,-0.005917473764037623
2021-07-23,3380.0,3380.0,3420.0,3395.0,61488.0,3409.0,0.7418,0.007390621948225705,0.007390621948225705
2021-07-26,3405.0,3300.0,3410.0,3355.0,121048.0,3388.0,-1.1782,-0.011851957800129584,-0.011851957800129584
2021-07-27,3355.0,3330.0,3380.0,3365.0,60924.0,3375.0,0.2981,0.002976565629885725,0.002976565629885725
2021-07-28,3360.0,3295.0,3410.0,3315.0,181689.0,3360.0,-1.4859,-0.01497050084651025,-0.01497050084651025
2021-07-29,3315.0,3300.0,3365.0,3315.0,86823.0,3349.0,0.0,0.0,0.0
2021-07-30,3330.0,3255.0,3335.0,3275.0,106894.0,3325.0,-1.2066,-0.012139385085030008,-0.012139385085030008
2021-08-02,3280.0,3250.0,3310.0,3290.0,100711.0,3312.0,0.458,0.004569543714369872,0.004569543714369872
2021-08-03,3290.0,3255.0,3310.0,3275.0,77583.0,3294.0,-0.4559,-0.004569423934376997,-0.004569423934376997
2021-08-04,3275.0,3255.0,3300.0,3285.0,36130.0,3288.0,0.3053,0.0030483490593101407,0.0030483490593101407
2021-08-05,3285.0,3285.0,3320.0,3320.0,57630.0,3289.0,1.0654,0.010597646051946663,0.010597646051946663
2021-08-06,3320.0,3300.0,3340.0,3315.0,42095.0,3297.0,-0.1506,-0.0015071351578416275,-0.0015071351578416275
2021-08-09,3355.0,3310.0,3365.0,3325.0,76955.0,3304.0,0.3017,0.003012457988705636,0.003012457988705636
2021-08-10,3330.0,3290.0,3345.0,3290.0,74057.0,3307.0,-1.0526,-0.010581790181651732,-0.010581790181651732
2021-08-11,3290.0,3270.0,3305.0,3275.0,56673.0,3305.0,-0.4559,-0.004569423934376997,-0.004569423934376997
2021-08-12,3255.0,3255.0,3290.0,3260.0,46237.0,3293.0,-0.458,-0.004590520334377628,-0.004590520334377628
2021-08-13,3250.0,3185.0,3265.0,3220.0,140239.0,3274.0,-1.227,-0.012345897934102512,-0.012345897934102512
2021-08-16,3250.0,3185.0,3265.0,3220.0,140239.0,3274.0,0.0,0.0,0.0
2021-08-17,3205.0,3120.0,3230.0,3145.0,125816.0,3238.0,-2.3292,-0.023567545715521703,-0.023567545715521703
2021-08-18,3105.0,3100.0,3170.0,3155.0,49689.0,3211.0,0.318,0.0031749544936436683,0.0031749544936436683
2021-08-19,3165.0,3050.0,3195.0,3065.0,128985.0,3169.0,-2.8526,-0.02894077326080476,-0.02894077326080476
2021-08-20,3040.0,2900.0,3080.0,2930.0,481707.0,3103.0,-4.4046,-0.045045484243214945,-0.03163102781866988
2021-08-23,2930.0,2910.0,3020.0,3020.0,110646.0,3063.0,3.0717,0.030254676569686997,0.030254676569686997
2021-08-24,3045.0,3005.0,3080.0,3065.0,91070.0,3047.0,1.4901,0.014791070790900673,0.014791070790900673
2021-08-25,3070.0,3045.0,3080.0,3070.0,31001.0,3030.0,0.1631,0.001629671363973993,0.001629671363973993
2021-08-26,3070.0,3010.0,3075.0,3020.0,70462.0,3021.0,-1.6287,-0.01642109113954502,-0.01642109113954502
2021-08-27,3005.0,2995.0,3030.0,3030.0,99798.0,3041.0,0.3311,0.0033055307087238596,0.0033055307087238596
2021-08-30,3055.0,3010.0,3060.0,3045.0,45711.0,3046.0,0.495,0.004937789029623811,0.004937789029623811
2021-08-31,3035.0,3015.0,3045.0,3045.0,85457.0,3042.0,0.0,0.0,0.0
2021-09-01,3045.0,3045.0,3105.0,3080.0,52369.0,3044.0,1.1494,0.011428445823591399,0.011428445823591399
2021-09-02,3075.0,3065.0,3120.0,3120.0,54346.0,3064.0,1.2987,0.012903392015395065,0.012903392015395065
2021-09-03,3120.0,3105.0,3145.0,3145.0,30342.0,3087.0,0.8013,0.00798106639141041,0.00798106639141041
2021-09-06,3150.0,3090.0,3150.0,3110.0,62015.0,3100.0,-1.1129,-0.011191390649389612,-0.011191390649389612
2021-09-07,3110.0,3065.0,3120.0,3090.0,34896.0,3109.0,-0.6431,-0.0064517679675815814,-0.0064517679675815814
2021-09-08,3085.0,3050.0,3160.0,3100.0,119173.0,3113.0,0.3236,0.0032307754201261096,0.0032307754201261096
2021-09-09,3075.0,3055.0,3115.0,3055.0,84640.0,3100.0,-1.4516,-0.01462238793465357,-0.01462238793465357
2021-09-10,3055.0,3025.0,3100.0,3080.0,66753.0,3087.0,0.8183,0.008149700790449856,0.008149700790449856
2021-09-13,3095.0,3075.0,3380.0,3215.0,933249.0,3108.0,4.3831,0.042897598962251336,0.031020839739783364
2021-09-14,3210.0,3150.0,3275.0,3185.0,335518.0,3127.0,-0.9331,-0.009374806499085361,-0.009374806499085361
2021-09-15,3185.0,3135.0,3195.0,3135.0,117724.0,3134.0,-1.5699,-0.01582353439706589,-0.01582353439706589
2021-09-16,3130.0,3080.0,3140.0,3105.0,96341.0,3144.0,-0.9569,-0.009615077057002729,-0.009615077057002729
2021-09-17,3090.0,3065.0,3135.0,3120.0,133212.0,3152.0,0.4831,0.004819368166714821,0.004819368166714821
2021-09-20,3090.0,3065.0,3135.0,3120.0,133212.0,3152.0,0.0,0.0,0.0
2021-09-21,3090.0,3065.0,3135.0,3120.0,133212.0,3152.0,0.0,0.0,0.0
2021-09-22,3090.0,3065.0,3135.0,3120.0,133212.0,3152.0,0.0,0.0,0.0
2021-09-23,3095.0,3020.0,3095.0,3030.0,194234.0,3115.0,-2.8846,-0.029270223884284217,-0.029270223884284217
2021-09-24,3030.0,3015.0,3050.0,3020.0,63105.0,3082.0,-0.33,-0.0033054570087264813,-0.0033054570087264813
2021-09-27,3015.0,3010.0,3035.0,3030.0,45129.0,3061.0,0.3311,0.0033055307087238596,0.0033055307087238596
2021-09-28,3025.0,3000.0,3105.0,3090.0,165238.0,3058.0,1.9802,0.019608490805851954,0.019608490805851954
2021-09-29,3030.0,3030.0,3175.0,3090.0,272455.0,3052.0,0.0,0.0,0.0
2021-09-30,3090.0,3080.0,3145.0,3100.0,85130.0,3066.0,0.3236,0.0032307754201261096,0.0032307754201261096
2021-10-01,3100.0,3045.0,3110.0,3055.0,86644.0,3073.0,-1.4516,-0.01462238793465357,-0.01462238793465357
2021-10-04,3100.0,3045.0,3110.0,3055.0,86644.0,3073.0,0.0,0.0,0.0
2021-10-05,3030.0,2950.0,3040.0,2990.0,179565.0,3065.0,-2.1277,-0.02150661826452714,-0.02150661826452714
2021-10-06,2995.0,2915.0,3010.0,2960.0,141467.0,3039.0,-1.0033,-0.010083669742402634,-0.010083669742402634
2021-10-07,2940.0,2940.0,3030.0,3015.0,63735.0,3024.0,1.8581,0.0184104822411865,0.0184104822411865
2021-10-08,3025.0,2960.0,3025.0,3015.0,103184.0,3007.0,0.0,0.0,0.0
2021-10-11,3025.0,2960.0,3025.0,3015.0,103184.0,3007.0,0.0,0.0,0.0
2021-10-12,3000.0,2940.0,3000.0,2990.0,73403.0,2994.0,-0.8292,-0.00832656986686275,-0.00832656986686275
2021-10-13,2965.0,2965.0,3025.0,3020.0,78121.0,3000.0,1.0033,0.009983003586735203,0.009983003586735203
2021-10-14,3020.0,3010.0,3085.0,3060.0,78270.0,3020.0,1.3245,0.013158051897771991,0.013158051897771991
2021-10-15,3060.0,3025.0,3100.0,3060.0,99585.0,3029.0,0.0,0.0,0.0
2021-10-18,3065.0,3025.0,3130.0,3065.0,80941.0,3039.0,0.1634,0.0016326664744561084,0.0016326664744561084
2021-10-19,3080.0,3055.0,3110.0,3095.0,74228.0,3060.0,0.9788,0.009740407830773038,0.009740407830773038
2021-10-20,3100.0,3060.0,3115.0,3090.0,42256.0,3074.0,-0.1616,-0.001617307136411382,-0.001617307136411382
2021-10-21,3090.0,3035.0,3110.0,3050.0,99355.0,3072.0,-1.2945,-0.01302951668377658,-0.01302951668377658
2021-10-22,3055.0,3035.0,3080.0,3040.0,32821.0,3068.0,-0.3279,-0.003284387701238786,-0.003284387701238786
2021-10-25,3045.0,3025.0,3085.0,3075.0,65388.0,3070.0,1.1513,0.01144722974277781,0.01144722974277781
2021-10-26,3075.0,3065.0,3105.0,3075.0,64442.0,3066.0,0.0,0.0,0.0
2021-10-27,3085.0,3045.0,3085.0,3075.0,100894.0,3063.0,0.0,0.0,0.0
2021-10-28,3065.0,3045.0,3115.0,3085.0,107530.0,3070.0,0.3252,0.0032467236839585924,0.0032467236839585924
2021-10-29,3080.0,3045.0,3085.0,3060.0,81871.0,3074.0,-0.8104,-0.008137015902903331,-0.008137015902903331
2021-11-01,3060.0,3050.0,3110.0,3090.0,50620.0,3077.0,0.9804,0.009756252615264511,0.009756252615264511
2021-11-02,3090.0,3080.0,3170.0,3170.0,117551.0,3096.0,2.589,0.02556052852527595,0.02556052852527595
2021-11-03,3170.0,3100.0,3170.0,3120.0,85967.0,3105.0,-1.5773,-0.015898717478063342,-0.015898717478063342
2021-11-04,3110.0,3060.0,3130.0,3090.0,88366.0,3106.0,-0.9615,-0.009661522562297778,-0.009661522562297778
2021-11-05,3090.0,3040.0,3090.0,3050.0,61984.0,3104.0,-1.2945,-0.01302951668377658,-0.01302951668377658
2021-11-08,3050.0,3010.0,3050.0,3020.0,37236.0,3090.0,-0.9836,-0.00988469300737857,-0.00988469300737857
2021-11-09,3025.0,3010.0,3085.0,3070.0,59131.0,3070.0,1.6556,0.016420443567335307,0.016420443567335307
2021-11-10,3070.0,3010.0,3070.0,3035.0,70464.0,3053.0,-1.1401,-0.011466489641248353,-0.011466489641248353
2021-11-11,3015.0,2995.0,3035.0,3010.0,69601.0,3037.0,-0.8237,-0.008271111531435602,-0.008271111531435602
2021-11-12,3010.0,3010.0,3110.0,3085.0,71134.0,3044.0,2.4917,0.024611633701913795,0.024611633701913795
2021-11-15,3100.0,3065.0,3200.0,3125.0,100174.0,3065.0,1.2966,0.012882661031013097,0.012882661031013097
2021-11-16,3130.0,3100.0,3145.0,3120.0,73039.0,3075.0,-0.16,-0.0016012813669738792,-0.0016012813669738792
2021-11-17,3160.0,3140.0,3195.0,3195.0,319797.0,3107.0,2.4038,0.023753635303780222,0.023753635303780222
2021-11-18,3200.0,3160.0,3210.0,3200.0,190595.0,3145.0,0.1565,0.0015637766636812796,0.0015637766636812796
2021-11-19,3195.0,3155.0,3210.0,3210.0,88547.0,3170.0,0.3125,0.0031201273362436777,0.0031201273362436777
2021-11-22,3235.0,3155.0,3235.0,3215.0,101007.0,3188.0,0.1558,0.0015567875771397954,0.0015567875771397954
2021-11-23,3215.0,3175.0,3240.0,3215.0,95424.0,3207.0,0.0,0.0,0.0
2021-11-24,3210.0,3155.0,3230.0,3170.0,64478.0,3202.0,-1.3997,-0.014095881787781475,-0.014095881787781475
2021-11-25,3175.0,3140.0,3190.0,3155.0,50354.0,3193.0,-0.4732,-0.004743231357195191,-0.004743231357195191
2021-11-26,3140.0,3065.0,3155.0,3125.0,96564.0,3176.0,-0.9509,-0.00955449920485266,-0.00955449920485266
2021-11-29,3055.0,2980.0,3075.0,3030.0,88591.0,3139.0,-3.04,-0.03087166366708703,-0.03087166366708703
2021-11-30,3020.0,2900.0,3065.0,2930.0,176782.0,3082.0,-3.3003,-0.033559885912145294,-0.03163102781866988
2021-12-01,2925.0,2900.0,3000.0,2990.0,96526.0,3046.0,2.0478,0.020271144975609497,0.020271144975609497
2021-12-02,2990.0,2940.0,3065.0,3050.0,85267.0,3025.0,2.0067,0.019868311413440712,0.019868311413440712
2021-12-03,3065.0,3040.0,3090.0,3090.0,51194.0,3018.0,1.3115,0.013029743008750972,0.013029743008750972
2021-12-06,3090.0,3050.0,3100.0,3090.0,51061.0,3030.0,0.0,0.0,0.0
2021-12-07,3075.0,3070.0,3100.0,3085.0,46043.0,3061.0,-0.1618,-0.001619310375649288,-0.001619310375649288
2021-12-08,3090.0,3060.0,3105.0,3095.0,68869.0,3082.0,0.3241,0.003235759279896287,0.003235759279896287
2021-12-09,3095.0,3070.0,3125.0,3110.0,52927.0,3094.0,0.4847,0.004835291115565685,0.004835291115565685
2021-12-10,3110.0,3075.0,3110.0,3100.0,25802.0,3096.0,-0.3215,-0.0032201792162660273,-0.0032201792162660273
2021-12-13,3100.0,3070.0,3105.0,3070.0,49396.0,3092.0,-0.9677,-0.00972412643931575,-0.00972412643931575
2021-12-14,3055.0,3045.0,3080.0,3070.0,32402.0,3089.0,0.0,0.0,0.0
2021-12-15,3055.0,3035.0,3070.0,3070.0,47192.0,3084.0,0.0,0.0,0.0
2021-12-16,3055.0,3035.0,3090.0,3040.0,62160.0,3070.0,-0.9772,-0.009820059338870282,-0.009820059338870282
2021-12-17,3035.0,3030.0,3085.0,3060.0,23363.0,3062.0,0.6579,0.006557452833739298,0.006557452833739298
2021-12-20,3040.0,2990.0,3050.0,2990.0,71055.0,3046.0,-2.2876,-0.023141715852681793,-0.023141715852681793
2021-12-21,2985.0,2965.0,3010.0,3010.0,52441.0,3034.0,0.6689,0.0066667279030390774,0.0066667279030390774
2021-12-22,3015.0,2990.0,3095.0,3065.0,105652.0,3033.0,1.8272,0.018107073009032425,0.018107073009032425
2021-12-23,3065.0,3030.0,3085.0,3030.0,56531.0,3031.0,-1.1419,-0.011484697391681252,-0.011484697391681252
2021-12-24,3035.0,3035.0,3065.0,3055.0,33446.0,3030.0,0.8251,0.00821714658835421,0.00821714658835421
2021-12-27,3055.0,3020.0,3060.0,3025.0,106542.0,3037.0,-0.982,-0.009868534198605698,-0.009868534198605698
2021-12-28,3030.0,3030.0,3100.0,3100.0,70365.0,3055.0,2.4793,0.02449064097596594,0.02449064097596594
2021-12-29,3115.0,3070.0,3115.0,3095.0,31680.0,3061.0,-0.1613,-0.0016143022850789283,-0.0016143022850789283
2021-12-30,3095.0,3070.0,3110.0,3080.0,44656.0,3071.0,-0.4847,-0.004858784800540142,-0.004858784800540142
2021-12-31,3095.0,3070.0,3110.0,3080.0,44656.0,3071.0,0.0,0.0,0.0
2022-01-03,3105.0,3080.0,3105.0,3085.0,56357.0,3077.0,0.1623,0.0016216843588313095,0.0016216843588313095
2022-01-04,3100.0,3085.0,3130.0,3120.0,105888.0,3096.0,1.1345,0.01128112811786254,0.01128112811786254
2022-01-05,3120.0,3120.0,3155.0,3140.0,51298.0,3104.0,0.641,0.006389543321668518,0.006389543321668518
2022-01-06,3110.0,3100.0,3235.0,3160.0,177478.0,3117.0,0.6369,0.006348803627935994,0.006348803627935994
2022-01-07,3160.0,3150.0,3200.0,3190.0,50015.0,3139.0,0.9494,0.009449215216687984,0.009449215216687984
2022-01-10,3220.0,3155.0,3220.0,3155.0,92453.0,3153.0,-1.0972,-0.01103263633450326,-0.01103263633450326
2022-01-11,3155.0,3095.0,3155.0,3105.0,98519.0,3150.0,-1.5848,-0.01597492231466872,-0.01597492231466872
2022-01-12,3125.0,3120.0,3155.0,3150.0,58103.0,3152.0,1.4493,0.014388980309213062,0.014388980309213062
2022-01-13,3175.0,3130.0,3175.0,3155.0,64260.0,3151.0,0.1587,0.0015857420462392193,0.0015857420462392193
2022-01-14,3150.0,3130.0,3180.0,3160.0,41026.0,3145.0,0.1585,0.0015837452132163353,0.0015837452132163353
2022-01-17,3145.0,3095.0,3150.0,3120.0,75512.0,3138.0,-1.2658,-0.012738795008225562,-0.012738795008225562
2022-01-18,3120.0,3080.0,3145.0,3120.0,56286.0,3141.0,0.0,0.0,0.0
2022-01-19,3090.0,3070.0,3120.0,3090.0,43567.0,3129.0,-0.9615,-0.009661522562297778,-0.009661522562297778
2022-01-20,3080.0,3065.0,3140.0,3140.0,66764.0,3126.0,1.6181,0.01605148289583266,0.01605148289583266
2022-01-21,3145.0,3135.0,3180.0,3150.0,103701.0,3124.0,0.3185,0.003179938631624587,0.003179938631624587
2022-01-24,3125.0,2910.0,3130.0,2910.0,264646.0,3082.0,-7.619,-0.07924885619035585,-0.03163102781866988
2022-01-25,2915.0,2800.0,3205.0,2870.0,1013640.0,3032.0,-1.3746,-0.01384135106348428,-0.01384135106348428
2022-01-26,2805.0,2805.0,2985.0,2985.0,133984.0,3011.0,4.007,0.03928801858052795,0.031020839739783364
2022-01-27,2985.0,2880.0,2985.0,2890.0,131373.0,2961.0,-3.1826,-0.03234345579291127,-0.03163102781866988
2022-01-28,2890.0,2855.0,2975.0,2955.0,49700.0,2922.0,2.2491,0.022241806940092135,0.022241806940092135
2022-01-31,2890.0,2855.0,2975.0,2955.0,49700.0,2922.0,0.0,0.0,0.0
2022-02-01,2890.0,2855.0,2975.0,2955.0,49700.0,2922.0,0.0,0.0,0.0
2022-02-02,2890.0,2855.0,2975.0,2955.0,49700.0,2922.0,0.0,0.0,0.0
2022-02-03,2985.0,2985.0,3055.0,3055.0,69405.0,2951.0,3.3841,0.033280992501993394,0.031020839739783364
2022-02-04,3055.0,3050.0,3115.0,3080.0,55056.0,2993.0,0.8183,0.008149700790449856,0.008149700790449856
2022-02-07,3110.0,3050.0,3110.0,3085.0,52483.0,3013.0,0.1623,0.0016216843588313095,0.0016216843588313095
2022-02-08,3110.0,3050.0,3115.0,3085.0,50899.0,3052.0,0.0,0.0,0.0
2022-02-09,3085.0,3085.0,3130.0,3130.0,47311.0,3087.0,1.4587,0.01448163313716175,0.01448163313716175
2022-02-10,3130.0,3100.0,3135.0,3105.0,32353.0,3097.0,-0.7987,-0.008019066944422197,-0.008019066944422197
2022-02-11,3080.0,3050.0,3105.0,3105.0,31806.0,3102.0,0.0,0.0,0.0
2022-02-14,3030.0,3015.0,3120.0,3040.0,85837.0,3093.0,-2.0934,-0.02115622299362782,-0.02115622299362782
2022-02-15,3040.0,2965.0,3060.0,2985.0,41214.0,3073.0,-1.8092,-0.018257661370890597,-0.018257661370890597
2022-02-16,3045.0,3030.0,3070.0,3065.0,25059.0,3060.0,2.6801,0.026448143913867697,0.026448143913867697
2022-02-17,3095.0,3005.0,3115.0,3045.0,59534.0,3048.0,-0.6525,-0.006546380870033826,-0.006546380870033826
2022-02-18,3035.0,3020.0,3090.0,3060.0,22198.0,3039.0,0.4926,0.0049139069592859744,0.0049139069592859744
2022-02-21,3030.0,3030.0,3100.0,3070.0,41814.0,3045.0,0.3268,0.003262671693448012,0.003262671693448012
2022-02-22,3070.0,3050.0,3505.0,3195.0,4374455.0,3087.0,4.0717,0.03990989868728688,0.031020839739783364
2022-02-23,3190.0,3150.0,3345.0,3240.0,2631633.0,3122.0,1.4085,0.013986728085732753,0.013986728085732753
2022-02-24,3255.0,3155.0,3460.0,3255.0,2951249.0,3164.0,0.463,0.004619314519820975,0.004619314519820975
2022-02-25,3200.0,3130.0,3230.0,3155.0,747009.0,3183.0,-3.0722,-0.031203814532649907,-0.031203814532649907
2022-02-28,3165.0,3145.0,3225.0,3150.0,341432.0,3199.0,-0.1585,-0.0015862574413719778,-0.0015862574413719778
2022-03-01,3165.0,3145.0,3225.0,3150.0,341432.0,3199.0,0.0,0.0,0.0
2022-03-02,3175.0,3170.0,3280.0,3280.0,553169.0,3216.0,4.127,0.04044112199752336,0.031020839739783364
2022-03-03,3290.0,3240.0,3310.0,3245.0,309470.0,3217.0,-1.0671,-0.010728343426476482,-0.010728343426476482
2022-03-04,3250.0,3245.0,3310.0,3280.0,299000.0,3222.0,1.0786,0.010728246020471715,0.010728246020471715
2022-03-07,3285.0,3250.0,3330.0,3280.0,286658.0,3247.0,0.0,0.0,0.0
2022-03-08,3230.0,3155.0,3230.0,3170.0,226026.0,3251.0,-3.3537,-0.03411226352903721,-0.03163102781866988
2022-03-09,3230.0,3155.0,3230.0,3170.0,226026.0,3251.0,0.0,0.0,0.0
2022-03-10,3170.0,3170.0,3210.0,3200.0,88102.0,3235.0,0.9464,0.009419496916453721,0.009419496916453721
2022-03-11,3215.0,3145.0,3235.0,3235.0,136048.0,3233.0,1.0938,0.010878612737477918,0.010878612737477918
2022-03-14,3235.0,3180.0,3245.0,3200.0,99245.0,3217.0,-1.0819,-0.010877950959697024,-0.010877950959697024
2022-03-15,3180.0,3170.0,3265.0,3250.0,165095.0,3211.0,1.5625,0.015504186535965254,0.015504186535965254
2022-03-16,3260.0,3160.0,3265.0,3195.0,209009.0,3216.0,-1.6923,-0.017067830264889727,-0.017067830264889727
2022-03-17,3170.0,3045.0,3170.0,3085.0,445635.0,3193.0,-3.4429,-0.0350356427898357,-0.03163102781866988
2022-03-18,3090.0,3040.0,3110.0,3085.0,162903.0,3163.0,0.0,0.0,0.0
2022-03-21,3085.0,3085.0,3190.0,3185.0,226282.0,3160.0,3.2415,0.031900718009001086,0.031020839739783364
2022-03-22,3170.0,3170.0,3305.0,3285.0,435114.0,3167.0,3.1397,0.030914193962661103,0.030914193962661103
2022-03-23,3260.0,3225.0,3275.0,3245.0,173479.0,3177.0,-1.2177,-0.012251747081081907,-0.012251747081081907
2022-03-24,3245.0,3245.0,3500.0,3390.0,2111338.0,3238.0,4.4684,0.04371444734249254,0.031020839739783364
2022-03-25,3385.0,3300.0,3390.0,3325.0,270635.0,3286.0,-1.9174,-0.019360205179279184,-0.019360205179279184
2022-03-28,3335.0,3265.0,3385.0,3295.0,445322.0,3308.0,-0.9023,-0.00906395380139856,-0.00906395380139856
2022-03-29,3300.0,3290.0,3355.0,3335.0,210889.0,3318.0,1.214,0.012066901218138016,0.012066901218138016
2022-03-30,3335.0,3280.0,3335.0,3320.0,202826.0,3333.0,-0.4498,-0.004508146439221118,-0.004508146439221118
2022-03-31,3325.0,3260.0,3400.0,3380.0,342266.0,3331.0,1.8072,0.01791064254282135,0.01791064254282135
2022-04-01,3380.0,3355.0,3505.0,3355.0,788781.0,3337.0,-0.7396,-0.007423486016243305,-0.007423486016243305
2022-04-04,3330.0,3330.0,3385.0,3350.0,216872.0,3348.0,-0.149,-0.0014911111538833397,-0.0014911111538833397
2022-04-05,3350.0,3300.0,3380.0,3345.0,205150.0,3350.0,-0.1493,-0.0014941156350670025,-0.0014941156350670025
2022-04-06,3310.0,3300.0,3385.0,3350.0,200252.0,3356.0,0.1495,0.0014938836000401399,0.0014938836000401399
2022-04-07,3345.0,3235.0,3345.0,3285.0,223788.0,3337.0,-1.9403,-0.019593709121101446,-0.019593709121101446
2022-04-08,3265.0,3150.0,3265.0,3215.0,230520.0,3309.0,-2.1309,-0.021539314464720745,-0.021539314464720745
2022-04-11,3195.0,3165.0,3375.0,3325.0,291978.0,3304.0,3.4215,0.033642684839219616,0.031020839739783364
2022-04-12,3280.0,3250.0,3305.0,3290.0,175775.0,3293.0,-1.0526,-0.010581790181651732,-0.010581790181651732
2022-04-13,3285.0,3270.0,3320.0,3295.0,75564.0,3282.0,0.152,0.0015188459692697662,0.0015188459692697662
2022-04-14,3295.0,3280.0,3340.0,3340.0,80412.0,3293.0,1.3657,0.013564583644915446,0.013564583644915446
2022-04-15,3320.0,3315.0,3405.0,3395.0,258071.0,3329.0,1.6467,0.016332889220870107,0.016332889220870107
2022-04-18,3400.0,3365.0,3895.0,3520.0,18563953.0,3368.0,3.6819,0.03615737206524501,0.031020839739783364
2022-04-19,3520.0,3455.0,3680.0,3655.0,4747313.0,3441.0,3.8352,0.03763484093780278,0.031020839739783364
2022-04-20,3645.0,3550.0,3675.0,3555.0,1396533.0,3493.0,-2.736,-0.027741254981724743,-0.027741254981724743
2022-04-21,3570.0,3505.0,3635.0,3570.0,926935.0,3539.0,0.4219,0.004210124973235218,0.004210124973235218
2022-04-22,3545.0,3545.0,3740.0,3600.0,2735553.0,3580.0,0.8403,0.008367891337119014,0.008367891337119014
2022-04-25,3685.0,3590.0,3790.0,3605.0,4284393.0,3597.0,0.1389,0.0013880362318461706,0.0013880362318461706
2022-04-26,3605.0,3530.0,4030.0,4030.0,8635192.0,3672.0,11.7892,0.11144476899337787,0.031020839739783364
2022-04-27,4460.0,3650.0,4975.0,3665.0,19616275.0,3694.0,-9.0571,-0.09493834894198881,-0.03163102781866988
2022-04-28,3705.0,3580.0,3820.0,3640.0,3584773.0,3708.0,-0.6821,-0.006844369349346573,-0.006844369349346573
2022-04-29,3625.0,3495.0,3660.0,3500.0,1448021.0,3688.0,-3.8462,-0.03922119315339649,-0.03163102781866988
2022-05-02,3485.0,3485.0,3945.0,3890.0,8164352.0,3745.0,11.1429,0.1056465747390257,0.031020839739783364
2022-05-03,4600.0,3815.0,4690.0,3845.0,13555625.0,3708.0,-1.1568,-0.011635429835304207,-0.011635429835304207
2022-05-04,3810.0,3600.0,3815.0,3625.0,2025911.0,3700.0,-5.7217,-0.058919139478570706,-0.03163102781866988
2022-05-05,3810.0,3600.0,3815.0,3625.0,2025911.0,3700.0,0.0,0.0,0.0
2022-05-06,3590.0,3480.0,3720.0,3505.0,1648814.0,3673.0,-3.3103,-0.033663304196797,-0.03163102781866988
2022-05-09,3730.0,3505.0,3820.0,3550.0,3492610.0,3683.0,1.2839,0.012757278775399783,0.012757278775399783
2022-05-10,3570.0,3495.0,3705.0,3530.0,1910288.0,3611.0,-0.5634,-0.005649930842422005,-0.005649930842422005
2022-05-11,3505.0,3350.0,3550.0,3435.0,1358426.0,3529.0,-2.6912,-0.027280758953588453,-0.027280758953588453
2022-05-12,3420.0,3200.0,3420.0,3205.0,1216869.0,3445.0,-6.6958,-0.06930506307081596,-0.03163102781866988
2022-05-13,3230.0,3165.0,3250.0,3190.0,547622.0,3382.0,-0.468,-0.00469098548812357,-0.00469098548812357
2022-05-16,3225.0,3190.0,3790.0,3565.0,11448816.0,3385.0,11.7555,0.11114326329670714,0.031020839739783364
2022-05-17,3505.0,3325.0,3505.0,3360.0,1325224.0,3351.0,-5.7504,-0.05922360370080739,-0.03163102781866988
2022-05-18,3365.0,3340.0,3535.0,3465.0,1884014.0,3357.0,3.125,0.030771658666753687,0.030771658666753687
2022-05-19,3425.0,3310.0,3540.0,3375.0,972990.0,3391.0,-2.5974,-0.026317281650707153,-0.026317281650707153
2022-05-20,3390.0,3345.0,3540.0,3460.0,1547330.0,3445.0,2.5185,0.02487308410928529,0.02487308410928529
2022-05-23,3440.0,3340.0,3450.0,3355.0,441811.0,3403.0,-3.0347,-0.03081700344481261,-0.03081700344481261
2022-05-24,3505.0,3380.0,3780.0,3380.0,7246791.0,3407.0,0.7452,0.0074243710238517426,0.0074243710238517426
2022-05-25,3445.0,3370.0,3560.0,3370.0,1030034.0,3388.0,-0.2959,-0.0029633864957310397,-0.0029633864957310397
2022-05-26,3370.0,3320.0,3380.0,3330.0,436918.0,3379.0,-1.1869,-0.01193999893057391,-0.01193999893057391
2022-05-27,3395.0,3365.0,3570.0,3530.0,1910216.0,3393.0,6.006,0.05832551029562754,0.031020839739783364
2022-05-30,3520.0,3475.0,3680.0,3590.0,1486960.0,3440.0,1.6997,0.016854167209564633,0.016854167209564633
2022-05-31,3590.0,3520.0,3620.0,3555.0,590313.0,3475.0,-0.9749,-0.009796832634622442,-0.009796832634622442
2022-06-01,3590.0,3520.0,3620.0,3555.0,590313.0,3475.0,0.0,0.0,0.0
2022-06-02,3535.0,3500.0,3590.0,3530.0,507693.0,3507.0,-0.7032,-0.007056841035273,-0.007056841035273
2022-06-03,3535.0,3460.0,3565.0,3470.0,415403.0,3535.0,-1.6997,-0.017143106957633627,-0.017143106957633627
2022-06-06,3535.0,3460.0,3565.0,3470.0,415403.0,3535.0,0.0,0.0,0.0
2022-06-07,3460.0,3415.0,3530.0,3420.0,354872.0,3513.0,-1.4409,-0.01451381773808056,-0.01451381773808056
2022-06-08,3410.0,3355.0,3465.0,3390.0,246159.0,3473.0,-0.8772,-0.008810700478617577,-0.008810700478617577
2022-06-09,3390.0,3285.0,3395.0,3340.0,300336.0,3430.0,-1.4749,-0.01485884793671949,-0.01485884793671949
2022-06-10,3340.0,3280.0,3380.0,3285.0,235448.0,3381.0,-1.6467,-0.016604088080956796,-0.016604088080956796
2022-06-13,3235.0,3200.0,3385.0,3330.0,658335.0,3353.0,1.3699,0.013606016920576834,0.013606016920576834
2022-06-14,3265.0,3080.0,3290.0,3100.0,713171.0,3289.0,-6.9069,-0.0715701183077063,-0.03163102781866988
2022-06-15,3100.0,2950.0,3170.0,2950.0,486085.0,3201.0,-4.8387,-0.04959683944446198,-0.03163102781866988
2022-06-16,2985.0,2965.0,3100.0,2965.0,312075.0,3126.0,0.5085,0.005072115049024453,0.005072115049024453
2022-06-17,2985.0,2880.0,3015.0,2960.0,347710.0,3061.0,-0.1686,-0.0016874228975617338,-0.0016874228975617338
2022-06-20,3000.0,2840.0,3000.0,2870.0,295960.0,2969.0,-3.0405,-0.030876820446059793,-0.030876820446059793
2022-06-21,2870.0,2870.0,2930.0,2905.0,150111.0,2930.0,1.2195,0.012121240050409798,0.012121240050409798
2022-06-22,2890.0,2750.0,2960.0,2755.0,334350.0,2891.0,-5.1635,-0.053015829731671564,-0.03163102781866988
2022-06-23,2740.0,2530.0,2765.0,2530.0,489769.0,2804.0,-8.167,-0.08519847583388485,-0.03163102781866988
2022-06-24,2520.0,2520.0,2660.0,2645.0,168015.0,2741.0,4.5455,0.04445219735334804,0.031020839739783364
2022-06-27,2665.0,2655.0,2830.0,2770.0,201185.0,2721.0,4.7259,0.04617627474457984,0.031020839739783364
2022-06-28,2770.0,2735.0,2810.0,2810.0,89505.0,2702.0,1.444,0.014336736100052745,0.014336736100052745
2022-06-29,2755.0,2750.0,2815.0,2805.0,94634.0,2712.0,-0.1779,-0.0017805842997583117,-0.0017805842997583117
2022-06-30,2825.0,2700.0,2825.0,2700.0,113138.0,2746.0,-3.7433,-0.03815160485327817,-0.03163102781866988
2022-07-01,2685.0,2590.0,2745.0,2635.0,190848.0,2744.0,-2.4074,-0.02436851511563239,-0.02436851511563239
2022-07-04,2640.0,2530.0,2670.0,2610.0,125550.0,2712.0,-0.9488,-0.009533297823531458,-0.009533297823531458
2022-07-05,2600.0,2600.0,2695.0,2680.0,101182.0,2686.0,2.682,0.02646664781502622,0.02646664781502622
2022-07-06,2700.0,2625.0,2700.0,2645.0,124616.0,2654.0,-1.306,-0.013146031670015225,-0.013146031670015225
2022-07-07,2675.0,2675.0,2735.0,2700.0,86586.0,2654.0,2.0794,0.020580755848167653,0.020580755848167653
2022-07-08,2700.0,2700.0,2785.0,2765.0,140236.0,2680.0,2.4074,0.023788789631281487,0.023788789631281487
2022-07-11,2765.0,2720.0,2765.0,2760.0,67671.0,2710.0,-0.1808,-0.00180963640471064,-0.00180963640471064
2022-07-12,2730.0,2645.0,2740.0,2685.0,134032.0,2711.0,-2.7174,-0.02755004115370951,-0.02755004115370951
2022-07-13,2655.0,2640.0,2720.0,2690.0,84572.0,2720.0,0.1862,0.0018602686268780438,0.0018602686268780438
2022-07-14,2660.0,2660.0,2710.0,2695.0,44200.0,2719.0,0.1859,0.0018572741980129699,0.0018572741980129699
2022-07-15,2695.0,2605.0,2705.0,2640.0,84278.0,2694.0,-2.0408,-0.020619120536082884,-0.020619120536082884
2022-07-18,2655.0,2645.0,2720.0,2710.0,80394.0,2684.0,2.6515,0.02616957013189789,0.02616957013189789
2022-07-19,2710.0,2685.0,2725.0,2720.0,45166.0,2691.0,0.369,0.003683208651589831,0.003683208651589831
2022-07-20,2725.0,2705.0,2765.0,2720.0,58504.0,2697.0,0.0,0.0,0.0
2022-07-21,2720.0,2700.0,2755.0,2745.0,59531.0,2707.0,0.9191,0.009149019790184686,0.009149019790184686
2022-07-22,2755.0,2715.0,2840.0,2795.0,242397.0,2738.0,1.8215,0.018051094257373456,0.018051094257373456
2022-07-25,2785.0,2750.0,2785.0,2770.0,80896.0,2750.0,-0.8945,-0.008985246696729928,-0.008985246696729928
2022-07-26,2730.0,2730.0,2820.0,2745.0,85897.0,2755.0,-0.9025,-0.009065972013746737,-0.009065972013746737
2022-07-27,2750.0,2740.0,2770.0,2745.0,54218.0,2760.0,0.0,0.0,0.0
2022-07-28,2750.0,2710.0,2790.0,2760.0,55948.0,2763.0,0.5464,0.0054491265065806605,0.0054491265065806605
2022-07-29,2760.0,2745.0,2840.0,2795.0,103633.0,2763.0,1.2681,0.012601269454020023,0.012601269454020023
2022-08-01,2785.0,2785.0,2815.0,2810.0,87332.0,2771.0,0.5367,0.00535264898054764,0.00535264898054764
2022-08-02,2790.0,2755.0,2810.0,2755.0,123061.0,2773.0,-1.9573,-0.0197670879277105,-0.0197670879277105
2022-08-03,2750.0,2725.0,2875.0,2810.0,130486.0,2786.0,1.9964,0.01976733255568072,0.01976733255568072
2022-08-04,2815.0,2805.0,2835.0,2830.0,48084.0,2800.0,0.7117,0.007091793680422183,0.007091793680422183
2022-08-05,2835.0,2805.0,2840.0,2830.0,58388.0,2807.0,0.0,0.0,0.0
2022-08-08,2840.0,2780.0,2840.0,2815.0,151292.0,2808.0,-0.53,-0.005314094823768765,-0.005314094823768765
2022-08-09,2895.0,2830.0,2925.0,2905.0,311492.0,2838.0,3.1972,0.03147153490835188,0.031020839739783364
2022-08-10,2865.0,2850.0,2935.0,2910.0,129926.0,2858.0,0.1721,0.0017195207764194268,0.0017195207764194268
2022-08-11,2910.0,2895.0,3070.0,2965.0,474606.0,2885.0,1.89,0.01872361399810251,0.01872361399810251
2022-08-12,2960.0,2915.0,3090.0,2960.0,359793.0,2911.0,-0.1686,-0.0016874228975617338,-0.0016874228975617338
2022-08-15,2960.0,2915.0,3090.0,2960.0,359793.0,2911.0,0.0,0.0,0.0
2022-08-16,2965.0,2945.0,2985.0,2955.0,90586.0,2939.0,-0.1689,-0.001690427968619232,-0.001690427968619232
2022-08-17,2960.0,2945.0,3030.0,2970.0,226300.0,2952.0,0.5076,0.0050631605423953965,0.0050631605423953965
2022-08-18,2970.0,2955.0,3010.0,2960.0,164300.0,2962.0,-0.3367,-0.003372681100260882,-0.003372681100260882
2022-08-19,3010.0,2940.0,3010.0,2940.0,103797.0,2957.0,-0.6757,-0.006779931883367946,-0.006779931883367946
2022-08-22,2930.0,2905.0,2970.0,2910.0,74431.0,2947.0,-1.0204,-0.010256417692965685,-0.010256417692965685
2022-08-23,2910.0,2790.0,2930.0,2790.0,288044.0,2914.0,-4.1237,-0.042111367070563954,-0.03163102781866988
2022-08-24,2815.0,2765.0,2825.0,2800.0,98216.0,2880.0,0.3584,0.0035775927764293168,0.0035775927764293168
2022-08-25,2825.0,2825.0,3065.0,2900.0,707624.0,2868.0,3.5714,0.03509104394916311,0.031020839739783364
2022-08-26,2915.0,2850.0,2920.0,2865.0,122193.0,2853.0,-1.2069,-0.012142421729740024,-0.012142421729740024
2022-08-29,2800.0,2760.0,2845.0,2760.0,98530.0,2823.0,-3.6649,-0.03733744761158217,-0.03163102781866988
2022-08-30,2760.0,2760.0,2815.0,2810.0,85188.0,2827.0,1.8116,0.017953860556095942,0.017953860556095942
2022-08-31,2785.0,2785.0,2870.0,2870.0,69677.0,2841.0,2.1352,0.021127239805619313,0.021127239805619313
2022-09-01,2865.0,2770.0,2870.0,2770.0,104420.0,2815.0,-3.4843,-0.035464496575915355,-0.03163102781866988
2022-09-02,2785.0,2750.0,2805.0,2755.0,90470.0,2793.0,-0.5415,-0.005429714254999669,-0.005429714254999669
2022-09-05,2715.0,2715.0,2795.0,2780.0,99617.0,2797.0,0.9074,0.00903307862276516,0.00903307862276516
2022-09-06,2770.0,2770.0,2845.0,2820.0,82067.0,2799.0,1.4388,0.01428547497785675,0.01428547497785675
2022-09-07,2820.0,2710.0,2855.0,2725.0,98948.0,2770.0,-3.3688,-0.03426851555041281,-0.03163102781866988
2022-09-08,2750.0,2730.0,2780.0,2750.0,77580.0,2766.0,0.9174,0.009132174472315683,0.009132174472315683
2022-09-09,2750.0,2730.0,2780.0,2750.0,77580.0,2766.0,0.0,0.0,0.0
2022-09-12,2750.0,2730.0,2780.0,2750.0,77580.0,2766.0,0.0,0.0,0.0
2022-09-13,2785.0,2780.0,2900.0,2885.0,142779.0,2792.0,4.9091,0.04792407493669185,0.031020839739783364
2022-09-14,2810.0,2775.0,2840.0,2815.0,61911.0,2799.0,-2.4263,-0.024562196094972382,-0.024562196094972382
2022-09-15,2830.0,2770.0,2830.0,2790.0,61025.0,2793.0,-0.8881,-0.008920671134723572,-0.008920671134723572
2022-09-16,2765.0,2725.0,2790.0,2730.0,59402.0,2794.0,-2.1505,-0.02173960202109524,-0.02173960202109524
2022-09-19,2740.0,2655.0,2760.0,2695.0,103892.0,2783.0,-1.2821,-0.012903898342523139,-0.012903898342523139
2022-09-20,2745.0,2725.0,2890.0,2850.0,174853.0,2776.0,5.7514,0.05592087062134987,0.031020839739783364
2022-09-21,2850.0,2800.0,3055.0,2880.0,192927.0,2789.0,1.0526,0.010470987367246611,0.010470987367246611
2022-09-22,2850.0,2800.0,2930.0,2860.0,160866.0,2803.0,-0.6944,-0.00696822176374589,-0.00696822176374589
2022-09-23,2850.0,2735.0,2860.0,2795.0,107845.0,2816.0,-2.2727,-0.02298923915497029,-0.02298923915497029
2022-09-26,2795.0,2580.0,2795.0,2580.0,182755.0,2793.0,-7.6923,-0.08004262434020652,-0.03163102781866988
2022-09-27,2555.0,2525.0,2650.0,2630.0,205065.0,2749.0,1.938,0.01919459934739027,0.01919459934739027
2022-09-28,2605.0,2550.0,2750.0,2580.0,126475.0,2689.0,-1.9011,-0.019194032527550958,-0.019194032527550958
2022-09-29,2595.0,2595.0,2705.0,2620.0,70113.0,2641.0,1.5504,0.015385040976876513,0.015385040976876513
2022-09-30,2550.0,2550.0,2635.0,2630.0,69833.0,2608.0,0.3817,0.0038097337398404945,0.0038097337398404945
2022-10-03,2550.0,2550.0,2635.0,2630.0,69833.0,2608.0,0.0,0.0,0.0
2022-10-04,2685.0,2620.0,2710.0,2700.0,68742.0,2632.0,2.6616,0.026267956450239372,0.026267956450239372
2022-10-05,2715.0,2700.0,2750.0,2720.0,67817.0,2650.0,0.7407,0.007379702885776021,0.007379702885776021
2022-10-06,2725.0,2705.0,2785.0,2720.0,85575.0,2678.0,0.0,0.0,0.0
2022-10-07,2720.0,2705.0,2790.0,2780.0,85990.0,2710.0,2.2059,0.021819220056495395,0.021819220056495395
2022-10-10,2720.0,2705.0,2790.0,2780.0,85990.0,2710.0,0.0,0.0,0.0
2022-10-11,2750.0,2625.0,2750.0,2640.0,75750.0,2712.0,-5.036,-0.0516723135746698,-0.03163102781866988
2022-10-12,2610.0,2560.0,2660.0,2660.0,73720.0,2704.0,0.7576,0.007547446236857752,0.007547446236857752
2022-10-13,2620.0,2500.0,2620.0,2555.0,151327.0,2671.0,-3.9474,-0.04027422790511729,-0.03163102781866988
2022-10-14,2570.0,2565.0,2660.0,2630.0,74749.0,2653.0,2.9354,0.028931421013072674,0.028931421013072674
2022-10-17,2620.0,2580.0,2690.0,2640.0,34034.0,2625.0,0.3802,0.0037947906654821075,0.0037947906654821075
2022-10-18,2645.0,2640.0,2800.0,2775.0,168371.0,2652.0,5.1136,0.04987148409416732,0.031020839739783364
2022-10-19,2775.0,2710.0,2825.0,2760.0,83430.0,2672.0,-0.5405,-0.0054196598607266135,-0.0054196598607266135
2022-10-20,2760.0,2670.0,2765.0,2735.0,67201.0,2708.0,-0.9058,-0.00909927310557158,-0.00909927310557158
2022-10-21,2690.0,2650.0,2740.0,2685.0,61985.0,2719.0,-1.8282,-0.018451180911366206,-0.018451180911366206
2022-10-24,2695.0,2660.0,2750.0,2680.0,52018.0,2727.0,-0.1862,-0.001863735676888255,-0.001863735676888255
2022-10-25,2695.0,2630.0,2780.0,2665.0,105228.0,2705.0,-0.5597,-0.005612721895576661,-0.005612721895576661
2022-10-26,2650.0,2640.0,2700.0,2650.0,56301.0,2683.0,-0.5629,-0.005644902525454961,-0.005644902525454961
2022-10-27,2665.0,2640.0,2675.0,2670.0,55418.0,2670.0,0.7547,0.007518663874687246,0.007518663874687246
2022-10-28,2660.0,2640.0,2685.0,2670.0,42821.0,2667.0,0.0,0.0,0.0
2022-10-31,2675.0,2670.0,2730.0,2720.0,78175.0,2675.0,1.8727,0.018553808630961552,0.018553808630961552
2022-11-01,2720.0,2690.0,2740.0,2715.0,56318.0,2685.0,-0.1838,-0.0018396911945948319,-0.0018396911945948319
2022-11-02,2715.0,2690.0,2760.0,2720.0,72358.0,2699.0,0.1842,0.0018403055984059788,0.0018403055984059788
2022-11-03,2695.0,2655.0,2735.0,2735.0,84485.0,2712.0,0.5515,0.00549984807056612,0.00549984807056612
2022-11-04,2775.0,2730.0,2870.0,2815.0,317679.0,2741.0,2.925,0.028830381667877013,0.028830381667877013
2022-11-07,2815.0,2775.0,2820.0,2785.0,68047.0,2754.0,-1.0657,-0.010714192521222663,-0.010714192521222663
2022-11-08,2795.0,2780.0,2825.0,2790.0,57926.0,2769.0,0.1795,0.0017933909127533095,0.0017933909127533095
2022-11-09,2795.0,2770.0,2810.0,2770.0,58102.0,2779.0,-0.7168,-0.0071938135402710305,-0.0071938135402710305
2022-11-10,2775.0,2725.0,2825.0,2795.0,182012.0,2791.0,0.9025,0.00898451807146456,0.00898451807146456
2022-11-11,2815.0,2785.0,2830.0,2800.0,50039.0,2788.0,0.1789,0.0017874016455202227,0.0017874016455202227
2022-11-14,2810.0,2790.0,2870.0,2805.0,246762.0,2792.0,0.1786,0.0017844069984518799,0.0017844069984518799
2022-11-15,2800.0,2750.0,2805.0,2795.0,128587.0,2793.0,-0.3565,-0.003571369755792359,-0.003571369755792359
2022-11-16,2785.0,2775.0,2845.0,2815.0,181109.0,2802.0,0.7156,0.00713051732910811,0.00713051732910811
2022-11-17,2810.0,2780.0,2850.0,2825.0,74238.0,2808.0,0.3552,0.003545706546494979,0.003545706546494979
2022-11-18,2820.0,2775.0,2825.0,2810.0,151439.0,2810.0,-0.531,-0.0053241481567001155,-0.0053241481567001155
2022-11-21,2840.0,2705.0,2870.0,2710.0,413194.0,2791.0,-3.5587,-0.0362356528821083,-0.03163102781866988
2022-11-22,2700.0,2675.0,2735.0,2715.0,72938.0,2775.0,0.1845,0.001843300078082894,0.001843300078082894
2022-11-23,2700.0,2695.0,2740.0,2725.0,99224.0,2757.0,0.3683,0.0036762343623073742,0.0036762343623073742
2022-11-24,2730.0,2710.0,2785.0,2735.0,238741.0,2739.0,0.367,0.0036632819817343284,0.0036632819817343284
2022-11-25,2750.0,2670.0,2750.0,2735.0,185747.0,2724.0,0.0,0.0,0.0
2022-11-28,2720.0,2665.0,2735.0,2690.0,124656.0,2720.0,-1.6453,-0.01658985378443587,-0.01658985378443587
2022-11-29,2640.0,2635.0,2695.0,2690.0,88657.0,2715.0,0.0,0.0,0.0
2022-11-30,2675.0,2660.0,2770.0,2755.0,160546.0,2721.0,2.4164,0.02387667004367308,0.02387667004367308
2022-12-01,2765.0,2730.0,2765.0,2750.0,81134.0,2724.0,-0.1815,-0.0018166491082230608,-0.0018166491082230608
2022-12-02,2745.0,2715.0,2745.0,2745.0,62912.0,2726.0,-0.1818,-0.0018196545676400695,-0.0018196545676400695
2022-12-05,2755.0,2745.0,2820.0,2800.0,134148.0,2748.0,2.0036,0.019837920791004,0.019837920791004
2022-12-06,2760.0,2725.0,2780.0,2755.0,50266.0,2761.0,-1.6071,-0.016201539004687397,-0.016201539004687397
2022-12-07,2720.0,2705.0,2735.0,2725.0,71088.0,2755.0,-1.0889,-0.010948719076870048,-0.010948719076870048
2022-12-08,2715.0,2685.0,2760.0,2730.0,57280.0,2751.0,0.1835,0.0018333184442889264,0.0018333184442889264
2022-12-09,2730.0,2690.0,2745.0,2735.0,46198.0,2749.0,0.1832,0.0018303239347222395,0.0018303239347222395
2022-12-12,2735.0,2720.0,2785.0,2765.0,53546.0,2742.0,1.0969,0.01090927685803593,0.01090927685803593
2022-12-13,2760.0,2740.0,2785.0,2745.0,22747.0,2740.0,-0.7233,-0.007259284967304698,-0.007259284967304698
2022-12-14,2750.0,2745.0,2780.0,2750.0,41435.0,2745.0,0.1821,0.0018193439895919262,0.0018193439895919262
2022-12-15,2735.0,2710.0,2785.0,2775.0,45246.0,2754.0,0.9091,0.0090499256100039,0.0090499256100039
2022-12-16,2745.0,2715.0,2750.0,2745.0,29140.0,2756.0,-1.0811,-0.010869863493752784,-0.010869863493752784
2022-12-19,2740.0,2715.0,2745.0,2740.0,32661.0,2751.0,-0.1821,-0.0018226600360898913,-0.0018226600360898913
2022-12-20,2720.0,2670.0,2730.0,2705.0,65403.0,2743.0,-1.2774,-0.012856289062756428,-0.012856289062756428
2022-12-21,2700.0,2680.0,2705.0,2700.0,27765.0,2733.0,-0.1848,-0.0018497096586240758,-0.0018497096586240758
2022-12-22,2700.0,2700.0,2720.0,2710.0,17579.0,2720.0,0.3704,0.003697157084234529,0.003697157084234529
2022-12-23,2710.0,2645.0,2710.0,2660.0,69152.0,2703.0,-1.845,-0.018622324128094645,-0.018622324128094645
2022-12-26,2650.0,2620.0,2670.0,2665.0,83442.0,2688.0,0.188,0.001878235011772464,0.001878235011772464
2022-12-27,2665.0,2640.0,2700.0,2700.0,42358.0,2687.0,1.3133,0.013047509836898907,0.013047509836898907
2022-12-28,2685.0,2660.0,2695.0,2680.0,17112.0,2683.0,-0.7407,-0.007434568039841172,-0.007434568039841172
2022-12-29,2675.0,2640.0,2730.0,2700.0,55392.0,2681.0,0.7463,0.007435289598580793,0.007435289598580793
2022-12-30,2675.0,2640.0,2730.0,2700.0,55392.0,2681.0,0.0,0.0,0.0
2023-01-02,2680.0,2625.0,2700.0,2665.0,48957.0,2682.0,-1.2963,-0.013047752915928336,-0.013047752915928336
2023-01-03,2660.0,2575.0,2670.0,2600.0,99941.0,2669.0,-2.439,-0.024692362590402774,-0.024692362590402774
2023-01-04,2630.0,2590.0,2630.0,2625.0,117080.0,2654.0,0.9615,0.009569070063697121,0.009569070063697121
2023-01-05,2615.0,2590.0,2650.0,2600.0,45649.0,2638.0,-0.9524,-0.009569643323861482,-0.009569643323861482
2023-01-06,2595.0,2590.0,2705.0,2680.0,46478.0,2634.0,3.0769,0.03030512561470692,0.03030512561470692
2023-01-09,2670.0,2670.0,2720.0,2710.0,55047.0,2643.0,1.1194,0.01113181084854851,0.01113181084854851
2023-01-10,2705.0,2645.0,2705.0,2665.0,81804.0,2656.0,-1.6605,-0.016744408418281197,-0.016744408418281197
2023-01-11,2665.0,2665.0,2715.0,2685.0,43631.0,2668.0,0.7505,0.007476977605542869,0.007476977605542869
2023-01-12,2710.0,2660.0,2710.0,2670.0,65860.0,2682.0,-0.5587,-0.005602665661113504,-0.005602665661113504
2023-01-13,2670.0,2655.0,2690.0,2660.0,96125.0,2678.0,-0.3745,-0.0037520300697293286,-0.0037520300697293286
2023-01-16,2660.0,2660.0,2725.0,2700.0,34527.0,2676.0,1.5038,0.01492605021659579,0.01492605021659579
2023-01-17,2705.0,2680.0,2740.0,2725.0,40805.0,2688.0,0.9259,0.009216398224156975,0.009216398224156975
2023-01-18,2725.0,2695.0,2735.0,2725.0,23689.0,2696.0,0.0,0.0,0.0
2023-01-19,2725.0,2700.0,2800.0,2765.0,90224.0,2715.0,1.4679,0.014572306316590407,0.014572306316590407
2023-01-20,2765.0,2745.0,2780.0,2760.0,45112.0,2735.0,-0.1808,-0.00180963640471064,-0.00180963640471064
2023-01-23,2765.0,2745.0,2780.0,2760.0,45112.0,2735.0,0.0,0.0,0.0
2023-01-24,2765.0,2745.0,2780.0,2760.0,45112.0,2735.0,0.0,0.0,0.0
2023-01-25,2770.0,2740.0,2775.0,2760.0,109356.0,2747.0,0.0,0.0,0.0
2023-01-26,2760.0,2720.0,2770.0,2730.0,192834.0,2748.0,-1.087,-0.010929510092726483,-0.010929510092726483
2023-01-27,2740.0,2725.0,2755.0,2745.0,51840.0,2752.0,0.5495,0.00547995756778337,0.00547995756778337
2023-01-30,2750.0,2725.0,2760.0,2750.0,83336.0,2749.0,0.1821,0.0018193439895919262,0.0018193439895919262
2023-01-31,2750.0,2725.0,2750.0,2730.0,249635.0,2743.0,-0.7273,-0.007299577206923997,-0.007299577206923997
2023-02-01,2735.0,2735.0,2795.0,2760.0,246309.0,2743.0,1.0989,0.010929059662624908,0.010929059662624908
2023-02-02,2760.0,2740.0,2785.0,2750.0,74269.0,2747.0,-0.3623,-0.0036295789596875374,-0.0036295789596875374
2023-02-03,2745.0,2735.0,2760.0,2755.0,38963.0,2749.0,0.1818,0.001816349438178246,0.001816349438178246
2023-02-06,2755.0,2735.0,2755.0,2745.0,36547.0,2748.0,-0.363,-0.003636604437583134,-0.003636604437583134
2023-02-07,2745.0,2735.0,2775.0,2755.0,34400.0,2753.0,0.3643,0.0036363803475580663,0.0036363803475580663
2023-02-08,2760.0,2745.0,2770.0,2765.0,51486.0,2754.0,0.363,0.003623427450767024,0.003623427450767024
2023-02-09,2755.0,2750.0,2780.0,2760.0,32913.0,2756.0,-0.1808,-0.00180963640471064,-0.00180963640471064
2023-02-10,2765.0,2730.0,2765.0,2735.0,55886.0,2752.0,-0.9058,-0.00909927310557158,-0.00909927310557158
2023-02-13,2740.0,2710.0,2740.0,2710.0,34718.0,2745.0,-0.9141,-0.009183035299705575,-0.009183035299705575
2023-02-14,2710.0,2710.0,2765.0,2725.0,29014.0,2739.0,0.5535,0.005519738177724858,0.005519738177724858
2023-02-15,2740.0,2710.0,2760.0,2735.0,93919.0,2733.0,0.367,0.0036632819817343284,0.0036632819817343284
2023-02-16,2735.0,2715.0,2740.0,2740.0,70685.0,2729.0,0.1828,0.0018263312413509885,0.0018263312413509885
2023-02-17,2730.0,2705.0,2730.0,2710.0,84530.0,2724.0,-1.0949,-0.011009381449333323,-0.011009381449333323
2023-02-20,2705.0,2695.0,2725.0,2725.0,34384.0,2727.0,0.5535,0.005519738177724858,0.005519738177724858
2023-02-21,2725.0,2715.0,2745.0,2730.0,60813.0,2728.0,0.1835,0.0018333184442889264,0.0018333184442889264
2023-02-22,2720.0,2710.0,2750.0,2750.0,90089.0,2731.0,0.7326,0.007299295208884206,0.007299295208884206
2023-02-23,2750.0,2735.0,2770.0,2755.0,47797.0,2734.0,0.1818,0.001816349438178246,0.001816349438178246
2023-02-24,2750.0,2710.0,2750.0,2720.0,77074.0,2736.0,-1.2704,-0.012785385826399244,-0.012785385826399244
2023-02-27,2720.0,2685.0,2720.0,2720.0,75484.0,2735.0,0.0,0.0,0.0
2023-02-28,2710.0,2705.0,2740.0,2710.0,43417.0,2731.0,-0.3676,-0.0036827730916847287,-0.0036827730916847287
2023-03-01,2710.0,2705.0,2740.0,2710.0,43417.0,2731.0,0.0,0.0,0.0
2023-03-02,2710.0,2695.0,2795.0,2770.0,122486.0,2735.0,2.214,0.021898468701115992,0.021898468701115992
2023-03-03,2770.0,2750.0,2805.0,2805.0,98313.0,2745.0,1.2635,0.012555844443791594,0.012555844443791594
2023-03-06,2810.0,2760.0,2820.0,2800.0,91514.0,2761.0,-0.1783,-0.0017845914364688024,-0.0017845914364688024
2023-03-07,2820.0,2795.0,2890.0,2890.0,204649.0,2795.0,3.2143,0.031637223351477506,0.031020839739783364
2023-03-08,2880.0,2820.0,2880.0,2820.0,80479.0,2817.0,-2.4221,-0.024519152635419428,-0.024519152635419428
2023-03-09,2820.0,2800.0,2840.0,2820.0,42747.0,2827.0,0.0,0.0,0.0
2023-03-10,2805.0,2730.0,2805.0,2795.0,63617.0,2825.0,-0.8865,-0.00890452789576392,-0.00890452789576392
2023-03-13,2760.0,2695.0,2760.0,2760.0,105096.0,2817.0,-1.2522,-0.012601060936041854,-0.012601060936041854
2023-03-14,2740.0,2655.0,2760.0,2680.0,91656.0,2775.0,-2.8986,-0.029414392669108603,-0.029414392669108603
2023-03-15,2700.0,2700.0,2745.0,2740.0,26639.0,2759.0,2.2388,0.022141067483051332,0.022141067483051332
2023-03-16,2730.0,2665.0,2730.0,2705.0,62894.0,2736.0,-1.2774,-0.012856289062756428,-0.012856289062756428
2023-03-17,2730.0,2710.0,2775.0,2740.0,52906.0,2725.0,1.2939,0.012856006276716526,0.012856006276716526
2023-03-20,2735.0,2730.0,2760.0,2745.0,30922.0,2722.0,0.1825,0.001823336710860951,0.001823336710860951
2023-03-21,2755.0,2745.0,2775.0,2755.0,38169.0,2737.0,0.3643,0.0036363803475580663,0.0036363803475580663
2023-03-22,2750.0,2720.0,2755.0,2740.0,34359.0,2737.0,-0.5445,-0.005459878044378356,-0.005459878044378356
2023-03-23,2735.0,2710.0,2740.0,2715.0,42859.0,2739.0,-0.9124,-0.00916587861629397,-0.00916587861629397
2023-03-24,2725.0,2710.0,2735.0,2715.0,37453.0,2734.0,0.0,0.0,0.0
2023-03-27,2715.0,2690.0,2725.0,2720.0,78813.0,2729.0,0.1842,0.0018403055984059788,0.0018403055984059788
2023-03-28,2720.0,2710.0,2740.0,2735.0,70655.0,2725.0,0.5515,0.00549984807056612,0.00549984807056612
2023-03-29,2740.0,2730.0,2795.0,2780.0,68909.0,2733.0,1.6453,0.016319115929249995,0.016319115929249995
2023-03-30,2800.0,2780.0,2840.0,2830.0,141458.0,2756.0,1.7986,0.017826165577969493,0.017826165577969493
2023-03-31,2820.0,2820.0,2850.0,2820.0,58827.0,2777.0,-0.3534,-0.0035402593293311314,-0.0035402593293311314
2023-04-03,2820.0,2820.0,3000.0,3000.0,450537.0,2833.0,6.383,0.06187560371806752,0.031020839739783364
2023-04-04,3000.0,2950.0,3050.0,3035.0,265944.0,2893.0,1.1667,0.011599465332589303,0.011599465332589303
2023-04-05,2990.0,2990.0,3125.0,3065.0,356892.0,2950.0,0.9885,0.009836462984329674,0.009836462984329674
2023-04-06,3015.0,2970.0,3060.0,3015.0,206850.0,2987.0,-1.6313,-0.016447521961951733,-0.016447521961951733
2023-04-07,3015.0,3005.0,3130.0,3130.0,150269.0,3049.0,3.8143,0.0374335401875427,0.031020839739783364
2023-04-10,3115.0,3005.0,3120.0,3030.0,212029.0,3055.0,-3.1949,-0.03247050714300276,-0.03163102781866988
2023-04-11,3025.0,2980.0,3070.0,3050.0,144064.0,3058.0,0.6601,0.00657930880290357,0.00657930880290357
2023-04-12,3045.0,3000.0,3075.0,3020.0,102572.0,3049.0,-0.9836,-0.00988469300737857,-0.00988469300737857
2023-04-13,3020.0,2980.0,3075.0,3065.0,85562.0,3059.0,1.4901,0.014791070790900673,0.014791070790900673
2023-04-14,3070.0,3035.0,3090.0,3060.0,115210.0,3045.0,-0.1631,-0.0016323315285123384,-0.0016323315285123384
2023-04-17,3060.0,3055.0,3145.0,3145.0,144274.0,3068.0,2.7778,0.027399190404307362,0.027399190404307362
2023-04-18,3145.0,3075.0,3145.0,3075.0,191983.0,3073.0,-2.2258,-0.022509447430613148,-0.022509447430613148
2023-04-19,3080.0,3065.0,3145.0,3130.0,165635.0,3095.0,1.7886,0.017727927574715446,0.017727927574715446
2023-04-20,3130.0,3085.0,3140.0,3110.0,140324.0,3104.0,-0.639,-0.006410503441330272,-0.006410503441330272
2023-04-21,3110.0,3090.0,3185.0,3120.0,283582.0,3116.0,0.3215,0.0032098429378468857,0.0032098429378468857
2023-04-24,3120.0,2945.0,3120.0,2965.0,353269.0,3080.0,-4.9679,-0.05095545672427884,-0.03163102781866988
2023-04-25,2960.0,2885.0,2975.0,2970.0,134018.0,3059.0,0.1686,0.0016845802975216611,0.0016845802975216611
2023-04-26,2945.0,2910.0,2990.0,2975.0,54448.0,3028.0,0.1684,0.001682583661852705,0.001682583661852705
2023-04-27,2980.0,2920.0,2985.0,2985.0,146983.0,3003.0,0.3361,0.0033553644633287287,0.0033553644633287287
2023-04-28,2985.0,2985.0,3175.0,3080.0,493614.0,2995.0,3.1826,0.031330048192846044,0.031020839739783364
2023-05-01,2985.0,2985.0,3175.0,3080.0,493614.0,2995.0,0.0,0.0,0.0
2023-05-02,3080.0,2995.0,3090.0,3020.0,257895.0,3006.0,-1.9481,-0.019673255665050047,-0.019673255665050047
2023-05-03,3020.0,2975.0,3050.0,3010.0,128214.0,3014.0,-0.3311,-0.0033164934898148135,-0.0033164934898148135
2023-05-04,3010.0,2965.0,3045.0,3010.0,102639.0,3021.0,0.0,0.0,0.0
2023-05-05,3010.0,2965.0,3045.0,3010.0,102639.0,3021.0,0.0,0.0,0.0
2023-05-08,3010.0,3005.0,3175.0,3120.0,303396.0,3048.0,3.6545,0.0358930672913655,0.031020839739783364
2023-05-09,3120.0,3060.0,3120.0,3085.0,90016.0,3049.0,-1.1218,-0.01128139632789852,-0.01128139632789852
2023-05-10,3080.0,3065.0,3155.0,3100.0,170196.0,3065.0,0.4862,0.004850218649850653,0.004850218649850653
2023-05-11,3125.0,3105.0,3275.0,3165.0,459200.0,3096.0,2.0968,0.020751196869620053,0.020751196869620053
2023-05-12,3165.0,3090.0,3195.0,3195.0,184842.0,3133.0,0.9479,0.009434356176968134,0.009434356176968134
2023-05-15,3185.0,3040.0,3185.0,3065.0,139691.0,3122.0,-4.0689,-0.041539960529512455,-0.03163102781866988
2023-05-16,3065.0,3050.0,3185.0,3150.0,401563.0,3135.0,2.7732,0.027354432655614658,0.027354432655614658
2023-05-17,3225.0,3120.0,3260.0,3130.0,427617.0,3141.0,-0.6349,-0.006369240617769828,-0.006369240617769828
2023-05-18,3130.0,3105.0,3165.0,3145.0,154921.0,3137.0,0.4792,0.004780554916662429,0.004780554916662429
2023-05-19,3130.0,3105.0,3180.0,3135.0,129208.0,3125.0,-0.318,-0.0031850669447743294,-0.0031850669447743294
2023-05-22,3165.0,3150.0,3245.0,3160.0,392060.0,3144.0,0.7974,0.007942375665721218,0.007942375665721218
2023-05-23,3160.0,3120.0,3170.0,3150.0,150304.0,3144.0,-0.3165,-0.003170019205822234,-0.003170019205822234
2023-05-24,3130.0,3130.0,3210.0,3165.0,203761.0,3151.0,0.4762,0.004750697545323114,0.004750697545323114
2023-05-25,3150.0,3085.0,3180.0,3095.0,280777.0,3141.0,-2.2117,-0.022365248005627,-0.022365248005627
2023-05-26,3095.0,2955.0,3100.0,3000.0,361246.0,3114.0,-3.0695,-0.031175959135174798,-0.031175959135174798
2023-05-30,3005.0,2910.0,3015.0,2950.0,297395.0,3072.0,-1.6667,-0.016807457299489525,-0.016807457299489525
2023-05-31,2950.0,2925.0,2965.0,2950.0,147554.0,3032.0,0.0,0.0,0.0
2023-06-01,2925.0,2900.0,3030.0,2965.0,319319.0,2992.0,0.5085,0.005072115049024453,0.005072115049024453
2023-06-02,2975.0,2965.0,3070.0,2990.0,244188.0,2971.0,0.8432,0.00839664926724424,0.00839664926724424
2023-06-05,3010.0,2960.0,3025.0,3000.0,122034.0,2971.0,0.3344,0.003338421265399446,0.003338421265399446
2023-06-06,3010.0,2960.0,3025.0,3000.0,122034.0,2971.0,0.0,0.0,0.0
2023-06-07,3000.0,3000.0,3200.0,3170.0,755392.0,3015.0,5.6667,0.05511961467844307,0.031020839739783364
2023-06-08,3165.0,3120.0,3190.0,3145.0,157103.0,3054.0,-0.7886,-0.007917258945148707,-0.007917258945148707
2023-06-09,3145.0,3110.0,3180.0,3130.0,216641.0,3087.0,-0.4769,-0.0047804079646733425,-0.0047804079646733425
2023-06-12,3160.0,3130.0,3205.0,3150.0,251462.0,3119.0,0.639,0.0063696705076772735,0.0063696705076772735
2023-06-13,3205.0,3130.0,3210.0,3145.0,258147.0,3148.0,-0.1587,-0.0015882606184108195,-0.0015882606184108195
2023-06-14,3165.0,3125.0,3280.0,3230.0,613341.0,3160.0,2.7027,0.02666822076637142,0.02666822076637142
2023-06-15,3210.0,3175.0,3240.0,3205.0,300501.0,3172.0,-0.774,-0.007770109264429826,-0.007770109264429826
2023-06-16,3200.0,3180.0,3315.0,3230.0,542687.0,3192.0,0.78,0.007769737264360694,0.007769737264360694
2023-06-19,3250.0,3195.0,3275.0,3215.0,220230.0,3205.0,-0.4644,-0.0046548168700220206,-0.0046548168700220206
2023-06-20,3210.0,3170.0,3245.0,3210.0,223723.0,3218.0,-0.1555,-0.0015562102673064634,-0.0015562102673064634
2023-06-21,3205.0,3100.0,3210.0,3130.0,248696.0,3198.0,-2.4922,-0.02523781118411922,-0.02523781118411922
2023-06-22,3120.0,3110.0,3210.0,3150.0,181860.0,3187.0,0.639,0.0063696705076772735,0.0063696705076772735
2023-06-23,3150.0,3105.0,3170.0,3155.0,190627.0,3172.0,0.1587,0.0015857420462392193,0.0015857420462392193
2023-06-26,3130.0,3095.0,3135.0,3095.0,134527.0,3148.0,-1.9017,-0.019200148822788574,-0.019200148822788574
2023-06-27,3100.0,3075.0,3140.0,3115.0,192958.0,3129.0,0.6462,0.006441210789854781,0.006441210789854781
2023-06-28,3110.0,3095.0,3160.0,3130.0,68432.0,3129.0,0.4815,0.0048034449643196185,0.0048034449643196185
2023-06-29,3130.0,2960.0,3155.0,2975.0,418097.0,3094.0,-4.9521,-0.050789210932650174,-0.03163102781866988
2023-06-30,2980.0,2950.0,3045.0,3040.0,106836.0,3071.0,2.1849,0.021613731354715286,0.021613731354715286
