date,PX_OPEN,PX_LOW,PX_HIGH,PX_LAST,VOLUME,MOV_AVG_5D,CHG_PCT_1D,LOG_CHG_PCT_1D,LOG_CHG_PCT_1D_win
2015-01-02,16350.0,16300.0,17100.0,16450.0,150180.0,15910.0,0.0,0.0,0.0
2015-01-05,16600.0,16000.0,16750.0,16200.0,148873.0,16030.0,-1.5198,-0.015314673244743532,-0.015314673244743532
2015-01-06,15900.0,14950.0,16150.0,15150.0,326969.0,16120.0,-6.4815,-0.06701090830278178,-0.046043938501406846
2015-01-07,15300.0,14800.0,15450.0,15150.0,208822.0,15880.0,0.0,0.0,0.0
2015-01-08,15300.0,15150.0,17000.0,16450.0,528900.0,15880.0,8.5809,0.08232533127416534,0.051513120224080874
2015-01-09,16500.0,16200.0,16600.0,16500.0,212642.0,15890.0,0.304,0.0030353885435212688,0.0030353885435212688
2015-01-12,17300.0,17200.0,18100.0,17600.0,653799.0,16170.0,6.6667,0.06453883363752237,0.051513120224080874
2015-01-13,17800.0,16900.0,17800.0,17150.0,191688.0,16570.0,-2.5568,-0.025900541843253338,-0.025900541843253338
2015-01-14,17050.0,16700.0,17900.0,17450.0,157368.0,17030.0,1.7493,0.01734175870406877,0.01734175870406877
2015-01-15,17300.0,17100.0,18700.0,18600.0,282202.0,17460.0,6.5903,0.06382232723193168,0.051513120224080874
2015-01-16,18550.0,17700.0,18600.0,18150.0,202614.0,17790.0,-2.4194,-0.024491482818320278,-0.024491482818320278
2015-01-19,17900.0,17400.0,18100.0,17450.0,132074.0,17760.0,-3.8567,-0.03933039916857236,-0.03933039916857236
2015-01-20,17600.0,16950.0,17600.0,17500.0,112995.0,17830.0,0.2865,0.002860903709549545,0.002860903709549545
2015-01-21,17400.0,16650.0,17400.0,17000.0,160311.0,17740.0,-2.8571,-0.028987095696879035,-0.028987095696879035
2015-01-22,16800.0,16300.0,17350.0,16500.0,186181.0,17320.0,-2.9412,-0.029853205573952955,-0.029853205573952955
2015-01-23,16850.0,16100.0,16850.0,16450.0,119087.0,16980.0,-0.303,-0.0030345997438324165,-0.0030345997438324165
2015-01-26,16350.0,15600.0,16500.0,15850.0,169007.0,16660.0,-3.6474,-0.03715580654110264,-0.03715580654110264
2015-01-27,15850.0,15500.0,16200.0,15850.0,131890.0,16330.0,0.0,0.0,0.0
2015-01-28,15700.0,15650.0,16850.0,16700.0,211669.0,16270.0,5.3628,0.052239446644304105,0.051513120224080874
2015-01-29,16650.0,15750.0,16700.0,16150.0,165101.0,16200.0,-3.2934,-0.03348853353114296,-0.03348853353114296
2015-01-30,16050.0,15850.0,16300.0,16250.0,90235.0,16160.0,0.6192,0.006172908337848939,0.006172908337848939
2015-02-02,16250.0,15950.0,16750.0,16600.0,124205.0,16310.0,2.1538,0.021309334779420132,0.021309334779420132
2015-02-03,16250.0,16250.0,17600.0,17550.0,350836.0,16650.0,5.7229,0.05565133432145383,0.051513120224080874
2015-02-04,17750.0,17050.0,17950.0,17550.0,155717.0,16820.0,0.0,0.0,0.0
2015-02-05,17350.0,16700.0,17350.0,17050.0,116106.0,17000.0,-2.849,-0.028903716856836268,-0.028903716856836268
2015-02-06,17000.0,16550.0,17300.0,17150.0,162625.0,17180.0,0.5865,0.005847867841601601,0.005847867841601601
2015-02-09,17000.0,16300.0,17250.0,16300.0,92350.0,17120.0,-4.9563,-0.050833400155116414,-0.046043938501406846
2015-02-10,16050.0,15950.0,16550.0,16400.0,69448.0,16890.0,0.6135,0.006116257505240504,0.006116257505240504
2015-02-11,16400.0,16300.0,16750.0,16500.0,61782.0,16680.0,0.6098,0.006079482439923282,0.006079482439923282
2015-02-12,16300.0,16050.0,16600.0,16300.0,91268.0,16530.0,-1.2121,-0.012195058369914998,-0.012195058369914998
2015-02-13,16200.0,15850.0,16600.0,16600.0,111347.0,16420.0,1.8405,0.018237677911222605,0.018237677911222605
2015-02-16,16450.0,16100.0,16950.0,16150.0,66380.0,16390.0,-2.7108,-0.027482199873497964,-0.027482199873497964
2015-02-17,16100.0,15950.0,16350.0,16250.0,59510.0,16360.0,0.6192,0.006172908337848939,0.006172908337848939
2015-02-18,16100.0,15950.0,16350.0,16250.0,59510.0,16360.0,0.0,0.0,0.0
2015-02-19,16100.0,15950.0,16350.0,16250.0,59510.0,16360.0,0.0,0.0,0.0
2015-02-20,16100.0,15950.0,16350.0,16250.0,59510.0,16360.0,0.0,0.0,0.0
2015-02-23,16250.0,16050.0,17100.0,17100.0,77877.0,16480.0,5.2308,0.050985847130485755,0.050985847130485755
2015-02-24,17100.0,17050.0,18450.0,18350.0,268602.0,16890.0,7.3099,0.07055072407090936,0.051513120224080874
2015-02-25,18750.0,18300.0,19250.0,18600.0,286228.0,17290.0,1.3624,0.013532027723952476,0.013532027723952476
2015-02-26,18600.0,18250.0,19100.0,18600.0,121858.0,17780.0,0.0,0.0,0.0
2015-02-27,19200.0,19200.0,21350.0,21350.0,872656.0,18800.0,14.7849,0.13788975614509233,0.051513120224080874
2015-03-02,22500.0,20800.0,23000.0,22150.0,827199.0,19810.0,3.7471,0.03678602092482838,0.03678602092482838
2015-03-03,22050.0,21900.0,22600.0,22600.0,279305.0,20660.0,2.0316,0.02011238323842263,0.02011238323842263
2015-03-04,22350.0,22100.0,23000.0,22900.0,315778.0,21520.0,1.3274,0.01318667240416945,0.01318667240416945
2015-03-05,22900.0,21650.0,23100.0,22200.0,237619.0,22240.0,-3.0568,-0.03104494600633716,-0.03104494600633716
2015-03-06,22350.0,21950.0,23100.0,22600.0,233064.0,22490.0,1.8018,0.01785759970089132,0.01785759970089132
2015-03-09,22350.0,21550.0,22850.0,21600.0,224778.0,22380.0,-4.4248,-0.04525681381036774,-0.04525681381036774
2015-03-10,21450.0,20950.0,21950.0,21550.0,188564.0,22170.0,-0.2315,-0.0023176837552288942,-0.0023176837552288942
2015-03-11,20950.0,20950.0,21650.0,21450.0,86515.0,21880.0,-0.464,-0.004650798215427383,-0.004650798215427383
2015-03-12,21600.0,21450.0,22900.0,22800.0,234454.0,22000.0,6.2937,0.06103583137584106,0.051513120224080874
2015-03-13,22900.0,22500.0,23300.0,22700.0,189651.0,22020.0,-0.4386,-0.004395646715329466,-0.004395646715329466
2015-03-16,22500.0,22300.0,23200.0,23000.0,102496.0,22300.0,1.3216,0.0131294305722177,0.0131294305722177
2015-03-17,22750.0,21600.0,23300.0,22000.0,186904.0,22390.0,-4.3478,-0.04445148984359832,-0.04445148984359832
2015-03-18,22000.0,21600.0,22650.0,22250.0,169009.0,22550.0,1.1364,0.011299914804430456,0.011299914804430456
2015-03-19,22400.0,21000.0,22400.0,21350.0,179578.0,22260.0,-4.0449,-0.04128981226324682,-0.04128981226324682
2015-03-20,21250.0,21250.0,21950.0,21700.0,54549.0,22060.0,1.6393,0.016260085387814614,0.016260085387814614
2015-03-23,21550.0,20700.0,21900.0,20700.0,132487.0,21600.0,-4.6083,-0.04717861341518849,-0.046043938501406846
2015-03-24,20700.0,19900.0,21100.0,20100.0,258465.0,21220.0,-2.8986,-0.029414392669108603,-0.029414392669108603
2015-03-25,20650.0,20600.0,21950.0,21650.0,353426.0,21100.0,7.7114,0.07428524215475239,0.051513120224080874
2015-03-26,21300.0,20800.0,21650.0,21300.0,123031.0,21090.0,-1.6166,-0.01629809534818392,-0.01629809534818392
2015-03-27,21300.0,20700.0,21400.0,21300.0,85925.0,21010.0,0.0,0.0,0.0
2015-03-30,21550.0,21150.0,22450.0,22450.0,112300.0,21360.0,5.3991,0.05258391118328314,0.051513120224080874
2015-03-31,22150.0,21700.0,22450.0,22350.0,107177.0,21810.0,-0.4454,-0.0044639486097291054,-0.0044639486097291054
2015-04-01,22050.0,21550.0,22250.0,21750.0,59208.0,21830.0,-2.6846,-0.027212935938747226,-0.027212935938747226
2015-04-02,21700.0,20850.0,21900.0,21350.0,140178.0,21840.0,-1.8391,-0.01856221692331125,-0.01856221692331125
2015-04-03,21400.0,20350.0,21600.0,20750.0,98589.0,21730.0,-2.8103,-0.02850544721479476,-0.02850544721479476
2015-04-06,21100.0,21000.0,22250.0,22200.0,128360.0,21680.0,6.988,0.0675464926518754,0.051513120224080874
2015-04-07,22800.0,22250.0,23450.0,22400.0,244147.0,21690.0,0.9009,0.008968661054188982,0.008968661054188982
2015-04-08,22600.0,21850.0,23000.0,23000.0,101524.0,21940.0,2.6786,0.02643353532898635,0.02643353532898635
2015-04-09,22350.0,22300.0,24900.0,24850.0,399404.0,22640.0,8.0435,0.07736373782071129,0.051513120224080874
2015-04-10,25000.0,24400.0,25150.0,24750.0,176333.0,23440.0,-0.4024,-0.004032118073403577,-0.004032118073403577
2015-04-13,24950.0,23950.0,25000.0,24300.0,106028.0,23860.0,-1.8182,-0.018349323853398897,-0.018349323853398897
2015-04-14,24000.0,22500.0,24350.0,23050.0,157611.0,23990.0,-5.144,-0.05281023383232201,-0.046043938501406846
2015-04-15,23050.0,22600.0,23500.0,22800.0,119113.0,23950.0,-1.0846,-0.010905246640157285,-0.010905246640157285
2015-04-16,22950.0,22050.0,23050.0,23000.0,157626.0,23580.0,0.8772,0.008733749533969578,0.008733749533969578
2015-04-17,22850.0,22550.0,23400.0,23200.0,108041.0,23270.0,0.8696,0.008658407570641371,0.008658407570641371
2015-04-20,23150.0,22500.0,23150.0,22700.0,56887.0,22950.0,-2.1552,-0.021787636123273033,-0.021787636123273033
2015-04-21,23000.0,22200.0,23700.0,23300.0,92697.0,23000.0,2.6432,0.026088710762371764,0.026088710762371764
2015-04-22,23550.0,21000.0,23650.0,22200.0,209891.0,22880.0,-4.721,-0.04836075637815549,-0.046043938501406846
2015-04-23,22500.0,21500.0,22650.0,22600.0,92963.0,22800.0,1.8018,0.01785759970089132,0.01785759970089132
2015-04-24,22650.0,21600.0,22850.0,22200.0,103218.0,22600.0,-1.7699,-0.017857500282896194,-0.017857500282896194
2015-04-27,22100.0,22000.0,22500.0,22250.0,37674.0,22510.0,0.2252,0.002249468048590448,0.002249468048590448
2015-04-28,22200.0,21650.0,22250.0,22150.0,45492.0,22280.0,-0.4494,-0.004504128373999874,-0.004504128373999874
2015-04-29,22150.0,21650.0,23800.0,23550.0,252411.0,22550.0,6.3205,0.06128793118988858,0.051513120224080874
2015-04-30,23550.0,22200.0,23550.0,22500.0,127901.0,22530.0,-4.4586,-0.045610524585385746,-0.045610524585385746
2015-05-01,23550.0,22200.0,23550.0,22500.0,127901.0,22530.0,0.0,0.0,0.0
2015-05-04,22550.0,21600.0,22550.0,21600.0,81675.0,22410.0,-4.0,-0.040821994520255166,-0.040821994520255166
2015-05-05,22550.0,21600.0,22550.0,21600.0,81675.0,22410.0,0.0,0.0,0.0
2015-05-06,21500.0,20100.0,21800.0,20850.0,112630.0,22130.0,-3.4722,-0.03533913622950806,-0.03533913622950806
2015-05-07,21000.0,20300.0,21300.0,21050.0,77267.0,21910.0,0.9592,0.009546288843147788,0.009546288843147788
2015-05-08,21050.0,21000.0,22100.0,21950.0,57322.0,21590.0,4.2755,0.04186624909660792,0.04186624909660792
2015-05-11,22000.0,21250.0,22100.0,21400.0,48222.0,21370.0,-2.5057,-0.025376271231693753,-0.025376271231693753
2015-05-12,21300.0,21000.0,21750.0,21450.0,64837.0,21340.0,0.2336,0.0023332757936723693,0.0023332757936723693
2015-05-13,21550.0,20800.0,21700.0,21350.0,50241.0,21440.0,-0.4662,-0.0046729010155517345,-0.0046729010155517345
2015-05-14,21400.0,20350.0,21450.0,20500.0,163161.0,21330.0,-3.9813,-0.0406272218230218,-0.0406272218230218
2015-05-15,20550.0,20250.0,21200.0,21200.0,132698.0,21180.0,3.4146,0.03357596534487053,0.03357596534487053
2015-05-18,21000.0,20400.0,21000.0,20450.0,57625.0,20990.0,-3.5377,-0.036017927551083254,-0.036017927551083254
2015-05-19,20350.0,20050.0,20550.0,20100.0,57486.0,20720.0,-1.7115,-0.017263154488461083,-0.017263154488461083
2015-05-20,20300.0,18800.0,20450.0,19000.0,216241.0,20250.0,-5.4726,-0.0562804464249813,-0.046043938501406846
2015-05-21,19100.0,18900.0,19600.0,18950.0,274197.0,19940.0,-0.2632,-0.002635469801682575,-0.002635469801682575
2015-05-22,19100.0,18350.0,19300.0,18900.0,130087.0,19480.0,-0.2639,-0.002642488298932084,-0.002642488298932084
2015-05-26,18900.0,18050.0,19200.0,18350.0,107579.0,19060.0,-2.9101,-0.02953283257875906,-0.02953283257875906
2015-05-27,18250.0,17550.0,18350.0,18200.0,200769.0,18680.0,-0.8174,-0.008207590308015609,-0.008207590308015609
2015-05-28,18350.0,18000.0,18850.0,18200.0,198747.0,18520.0,0.0,0.0,0.0
2015-05-29,18300.0,18150.0,19700.0,19700.0,316262.0,18670.0,8.2418,0.07919742744792087,0.051513120224080874
2015-06-01,19800.0,19250.0,20150.0,19750.0,150191.0,18840.0,0.2538,0.00253478471710952,0.00253478471710952
2015-06-02,19800.0,18650.0,19900.0,18800.0,125326.0,18930.0,-4.8101,-0.049296342255947145,-0.046043938501406846
2015-06-03,18700.0,18300.0,19400.0,19000.0,78530.0,19090.0,1.0638,0.010581814593651324,0.010581814593651324
2015-06-04,19100.0,19100.0,20200.0,19600.0,143791.0,19370.0,3.1579,0.03109063809043797,0.03109063809043797
2015-06-05,19450.0,18800.0,21250.0,20800.0,196220.0,19590.0,6.1224,0.05942295893223264,0.051513120224080874
2015-06-08,21050.0,20350.0,21100.0,20950.0,79759.0,19830.0,0.7212,0.00718611789465967,0.00718611789465967
2015-06-09,20700.0,20600.0,21900.0,21500.0,110415.0,20370.0,2.6253,0.025914305044540092,0.025914305044540092
2015-06-10,21550.0,20450.0,21650.0,21200.0,86688.0,20810.0,-1.3953,-0.014051258172754122,-0.014051258172754122
2015-06-11,21150.0,20100.0,21150.0,20350.0,74111.0,20960.0,-4.0094,-0.04091991598107152,-0.04091991598107152
2015-06-12,20500.0,19700.0,20550.0,19950.0,55285.0,20790.0,-1.9656,-0.019851748502606428,-0.019851748502606428
2015-06-15,19950.0,18600.0,20200.0,19150.0,74970.0,20430.0,-4.01,-0.04092616661264584,-0.04092616661264584
2015-06-16,18900.0,18650.0,19600.0,19400.0,85982.0,20010.0,1.3055,0.012970517968386653,0.012970517968386653
2015-06-17,19450.0,18100.0,19450.0,18400.0,141576.0,19450.0,-5.1546,-0.052921988410949534,-0.046043938501406846
2015-06-18,18450.0,18100.0,19000.0,18400.0,83136.0,19060.0,0.0,0.0,0.0
2015-06-19,18500.0,18200.0,18750.0,18400.0,43895.0,18750.0,0.0,0.0,0.0
2015-06-22,18400.0,17950.0,18700.0,18550.0,49640.0,18630.0,0.8152,0.008118951931750724,0.008118951931750724
2015-06-23,18450.0,18250.0,19200.0,19150.0,64306.0,18580.0,3.2345,0.031832913518380544,0.031832913518380544
2015-06-24,19000.0,18800.0,19300.0,18850.0,26309.0,18670.0,-1.5666,-0.01579000862920831,-0.01579000862920831
2015-06-25,19000.0,17950.0,19000.0,18200.0,96518.0,18630.0,-3.4483,-0.0350915698113014,-0.0350915698113014
2015-06-26,18250.0,17800.0,18500.0,17800.0,95915.0,18510.0,-2.1978,-0.0222231143128004,-0.0222231143128004
2015-06-29,17650.0,16500.0,17950.0,16800.0,90605.0,18160.0,-5.618,-0.05781980898409267,-0.046043938501406846
2015-06-30,16800.0,15900.0,16950.0,16950.0,166988.0,17720.0,0.8929,0.008889372195916834,0.008889372195916834
2015-07-01,17000.0,16850.0,18400.0,18350.0,119836.0,17620.0,8.2596,0.07936186056512111,0.051513120224080874
2015-07-02,18400.0,17550.0,18500.0,18000.0,87960.0,17580.0,-1.9074,-0.019258255493399823,-0.019258255493399823
2015-07-03,18100.0,17300.0,18450.0,17300.0,65347.0,17480.0,-3.8889,-0.03966537199937448,-0.03966537199937448
2015-07-06,17100.0,16150.0,17100.0,16200.0,88801.0,17360.0,-6.3584,-0.06569545679627856,-0.046043938501406846
2015-07-07,16200.0,15850.0,17000.0,16100.0,96804.0,17190.0,-0.6173,-0.006192131738617332,-0.006192131738617332
2015-07-08,16100.0,15450.0,16300.0,16200.0,76359.0,16760.0,0.6211,0.006191791235559344,0.006191791235559344
2015-07-09,16000.0,15400.0,16000.0,15700.0,66371.0,16300.0,-3.0864,-0.03135032606244074,-0.03135032606244074
2015-07-10,15700.0,15050.0,16800.0,15200.0,187682.0,15880.0,-3.1847,-0.03236514634414643,-0.03236514634414643
2015-07-13,15200.0,14950.0,16700.0,16550.0,146846.0,15950.0,8.8816,0.08509086732429684,0.051513120224080874
2015-07-14,16450.0,16400.0,17100.0,16750.0,93365.0,16080.0,1.2085,0.012012559432996865,0.012012559432996865
2015-07-15,16750.0,16400.0,17450.0,17200.0,58349.0,16280.0,2.6866,0.026511445315722706,0.026511445315722706
2015-07-16,17150.0,17000.0,17700.0,17400.0,95655.0,16620.0,1.1628,0.011560914355094718,0.011560914355094718
2015-07-17,17350.0,17000.0,17650.0,17200.0,61295.0,17020.0,-1.1494,-0.011560566587155222,-0.011560566587155222
2015-07-20,17100.0,16900.0,17400.0,17400.0,45787.0,17190.0,1.1628,0.011560914355094718,0.011560914355094718
2015-07-21,17400.0,16700.0,17450.0,17100.0,42607.0,17260.0,-1.7241,-0.01739135674703134,-0.01739135674703134
2015-07-22,17150.0,15600.0,17200.0,15700.0,64107.0,16960.0,-8.1871,-0.08541737535824408,-0.046043938501406846
2015-07-23,15850.0,15700.0,16450.0,16450.0,47549.0,16770.0,4.7771,0.04666505057136343,0.04666505057136343
2015-07-24,16500.0,15100.0,16500.0,15800.0,133941.0,16490.0,-3.9514,-0.04031587262155407,-0.04031587262155407
2015-07-27,15750.0,15450.0,15850.0,15750.0,54272.0,16160.0,-0.3165,-0.003170019205822234,-0.003170019205822234
2015-07-28,15550.0,14650.0,15750.0,14950.0,56416.0,15730.0,-5.0794,-0.0521294333279909,-0.046043938501406846
2015-07-29,15000.0,15000.0,15650.0,15250.0,92194.0,15640.0,2.0067,0.019868311413440712,0.019868311413440712
2015-07-30,15200.0,14900.0,15400.0,14950.0,46825.0,15340.0,-1.9672,-0.019868069437469955,-0.019868069437469955
2015-07-31,14950.0,14550.0,17550.0,16100.0,574773.0,15400.0,7.6923,0.07410790072514797,0.051513120224080874
2015-08-03,16100.0,14400.0,16150.0,14400.0,244331.0,15130.0,-10.559,-0.11159099596402029,-0.046043938501406846
2015-08-04,14450.0,14000.0,14800.0,14550.0,112348.0,15050.0,1.0417,0.010363116932399283,0.010363116932399283
2015-08-05,14450.0,14050.0,14650.0,14250.0,82229.0,14850.0,-2.0619,-0.020834539534523428,-0.020834539534523428
2015-08-06,14200.0,12950.0,14450.0,13350.0,251460.0,14530.0,-6.3158,-0.06524063422795792,-0.046043938501406846
2015-08-07,13400.0,12450.0,13450.0,12850.0,286415.0,13880.0,-3.7453,-0.03817238284356927,-0.03817238284356927
2015-08-10,12850.0,12450.0,13000.0,12650.0,84536.0,13530.0,-1.5564,-0.01568639063412387,-0.01568639063412387
2015-08-11,12850.0,12250.0,12950.0,12250.0,127173.0,13070.0,-3.1621,-0.03213173940738942,-0.03213173940738942
2015-08-12,12100.0,11850.0,12700.0,12400.0,225731.0,12700.0,1.2245,0.012170636426701782,0.012170636426701782
2015-08-13,12500.0,12150.0,12950.0,12650.0,132643.0,12560.0,2.0161,0.019960457977517422,0.019960457977517422
2015-08-14,12500.0,12150.0,12950.0,12650.0,132643.0,12560.0,0.0,0.0,0.0
2015-08-17,12650.0,12450.0,13250.0,13000.0,102465.0,12590.0,2.7668,0.027292157672622785,0.027292157672622785
2015-08-18,13000.0,12550.0,13200.0,12800.0,109988.0,12620.0,-1.5385,-0.01550457716104153,-0.01550457716104153
2015-08-19,12650.0,11500.0,12700.0,11900.0,179121.0,12550.0,-7.0313,-0.07290730862335841,-0.046043938501406846
2015-08-20,11800.0,11700.0,12250.0,11800.0,86953.0,12430.0,-0.8403,-0.00843850423915141,-0.00843850423915141
2015-08-21,11150.0,11050.0,11850.0,11500.0,145691.0,12200.0,-2.5424,-0.025752774363322975,-0.025752774363322975
2015-08-24,11750.0,11200.0,12100.0,12000.0,186329.0,12000.0,4.3478,0.04255936441876459,0.04255936441876459
2015-08-25,12500.0,11800.0,13000.0,12750.0,207380.0,11990.0,6.25,0.06062462181643484,0.051513120224080874
2015-08-26,12800.0,12600.0,13300.0,13100.0,130716.0,12230.0,2.7451,0.027080977686639886,0.027080977686639886
2015-08-27,13200.0,12800.0,13250.0,12900.0,73960.0,12450.0,-1.5267,-0.015384740544921711,-0.015384740544921711
2015-08-28,12900.0,12700.0,13050.0,12800.0,62219.0,12710.0,-0.7752,-0.007782202942056883,-0.007782202942056883
2015-08-31,12850.0,12500.0,12950.0,12650.0,46513.0,12840.0,-1.1719,-0.011788208716501148,-0.011788208716501148
2015-09-01,12600.0,12100.0,12700.0,12100.0,58803.0,12710.0,-4.3478,-0.04445148984359832,-0.04445148984359832
2015-09-02,11900.0,11750.0,12300.0,12300.0,34354.0,12550.0,1.6529,0.016393882946405453,0.016393882946405453
2015-09-03,12400.0,12250.0,12800.0,12600.0,59865.0,12490.0,2.439,0.024097313483793976,0.024097313483793976
2015-09-04,12700.0,11900.0,12700.0,12100.0,55459.0,12350.0,-3.9683,-0.04049184069369479,-0.04049184069369479
2015-09-07,12100.0,11900.0,12400.0,12250.0,36244.0,12270.0,1.2397,0.01232078642881129,0.01232078642881129
2015-09-08,12300.0,11850.0,12300.0,12050.0,45013.0,12260.0,-1.6327,-0.016461754232609056,-0.016461754232609056
2015-09-09,12250.0,12050.0,12600.0,12600.0,69444.0,12320.0,4.5643,0.044632007195360805,0.044632007195360805
2015-09-10,12600.0,12500.0,13700.0,13400.0,147440.0,12480.0,6.3492,0.06155783329793915,0.051513120224080874
2015-09-11,13500.0,13150.0,13600.0,13250.0,45271.0,12710.0,-1.1194,-0.011257124335955718,-0.011257124335955718
2015-09-14,13400.0,13200.0,13600.0,13300.0,42147.0,12920.0,0.3774,0.0037668963292258914,0.0037668963292258914
2015-09-15,13300.0,12800.0,13450.0,13050.0,55806.0,13120.0,-1.8797,-0.018975909121840894,-0.018975909121840894
2015-09-16,13350.0,13200.0,13800.0,13250.0,122406.0,13250.0,1.5326,0.015209743191777978,0.015209743191777978
2015-09-17,13300.0,12800.0,13400.0,12800.0,58167.0,13130.0,-3.3962,-0.03455210806919717,-0.03455210806919717
2015-09-18,13050.0,12900.0,13600.0,13450.0,61679.0,13170.0,5.0781,0.04953369720403268,0.04953369720403268
2015-09-21,13400.0,13200.0,13900.0,13750.0,84913.0,13260.0,2.2305,0.022059881701082452,0.022059881701082452
2015-09-22,13850.0,13800.0,15300.0,14900.0,170220.0,13630.0,8.3636,0.08032205326830709,0.051513120224080874
2015-09-23,14900.0,14350.0,15300.0,15300.0,130465.0,14040.0,2.6846,0.026491968388090436,0.026491968388090436
2015-09-24,15100.0,14750.0,15450.0,14950.0,94133.0,14470.0,-2.2876,-0.023141715852681793,-0.023141715852681793
2015-09-25,14900.0,14450.0,15000.0,14800.0,54326.0,14740.0,-1.0033,-0.010083669742402634,-0.010083669742402634
2015-09-28,14900.0,14450.0,15000.0,14800.0,54326.0,14740.0,0.0,0.0,0.0
2015-09-29,14900.0,14450.0,15000.0,14800.0,54326.0,14740.0,0.0,0.0,0.0
2015-09-30,14700.0,14100.0,14700.0,14150.0,64101.0,14820.0,-4.3919,-0.044912641486480095,-0.044912641486480095
2015-10-01,14250.0,14050.0,14950.0,14850.0,84882.0,14810.0,4.947,0.048285274829495003,0.048285274829495003
2015-10-02,14850.0,14600.0,15000.0,14850.0,49040.0,14720.0,0.0,0.0,0.0
2015-10-05,14900.0,14750.0,15200.0,14800.0,56439.0,14690.0,-0.3367,-0.003372681100260882,-0.003372681100260882
2015-10-06,14900.0,14400.0,14950.0,14400.0,49489.0,14610.0,-2.7027,-0.027398946410337074,-0.027398946410337074
2015-10-07,14350.0,14250.0,14700.0,14650.0,44424.0,14710.0,1.7361,0.017212019666098307,0.017212019666098307
2015-10-08,14650.0,14000.0,14850.0,14100.0,64999.0,14560.0,-3.7543,-0.03826588914284512,-0.03826588914284512
2015-10-09,14650.0,14000.0,14850.0,14100.0,64999.0,14560.0,0.0,0.0,0.0
2015-10-12,14150.0,14100.0,14300.0,14250.0,27447.0,14440.0,1.0638,0.010581814593651324,0.010581814593651324
2015-10-13,14250.0,13900.0,14350.0,14000.0,32977.0,14280.0,-1.7544,-0.017699719956553985,-0.017699719956553985
2015-10-14,13900.0,13050.0,14050.0,13050.0,110268.0,14010.0,-6.7857,-0.07026904258986302,-0.046043938501406846
2015-10-15,13100.0,13050.0,13500.0,13400.0,34242.0,13760.0,2.682,0.02646664781502622,0.02646664781502622
2015-10-16,13400.0,13100.0,13450.0,13350.0,27323.0,13610.0,-0.3731,-0.003737977541378163,-0.003737977541378163
2015-10-19,13350.0,13150.0,13650.0,13250.0,32825.0,13410.0,-0.7491,-0.007519198451830187,-0.007519198451830187
2015-10-20,13300.0,13150.0,13750.0,13750.0,49219.0,13360.0,3.7736,0.03704141713488395,0.03704141713488395
2015-10-21,13800.0,13600.0,13800.0,13800.0,26166.0,13510.0,0.3636,0.003629405731672463,0.003629405731672463
2015-10-22,13750.0,13550.0,13950.0,13600.0,41247.0,13550.0,-1.4493,-0.014599049421183912,-0.014599049421183912
2015-10-23,13650.0,13300.0,13700.0,13400.0,29785.0,13560.0,-1.4706,-0.014815205188132839,-0.014815205188132839
2015-10-26,13400.0,13150.0,13550.0,13300.0,46226.0,13570.0,-0.7463,-0.007490987518681147,-0.007490987518681147
2015-10-27,13250.0,12450.0,13350.0,12450.0,110317.0,13310.0,-6.391,-0.06604365328087594,-0.046043938501406846
2015-10-28,12200.0,11750.0,12650.0,12300.0,238073.0,13010.0,-1.2048,-0.012121165410412573,-0.012121165410412573
2015-10-29,12300.0,11700.0,12350.0,12100.0,139488.0,12710.0,-1.626,-0.016393644486433923,-0.016393644486433923
2015-10-30,11850.0,11700.0,12100.0,11850.0,109128.0,12400.0,-2.0661,-0.020877424684015364,-0.020877424684015364
2015-11-02,11900.0,11450.0,11900.0,11450.0,55363.0,12030.0,-3.3755,-0.03433785373813704,-0.03433785373813704
2015-11-03,11450.0,11400.0,12050.0,11600.0,98256.0,11860.0,1.31,0.013014937077494763,0.013014937077494763
2015-11-04,11600.0,11400.0,12050.0,11450.0,90419.0,11690.0,-1.2931,-0.013015333177573127,-0.013015333177573127
2015-11-05,11500.0,11450.0,12300.0,12050.0,83252.0,11680.0,5.2402,0.05107517060028686,0.05107517060028686
2015-11-06,12150.0,11650.0,12200.0,11900.0,80244.0,11690.0,-1.2448,-0.012526125365407842,-0.012526125365407842
2015-11-09,11950.0,11400.0,12000.0,11550.0,134198.0,11710.0,-2.9412,-0.029853205573952955,-0.029853205573952955
2015-11-10,11500.0,11350.0,11800.0,11700.0,78384.0,11730.0,1.2987,0.012903392015395065,0.012903392015395065
2015-11-11,11750.0,11700.0,12550.0,12450.0,111997.0,11930.0,6.4103,0.062132190745476525,0.051513120224080874
2015-11-12,12700.0,12600.0,13500.0,13450.0,151746.0,12210.0,8.0321,0.0772582191965763,0.051513120224080874
2015-11-13,13400.0,13200.0,13750.0,13750.0,74336.0,12580.0,2.2305,0.022059881701082452,0.022059881701082452
2015-11-16,13600.0,12850.0,13600.0,13150.0,86503.0,12900.0,-4.3636,-0.04461668526074215,-0.04461668526074215
2015-11-17,13350.0,13150.0,13500.0,13350.0,43814.0,13230.0,1.5209,0.01509450262697175,0.01509450262697175
2015-11-18,13300.0,13000.0,13600.0,13550.0,53258.0,13450.0,1.4981,0.014869893106721275,0.014869893106721275
2015-11-19,13550.0,13350.0,13700.0,13500.0,46862.0,13460.0,-0.369,-0.003696824844289762,-0.003696824844289762
2015-11-20,13500.0,13200.0,13500.0,13350.0,46986.0,13380.0,-1.1111,-0.011173188238580961,-0.011173188238580961
2015-11-23,13400.0,13150.0,13450.0,13350.0,49146.0,13420.0,0.0,0.0,0.0
2015-11-24,13400.0,13250.0,14150.0,14150.0,116368.0,13580.0,5.9925,0.058198150903761584,0.051513120224080874
2015-11-25,14100.0,13750.0,14150.0,13900.0,94511.0,13650.0,-1.7668,-0.017825942225994394,-0.017825942225994394
2015-11-26,13950.0,13850.0,14350.0,14300.0,74025.0,13810.0,2.8777,0.028370718108236333,0.028370718108236333
2015-11-27,14150.0,13850.0,14500.0,13850.0,54796.0,13910.0,-3.1469,-0.0319747883871437,-0.0319747883871437
2015-11-30,13800.0,13300.0,13850.0,13300.0,40720.0,13900.0,-3.9711,-0.040520998157539026,-0.040520998157539026
2015-12-01,13400.0,13100.0,13550.0,13550.0,37185.0,13780.0,1.8797,0.018622519478075552,0.018622519478075552
2015-12-02,13500.0,12800.0,13550.0,13300.0,34802.0,13660.0,-1.845,-0.018622324128094645,-0.018622324128094645
2015-12-03,13250.0,13000.0,14750.0,14700.0,137940.0,13740.0,10.5263,0.10008331569982958,0.051513120224080874
2015-12-04,14600.0,14150.0,14800.0,14300.0,101731.0,13830.0,-2.7211,-0.027588075399954955,-0.027588075399954955
2015-12-07,14300.0,13850.0,14300.0,13900.0,69704.0,13950.0,-2.7972,-0.028370668352237515,-0.028370668352237515
2015-12-08,13900.0,13300.0,14250.0,14200.0,83584.0,14080.0,2.1583,0.021353385033915217,0.021353385033915217
2015-12-09,14000.0,13800.0,14450.0,14050.0,67402.0,14230.0,-1.0563,-0.010619184485897113,-0.010619184485897113
2015-12-10,14000.0,13500.0,14050.0,13500.0,36926.0,13990.0,-3.9146,-0.03993280663167195,-0.03993280663167195
2015-12-11,13500.0,13150.0,13700.0,13200.0,53397.0,13770.0,-2.2222,-0.022472628579357112,-0.022472628579357112
2015-12-14,12950.0,11950.0,13000.0,12050.0,75298.0,13400.0,-8.7121,-0.09115193729054294,-0.046043938501406846
2015-12-15,11900.0,11900.0,12450.0,11950.0,47429.0,12950.0,-0.8299,-0.00833362842109943,-0.00833362842109943
2015-12-16,12100.0,12100.0,12650.0,12500.0,61934.0,12640.0,4.6025,0.04499726593073075,0.04499726593073075
2015-12-17,12550.0,12550.0,13150.0,12900.0,42223.0,12520.0,3.2,0.031498667059371016,0.031498667059371016
2015-12-18,12900.0,12750.0,13300.0,13200.0,15960.0,12520.0,2.3256,0.022989700042863975,0.022989700042863975
2015-12-21,13100.0,12850.0,13200.0,13050.0,34231.0,12720.0,-1.1364,-0.011429063639782393,-0.011429063639782393
2015-12-22,13100.0,12900.0,13350.0,13050.0,34072.0,12940.0,0.0,0.0,0.0
2015-12-23,13050.0,12550.0,13200.0,12600.0,38353.0,12960.0,-3.4483,-0.0350915698113014,-0.0350915698113014
2015-12-24,12600.0,12600.0,13100.0,12750.0,34104.0,12930.0,1.1905,0.011834692941092859,0.011834692941092859
2015-12-28,12900.0,12600.0,12900.0,12850.0,33810.0,12860.0,0.7843,0.007812403550013994,0.007812403550013994
2015-12-29,12800.0,12800.0,13600.0,13500.0,64150.0,12950.0,5.0584,0.04934620002902774,0.04934620002902774
2015-12-30,13550.0,13400.0,13650.0,13600.0,37536.0,13060.0,0.7407,0.007379702885776021,0.007379702885776021
2015-12-31,13550.0,13400.0,13650.0,13600.0,37536.0,13060.0,0.0,0.0,0.0
2016-01-04,13750.0,13000.0,13800.0,13100.0,55182.0,13160.0,-3.6765,-0.03745786787845858,-0.03745786787845858
2016-01-05,12850.0,12850.0,13250.0,13200.0,32335.0,13250.0,0.7634,0.007605008476044643,0.007605008476044643
2016-01-06,13800.0,13450.0,14300.0,13700.0,127285.0,13420.0,3.7879,0.037179207621295216,0.037179207621295216
2016-01-07,13500.0,13150.0,14000.0,13800.0,52386.0,13480.0,0.7299,0.007272491213101749,0.007272491213101749
2016-01-08,13500.0,13250.0,13700.0,13450.0,54662.0,13450.0,-2.5362,-0.02568915897781793,-0.02568915897781793
2016-01-11,13750.0,13600.0,14250.0,13900.0,122454.0,13610.0,3.3457,0.03290949308157474,0.03290949308157474
2016-01-12,13950.0,13450.0,14000.0,13750.0,98866.0,13720.0,-1.0791,-0.010849645115043646,-0.010849645115043646
2016-01-13,13750.0,13700.0,14650.0,14650.0,145643.0,13910.0,6.5455,0.06340193797156546,0.051513120224080874
2016-01-14,14450.0,14250.0,15350.0,15000.0,347796.0,14150.0,2.3891,0.023610075639111806,0.023610075639111806
2016-01-15,15150.0,14450.0,15300.0,14700.0,151419.0,14400.0,-2.0,-0.020202707317519466,-0.020202707317519466
2016-01-18,14450.0,14400.0,15000.0,15000.0,104758.0,14620.0,2.0408,0.02020254731750663,0.02020254731750663
2016-01-19,15100.0,14850.0,16200.0,16200.0,338637.0,15110.0,8.0,0.0769610411361284,0.051513120224080874
2016-01-20,16250.0,15950.0,16900.0,16550.0,231063.0,15490.0,2.1605,0.021374920007692512,0.021374920007692512
2016-01-21,16400.0,15900.0,16600.0,16600.0,110356.0,15810.0,0.3021,0.003016445949053245,0.003016445949053245
2016-01-22,16750.0,15900.0,16850.0,16400.0,111444.0,16150.0,-1.2048,-0.012121165410412573,-0.012121165410412573
2016-01-25,16650.0,16200.0,16800.0,16350.0,83852.0,16420.0,-0.3049,-0.0030536576704007874,-0.0030536576704007874
2016-01-26,16350.0,15900.0,16350.0,16150.0,69544.0,16410.0,-1.2232,-0.012307426622053936,-0.012307426622053936
2016-01-27,16100.0,16100.0,16650.0,16200.0,66342.0,16340.0,0.3096,0.0030912172610305516,0.0030912172610305516
2016-01-28,16200.0,16150.0,17450.0,17200.0,177623.0,16460.0,6.1728,0.05989776948797649,0.051513120224080874
2016-01-29,17250.0,17000.0,17350.0,17200.0,66776.0,16620.0,0.0,0.0,0.0
2016-02-01,17150.0,17000.0,17800.0,17650.0,79784.0,16880.0,2.6163,0.02582660352588322,0.02582660352588322
2016-02-02,17650.0,17300.0,17700.0,17300.0,44076.0,17110.0,-1.983,-0.02002925297383884,-0.02002925297383884
2016-02-03,17000.0,16500.0,17450.0,17100.0,92194.0,17290.0,-1.1561,-0.011628347936687648,-0.011628347936687648
2016-02-04,17050.0,16700.0,17400.0,17050.0,87231.0,17260.0,-0.2924,-0.0029282832394992324,-0.0029282832394992324
2016-02-05,17300.0,16900.0,17350.0,17000.0,60342.0,17220.0,-0.2933,-0.00293730967341093,-0.00293730967341093
2016-02-08,17300.0,16900.0,17350.0,17000.0,60342.0,17220.0,0.0,0.0,0.0
2016-02-09,17300.0,16900.0,17350.0,17000.0,60342.0,17220.0,0.0,0.0,0.0
2016-02-10,17300.0,16900.0,17350.0,17000.0,60342.0,17220.0,0.0,0.0,0.0
2016-02-11,16700.0,15450.0,16700.0,15500.0,150883.0,16790.0,-8.8235,-0.09237299755042196,-0.046043938501406846
2016-02-12,15400.0,14700.0,15550.0,14900.0,148538.0,16310.0,-3.871,-0.03947914654431361,-0.03947914654431361
2016-02-15,15050.0,15000.0,15800.0,15750.0,98376.0,16040.0,5.7047,0.055479171367847545,0.051513120224080874
2016-02-16,15600.0,15600.0,16250.0,15950.0,74116.0,15820.0,1.2698,0.012618056435617597,0.012618056435617597
2016-02-17,15800.0,15750.0,16400.0,15800.0,53326.0,15580.0,-0.9404,-0.009448496792946126,-0.009448496792946126
2016-02-18,16000.0,15950.0,16300.0,16150.0,64040.0,15710.0,2.2152,0.0219102087069469,0.0219102087069469
2016-02-19,16100.0,15900.0,16250.0,16000.0,29058.0,15930.0,-0.9288,-0.009331402428887085,-0.009331402428887085
2016-02-22,16000.0,16000.0,16600.0,16500.0,61881.0,16080.0,3.125,0.030771658666753687,0.030771658666753687
2016-02-23,16600.0,15900.0,16700.0,15900.0,55955.0,16070.0,-3.6364,-0.0370416490389108,-0.0370416490389108
2016-02-24,15800.0,15100.0,15800.0,15400.0,127977.0,15990.0,-3.1447,-0.03195207383268875,-0.03195207383268875
2016-02-25,15450.0,15450.0,16400.0,16350.0,134927.0,16030.0,6.1688,0.05986009434565415,0.051513120224080874
2016-02-26,16500.0,16450.0,18750.0,17800.0,299682.0,16390.0,8.8685,0.08497054590983305,0.051513120224080874
2016-02-29,18150.0,17700.0,18350.0,18100.0,112022.0,16710.0,1.6854,0.016713547272080867,0.016713547272080867
2016-03-01,18150.0,17700.0,18350.0,18100.0,112022.0,16710.0,0.0,0.0,0.0
2016-03-02,18400.0,17700.0,18700.0,18100.0,107231.0,17150.0,0.0,0.0,0.0
2016-03-03,18150.0,18000.0,18750.0,18350.0,132078.0,17740.0,1.3812,0.013717483640231651,0.013717483640231651
2016-03-04,18300.0,18250.0,19350.0,19300.0,188142.0,18330.0,5.1771,0.05047541001129067,0.05047541001129067
2016-03-07,19400.0,18750.0,19500.0,19200.0,120031.0,18610.0,-0.5181,-0.005194467918831548,-0.005194467918831548
2016-03-08,19200.0,18900.0,19550.0,19400.0,78119.0,18870.0,1.0417,0.010363116932399283,0.010363116932399283
2016-03-09,19350.0,18850.0,19750.0,18950.0,91314.0,19040.0,-2.3196,-0.023469261189931624,-0.023469261189931624
2016-03-10,19000.0,18500.0,19250.0,19250.0,72167.0,19220.0,1.5831,0.015706996737816566,0.015706996737816566
2016-03-11,19150.0,18850.0,19700.0,19550.0,57519.0,19270.0,1.5584,0.015463816490336738,0.015463816490336738
2016-03-14,19650.0,19000.0,19750.0,19450.0,67931.0,19320.0,-0.5115,-0.0051281263926304475,-0.0051281263926304475
2016-03-15,19400.0,19400.0,20400.0,19700.0,143443.0,19380.0,1.2853,0.012771101212374585,0.012771101212374585
2016-03-16,19700.0,18800.0,19700.0,19100.0,89237.0,19410.0,-3.0457,-0.030930452523830847,-0.030930452523830847
2016-03-17,19100.0,19100.0,19600.0,19450.0,61140.0,19450.0,1.8325,0.018159120615909803,0.018159120615909803
2016-03-18,19450.0,19250.0,19700.0,19450.0,54062.0,19430.0,0.0,0.0,0.0
2016-03-21,19450.0,19000.0,20400.0,20350.0,108248.0,19610.0,4.6272,0.045233370079565766,0.045233370079565766
2016-03-22,20350.0,19850.0,20500.0,20300.0,81668.0,19730.0,-0.2457,-0.0024600233778082053,-0.0024600233778082053
2016-03-23,20250.0,19500.0,20350.0,20300.0,86695.0,19970.0,0.0,0.0,0.0
2016-03-24,20250.0,20050.0,20550.0,20150.0,49998.0,20110.0,-0.7389,-0.00741643388335089,-0.00741643388335089
2016-03-25,20200.0,19650.0,20200.0,19900.0,47632.0,20200.0,-1.2407,-0.01248460942606571,-0.01248460942606571
2016-03-28,19850.0,19300.0,19950.0,19700.0,56357.0,20070.0,-1.005,-0.010100842179429501,-0.010100842179429501
2016-03-29,19750.0,19550.0,20250.0,20050.0,67046.0,20020.0,1.7766,0.017610029230461004,0.017610029230461004
2016-03-30,20150.0,19850.0,20400.0,20050.0,50265.0,19970.0,0.0,0.0,0.0
2016-03-31,20050.0,19950.0,20350.0,20200.0,37928.0,19980.0,0.7481,0.007453156100082127,0.007453156100082127
2016-04-01,20150.0,20100.0,21050.0,20850.0,119251.0,20170.0,3.2178,0.03167113280645409,0.03167113280645409
2016-04-04,20850.0,20450.0,20950.0,20800.0,50350.0,20390.0,-0.2398,-0.002400879806772286,-0.002400879806772286
2016-04-05,20800.0,20700.0,21300.0,20950.0,45792.0,20570.0,0.7212,0.00718611789465967,0.00718611789465967
2016-04-06,20950.0,20600.0,21150.0,21150.0,51575.0,20790.0,0.9547,0.009501715388811536,0.009501715388811536
2016-04-07,21150.0,20450.0,21200.0,20550.0,69787.0,20860.0,-2.8369,-0.02877917622889786,-0.02877917622889786
2016-04-08,20400.0,20300.0,20800.0,20700.0,46865.0,20830.0,0.7299,0.007272491213101749,0.007272491213101749
2016-04-11,20650.0,19900.0,20700.0,19900.0,52888.0,20650.0,-3.8647,-0.03941361175702071,-0.03941361175702071
2016-04-12,19900.0,19700.0,20200.0,20200.0,65318.0,20500.0,1.5075,0.014962501389514675,0.014962501389514675
2016-04-13,19900.0,19700.0,20200.0,20200.0,65318.0,20500.0,0.0,0.0,0.0
2016-04-14,20250.0,19850.0,20550.0,20200.0,37397.0,20310.0,0.0,0.0,0.0
2016-04-15,20200.0,19550.0,20350.0,19950.0,69592.0,20190.0,-1.2376,-0.012453220469811852,-0.012453220469811852
2016-04-18,19950.0,19650.0,20150.0,19950.0,44381.0,20040.0,0.0,0.0,0.0
2016-04-19,20000.0,20000.0,20850.0,20650.0,65168.0,20190.0,3.5088,0.034486447257573216,0.034486447257573216
2016-04-20,20650.0,20300.0,20700.0,20650.0,56317.0,20280.0,0.0,0.0,0.0
2016-04-21,20650.0,20400.0,21100.0,20900.0,90786.0,20420.0,1.2107,0.012034296501418294,0.012034296501418294
2016-04-22,20950.0,20650.0,21950.0,21800.0,169002.0,20790.0,4.3062,0.042160618163708925,0.042160618163708925
2016-04-25,22100.0,21750.0,22700.0,21800.0,206437.0,21160.0,0.0,0.0,0.0
2016-04-26,21800.0,20850.0,21950.0,20850.0,101632.0,21200.0,-4.3578,-0.04455604073488534,-0.04455604073488534
2016-04-27,20750.0,20300.0,21350.0,20300.0,77627.0,21130.0,-2.6379,-0.026733168108404506,-0.026733168108404506
2016-04-28,20350.0,19950.0,20500.0,20100.0,53878.0,20970.0,-0.9852,-0.009900852077262877,-0.009900852077262877
2016-04-29,20100.0,19800.0,20350.0,20350.0,41542.0,20680.0,1.2438,0.012361283555743176,0.012361283555743176
2016-05-02,20300.0,19250.0,20300.0,19300.0,103301.0,20180.0,-5.1597,-0.052975761573620536,-0.046043938501406846
2016-05-03,19350.0,17300.0,19600.0,18500.0,329513.0,19710.0,-4.1451,-0.042334596259020196,-0.042334596259020196
2016-05-04,18300.0,17750.0,18350.0,18100.0,173567.0,19270.0,-2.1622,-0.02185918055290538,-0.02185918055290538
2016-05-05,18300.0,17750.0,18350.0,18100.0,173567.0,19270.0,0.0,0.0,0.0
2016-05-06,18300.0,17750.0,18350.0,18100.0,173567.0,19270.0,0.0,0.0,0.0
2016-05-09,18200.0,17700.0,18250.0,17850.0,63719.0,18820.0,-1.3812,-0.013908273183399232,-0.013908273183399232
2016-05-10,17800.0,17550.0,18150.0,17900.0,97722.0,18330.0,0.2801,0.002797084509322225,0.002797084509322225
2016-05-11,18000.0,17950.0,18400.0,18400.0,72791.0,18150.0,2.7933,0.027549989811708146,0.027549989811708146
2016-05-12,18300.0,17800.0,18300.0,17800.0,60663.0,18010.0,-3.2609,-0.03315252192369153,-0.03315252192369153
2016-05-13,17750.0,17100.0,17850.0,17350.0,90392.0,17860.0,-2.5281,-0.02560605465157434,-0.02560605465157434
2016-05-16,17400.0,17250.0,17800.0,17500.0,80282.0,17790.0,0.8646,0.008608837393635842,0.008608837393635842
2016-05-17,17450.0,17300.0,17850.0,17650.0,38594.0,17740.0,0.8571,0.008534477520568757,0.008534477520568757
2016-05-18,17650.0,16600.0,17650.0,16600.0,105687.0,17380.0,-5.949,-0.06133299765536657,-0.046043938501406846
2016-05-19,16450.0,16400.0,17100.0,17000.0,68691.0,17220.0,2.4096,0.02381027222305933,0.02381027222305933
2016-05-20,16950.0,16900.0,17150.0,17150.0,33637.0,17180.0,0.8824,0.008785296027927193,0.008785296027927193
2016-05-23,16950.0,16950.0,17500.0,17300.0,36571.0,17140.0,0.8746,0.00870797529056603,0.00870797529056603
2016-05-24,17350.0,17000.0,17400.0,17200.0,29242.0,17050.0,-0.578,-0.005796768847177453,-0.005796768847177453
2016-05-25,17250.0,16950.0,17350.0,17000.0,45881.0,17130.0,-1.1628,-0.011696133880842736,-0.011696133880842736
2016-05-26,17050.0,16950.0,17300.0,17250.0,30681.0,17180.0,1.4706,0.014598915363175053,0.014598915363175053
2016-05-27,17300.0,17100.0,17400.0,17200.0,27916.0,17190.0,-0.2899,-0.002903210239458251,-0.002903210239458251
2016-05-30,17250.0,16500.0,17250.0,16750.0,61537.0,17080.0,-2.6163,-0.026511340473728197,-0.026511340473728197
2016-05-31,16800.0,16700.0,17200.0,17150.0,52245.0,17070.0,2.3881,0.023600308926801896,0.023600308926801896
2016-06-01,17300.0,16850.0,17300.0,17050.0,53166.0,17080.0,-0.5831,-0.005848066656621387,-0.005848066656621387
2016-06-02,17100.0,16650.0,17250.0,16900.0,65450.0,17010.0,-0.8798,-0.008836930912984957,-0.008836930912984957
2016-06-03,16700.0,16000.0,16750.0,16500.0,162664.0,16870.0,-2.3669,-0.02395361071953095,-0.02395361071953095
2016-06-06,16700.0,16000.0,16750.0,16500.0,162664.0,16870.0,0.0,0.0,0.0
2016-06-07,16550.0,15800.0,16600.0,16100.0,96746.0,16740.0,-2.4242,-0.024540674133603422,-0.024540674133603422
2016-06-08,16150.0,15400.0,16150.0,15450.0,88438.0,16400.0,-4.0373,-0.04121061168879287,-0.04121061168879287
2016-06-09,15450.0,15000.0,15650.0,15050.0,61229.0,16000.0,-2.589,-0.026231045371461616,-0.026231045371461616
2016-06-10,15100.0,15050.0,15600.0,15550.0,63735.0,15730.0,3.3223,0.03268304292867248,0.03268304292867248
2016-06-13,15550.0,14950.0,15650.0,15050.0,58792.0,15440.0,-3.2154,-0.03268229527095199,-0.03268229527095199
2016-06-14,15150.0,15050.0,15350.0,15150.0,42647.0,15250.0,0.6645,0.006623019308233707,0.006623019308233707
2016-06-15,15200.0,15100.0,15650.0,15600.0,43169.0,15280.0,2.9703,0.02927041114626668,0.02927041114626668
2016-06-16,15550.0,14600.0,15750.0,14600.0,71669.0,15190.0,-6.4103,-0.06624985129473375,-0.046043938501406846
2016-06-17,14600.0,14600.0,15150.0,14700.0,35862.0,15020.0,0.6849,0.006825652145180938,0.006825652145180938
2016-06-20,14750.0,14700.0,15650.0,15000.0,65738.0,15010.0,2.0408,0.02020254731750663,0.02020254731750663
2016-06-21,15200.0,14750.0,15200.0,14850.0,29926.0,14950.0,-1.0,-0.01005033585350145,-0.01005033585350145
2016-06-22,14900.0,14850.0,15150.0,15000.0,20529.0,14830.0,1.0101,0.010050325853501308,0.010050325853501308
2016-06-23,14950.0,14350.0,15000.0,14350.0,40099.0,14780.0,-4.3333,-0.044299910464584855,-0.044299910464584855
2016-06-24,14550.0,13400.0,14750.0,13450.0,83340.0,14530.0,-6.2718,-0.06477108151097201,-0.046043938501406846
2016-06-27,13200.0,13050.0,13800.0,13600.0,56639.0,14250.0,1.1152,0.011090274929367604,0.011090274929367604
2016-06-28,13550.0,13500.0,14400.0,14400.0,49245.0,14160.0,5.8824,0.05715885828429428,0.051513120224080874
2016-06-29,14350.0,14250.0,14750.0,14300.0,33090.0,14020.0,-0.6944,-0.00696822176374589,-0.00696822176374589
2016-06-30,14400.0,14150.0,14450.0,14250.0,22859.0,14000.0,-0.3497,-0.003503128796940195,-0.003503128796940195
2016-07-01,14250.0,14250.0,14650.0,14450.0,49002.0,14200.0,1.4035,0.0139374213385876,0.0139374213385876
2016-07-04,14500.0,14450.0,15150.0,15150.0,50157.0,14510.0,4.8443,0.04730620650584392,0.04730620650584392
2016-07-05,15200.0,15000.0,15400.0,15350.0,52049.0,14700.0,1.3201,0.013114626116866061,0.013114626116866061
2016-07-06,15350.0,14750.0,15350.0,14800.0,81371.0,14800.0,-3.5831,-0.036488688533485115,-0.036488688533485115
2016-07-07,14850.0,14850.0,15450.0,15100.0,56605.0,14970.0,2.027,0.020067298150111938,0.020067298150111938
2016-07-08,15050.0,14500.0,15050.0,14550.0,68710.0,14990.0,-3.6424,-0.03710391515184435,-0.03710391515184435
2016-07-11,14550.0,14500.0,15050.0,14850.0,26746.0,14930.0,2.0619,0.020409305974547064,0.020409305974547064
2016-07-12,14900.0,14900.0,16150.0,16150.0,179838.0,15090.0,8.7542,0.08392010392459766,0.051513120224080874
2016-07-13,16000.0,15850.0,16100.0,15900.0,73528.0,15310.0,-1.548,-0.015601066228651188,-0.015601066228651188
2016-07-14,15950.0,15750.0,16500.0,16150.0,151676.0,15520.0,1.5723,0.015600674188574224,0.015600674188574224
2016-07-15,16200.0,16100.0,16400.0,16150.0,55954.0,15840.0,0.0,0.0,0.0
2016-07-18,16150.0,15700.0,16200.0,15850.0,37682.0,16040.0,-1.8576,-0.018750700764945786,-0.018750700764945786
2016-07-19,16100.0,15400.0,16150.0,16100.0,87318.0,16030.0,1.5773,0.015649898996312167,0.015649898996312167
2016-07-20,16050.0,15750.0,16250.0,16200.0,38683.0,16090.0,0.6211,0.006191791235559344,0.006191791235559344
2016-07-21,16150.0,15950.0,16350.0,16000.0,53006.0,16060.0,-1.2346,-0.012422844998609933,-0.012422844998609933
2016-07-22,15950.0,15600.0,16100.0,15600.0,37824.0,15950.0,-2.5,-0.025317807984289897,-0.025317807984289897
2016-07-25,15600.0,15500.0,15900.0,15600.0,28622.0,15900.0,0.0,0.0,0.0
2016-07-26,15650.0,15500.0,15700.0,15650.0,28668.0,15810.0,0.3205,0.0031998749351354414,0.0031998749351354414
2016-07-27,15650.0,15200.0,15700.0,15200.0,53691.0,15610.0,-2.8754,-0.029175495712878852,-0.029175495712878852
2016-07-28,15300.0,15250.0,16950.0,16950.0,224522.0,15800.0,11.5132,0.10897278355527823,0.051513120224080874
2016-07-29,16850.0,16550.0,17450.0,17350.0,161845.0,16150.0,2.3599,0.023324848358900613,0.023324848358900613
2016-08-01,16850.0,16450.0,18100.0,17550.0,332525.0,16540.0,1.1527,0.011461070299563817,0.011461070299563817
2016-08-02,17650.0,17100.0,17800.0,17650.0,143489.0,16940.0,0.5698,0.005681827801708543,0.005681827801708543
2016-08-03,17650.0,17450.0,18400.0,17450.0,270165.0,17390.0,-1.1331,-0.011395684874237245,-0.011395684874237245
2016-08-04,17450.0,16700.0,17500.0,17250.0,114651.0,17450.0,-1.1461,-0.011527183431988672,-0.011527183431988672
2016-08-05,17400.0,17300.0,18350.0,18100.0,263701.0,17600.0,4.9275,0.04809944949048424,0.04809944949048424
2016-08-08,18450.0,17650.0,18450.0,17900.0,106709.0,17670.0,-1.105,-0.011111504754718705,-0.011111504754718705
2016-08-09,17950.0,16950.0,17950.0,17250.0,169144.0,17590.0,-3.6313,-0.03698872589109197,-0.03698872589109197
2016-08-10,17150.0,16650.0,17250.0,16700.0,114070.0,17440.0,-3.1884,-0.032403364174421634,-0.032403364174421634
2016-08-11,16550.0,16000.0,16600.0,16150.0,90790.0,17220.0,-3.2934,-0.03348853353114296,-0.03348853353114296
2016-08-12,16150.0,15950.0,16450.0,16350.0,57737.0,16870.0,1.2384,0.012307945533919232,0.012307945533919232
2016-08-15,16150.0,15950.0,16450.0,16350.0,57737.0,16870.0,0.0,0.0,0.0
2016-08-16,16350.0,15500.0,16500.0,15600.0,96147.0,16410.0,-4.5872,-0.04695744462633911,-0.046043938501406846
2016-08-17,15400.0,14750.0,15450.0,15300.0,112096.0,16020.0,-1.9231,-0.01941832115124691,-0.01941832115124691
2016-08-18,15350.0,15050.0,15650.0,15500.0,54776.0,15780.0,1.3072,0.012987298752612255,0.012987298752612255
2016-08-19,15450.0,15250.0,15600.0,15400.0,30556.0,15630.0,-0.6452,-0.006472904116082984,-0.006472904116082984
2016-08-22,15150.0,14550.0,15400.0,14600.0,73225.0,15280.0,-5.1948,-0.05334592591077367,-0.046043938501406846
2016-08-23,14500.0,14450.0,15550.0,15250.0,99550.0,15210.0,4.4521,0.0435584071259215,0.0435584071259215
2016-08-24,15250.0,14950.0,15350.0,15000.0,45471.0,15150.0,-1.6393,-0.016528851951311804,-0.016528851951311804
2016-08-25,14950.0,14500.0,15100.0,14900.0,58821.0,15030.0,-0.6667,-0.00668932372132269,-0.00668932372132269
2016-08-26,15000.0,14750.0,15400.0,15250.0,35247.0,15000.0,2.349,0.023218355675775525,0.023218355675775525
2016-08-29,15200.0,14300.0,15200.0,14300.0,75421.0,14940.0,-6.2295,-0.06431987837497544,-0.046043938501406846
2016-08-30,14300.0,13900.0,14600.0,14400.0,56953.0,14770.0,0.6993,0.006968662371648899,0.006968662371648899
2016-08-31,14350.0,13950.0,14600.0,14200.0,46503.0,14610.0,-1.3889,-0.013986354650802616,-0.013986354650802616
2016-09-01,14150.0,14000.0,14600.0,14600.0,56302.0,14550.0,2.8169,0.027779550408445583,0.027779550408445583
2016-09-02,14700.0,14350.0,14700.0,14450.0,51977.0,14390.0,-1.0274,-0.010327141837510876,-0.010327141837510876
2016-09-05,14400.0,14300.0,14800.0,14750.0,40806.0,14480.0,2.0761,0.02054842754939263,0.02054842754939263
2016-09-06,14700.0,14350.0,14850.0,14500.0,34653.0,14500.0,-1.6949,-0.017094278186898352,-0.017094278186898352
2016-09-07,14500.0,13900.0,14650.0,14150.0,58982.0,14490.0,-2.4138,-0.024434096008662667,-0.024434096008662667
2016-09-08,14150.0,13700.0,14200.0,14200.0,59908.0,14410.0,0.3534,0.0035277700953408623,0.0035277700953408623
2016-09-09,14000.0,13800.0,14200.0,13950.0,26320.0,14310.0,-1.7606,-0.01776282909976653,-0.01776282909976653
2016-09-12,13750.0,13200.0,13800.0,13250.0,56887.0,14010.0,-5.0179,-0.051481733193658744,-0.046043938501406846
2016-09-13,13500.0,13300.0,13600.0,13350.0,39449.0,13780.0,0.7547,0.007518663874687246,0.007518663874687246
2016-09-14,13500.0,13300.0,13600.0,13350.0,39449.0,13780.0,0.0,0.0,0.0
2016-09-15,13500.0,13300.0,13600.0,13350.0,39449.0,13780.0,0.0,0.0,0.0
2016-09-16,13500.0,13300.0,13600.0,13350.0,39449.0,13780.0,0.0,0.0,0.0
2016-09-19,13250.0,13250.0,13850.0,13850.0,37239.0,13720.0,3.7453,0.03676867089176643,0.03676867089176643
2016-09-20,13750.0,13750.0,14050.0,13950.0,21961.0,13670.0,0.722,0.007194060580240568,0.007194060580240568
2016-09-21,13950.0,13850.0,14300.0,14000.0,33704.0,13680.0,0.3584,0.0035775927764293168,0.0035775927764293168
2016-09-22,14050.0,14050.0,14700.0,14650.0,60602.0,13960.0,4.6429,0.045383415404047875,0.045383415404047875
2016-09-23,14600.0,14300.0,15000.0,14750.0,55961.0,14240.0,0.6826,0.006802808339699809,0.006802808339699809
2016-09-26,14750.0,14550.0,14950.0,14800.0,25862.0,14430.0,0.339,0.0033842669031452035,0.0033842669031452035
2016-09-27,14700.0,14500.0,14750.0,14700.0,22494.0,14580.0,-0.6757,-0.006779931883367946,-0.006779931883367946
2016-09-28,14700.0,14350.0,14750.0,14450.0,41473.0,14670.0,-1.7007,-0.017153279918311105,-0.017153279918311105
2016-09-29,14400.0,14350.0,14650.0,14550.0,21377.0,14650.0,0.692,0.006896166687841344,0.006896166687841344
2016-09-30,14500.0,14250.0,14600.0,14400.0,17054.0,14580.0,-1.0309,-0.010362505785586148,-0.010362505785586148
2016-10-03,14500.0,14250.0,14600.0,14400.0,17054.0,14580.0,0.0,0.0,0.0
2016-10-04,14300.0,14300.0,14600.0,14500.0,23643.0,14520.0,0.6944,0.006920001465166089,0.006920001465166089
2016-10-05,14600.0,14400.0,14600.0,14450.0,19961.0,14470.0,-0.3448,-0.0034539580515168746,-0.0034539580515168746
2016-10-06,14600.0,14400.0,15100.0,15000.0,98173.0,14580.0,3.8062,0.03735551321039825,0.03735551321039825
2016-10-07,15000.0,14600.0,15000.0,14650.0,40660.0,14600.0,-2.3333,-0.023609524342263717,-0.023609524342263717
2016-10-10,14800.0,14200.0,14800.0,14400.0,29463.0,14600.0,-1.7065,-0.01721228513113358,-0.01721228513113358
2016-10-11,14350.0,14050.0,14500.0,14300.0,16403.0,14560.0,-0.6944,-0.00696822176374589,-0.00696822176374589
2016-10-12,14250.0,13450.0,14250.0,13650.0,78077.0,14400.0,-4.5455,-0.04652049182548245,-0.046043938501406846
2016-10-13,13650.0,13350.0,13700.0,13350.0,22541.0,14070.0,-2.1978,-0.0222231143128004,-0.0222231143128004
2016-10-14,13400.0,13400.0,13600.0,13500.0,8770.0,13840.0,1.1236,0.011173345042568708,0.011173345042568708
2016-10-17,13550.0,13300.0,13950.0,13550.0,35929.0,13670.0,0.3704,0.003697157084234529,0.003697157084234529
2016-10-18,13550.0,13350.0,13600.0,13400.0,13083.0,13490.0,-1.107,-0.011131728428552003,-0.011131728428552003
2016-10-19,13450.0,12800.0,13450.0,12800.0,47909.0,13320.0,-4.4776,-0.04580941103130205,-0.04580941103130205
2016-10-20,12750.0,12550.0,12950.0,12750.0,24426.0,13200.0,-0.3906,-0.003913648340775633,-0.003913648340775633
2016-10-21,12850.0,12000.0,12850.0,12300.0,59175.0,12960.0,-3.5294,-0.03593188727485132,-0.03593188727485132
2016-10-24,12300.0,12150.0,12450.0,12450.0,11259.0,12740.0,1.2195,0.012121240050409798,0.012121240050409798
2016-10-25,12300.0,12050.0,12450.0,12200.0,19314.0,12500.0,-2.008,-0.020284343302707022,-0.020284343302707022
2016-10-26,12000.0,11850.0,12250.0,12150.0,22708.0,12370.0,-0.4098,-0.004106419812801334,-0.004106419812801334
2016-10-27,12200.0,12100.0,12900.0,12900.0,48184.0,12400.0,6.1728,0.05989776948797649,0.051513120224080874
2016-10-28,12850.0,12500.0,12850.0,12550.0,24508.0,12450.0,-2.7132,-0.027506868897428195,-0.027506868897428195
2016-10-31,12550.0,12150.0,12650.0,12300.0,27674.0,12420.0,-1.992,-0.020121077996221978,-0.020121077996221978
2016-11-01,12300.0,12150.0,12500.0,12450.0,6835.0,12470.0,1.2195,0.012121240050409798,0.012121240050409798
2016-11-02,12400.0,11700.0,12500.0,11700.0,44797.0,12380.0,-6.0241,-0.062131819568545375,-0.046043938501406846
2016-11-03,11600.0,11600.0,12200.0,12150.0,28811.0,12230.0,3.8462,0.037740772427192704,0.037740772427192704
2016-11-04,12300.0,11900.0,12350.0,12100.0,9600.0,12140.0,-0.4115,-0.0041234899111605924,-0.0041234899111605924
2016-11-07,12150.0,12050.0,12450.0,12400.0,9196.0,12160.0,2.4793,0.02449064097596594,0.02449064097596594
2016-11-08,12400.0,12150.0,12550.0,12250.0,35735.0,12120.0,-1.2097,-0.012170764191709907,-0.012170764191709907
2016-11-09,12300.0,11200.0,12400.0,11650.0,88912.0,12110.0,-4.898,-0.0502201861636679,-0.046043938501406846
2016-11-10,11850.0,11800.0,12150.0,12100.0,38539.0,12100.0,3.8627,0.03789964862397295,0.03789964862397295
2016-11-11,12100.0,12000.0,12300.0,12300.0,27392.0,12140.0,1.6529,0.016393882946405453,0.016393882946405453
2016-11-14,12250.0,12150.0,12900.0,12850.0,45090.0,12230.0,4.4715,0.04374412094720125,0.04374412094720125
2016-11-15,12850.0,12600.0,12950.0,12950.0,24989.0,12370.0,0.7782,0.007751876418212482,0.007751876418212482
2016-11-16,13000.0,12750.0,13050.0,13000.0,14627.0,12640.0,0.3861,0.0038535654698360193,0.0038535654698360193
2016-11-17,13050.0,13000.0,13500.0,13400.0,45946.0,12900.0,3.0769,0.03030512561470692,0.03030512561470692
2016-11-18,13450.0,13050.0,13450.0,13300.0,34077.0,13100.0,-0.7463,-0.007490987518681147,-0.007490987518681147
2016-11-21,13250.0,12800.0,14100.0,14000.0,106644.0,13330.0,5.2632,0.05129369438747054,0.05129369438747054
2016-11-22,14000.0,13000.0,14050.0,13150.0,113805.0,13370.0,-6.0714,-0.06263526680902186,-0.046043938501406846
2016-11-23,13250.0,12700.0,13300.0,12900.0,54778.0,13350.0,-1.9011,-0.019194032527550958,-0.019194032527550958
2016-11-24,12850.0,12250.0,12950.0,12300.0,28724.0,13130.0,-4.6512,-0.0476284392332332,-0.046043938501406846
2016-11-25,12500.0,12150.0,12800.0,12800.0,20200.0,13030.0,4.065,0.03984551792212345,0.03984551792212345
2016-11-28,12850.0,12400.0,12850.0,12600.0,10256.0,12750.0,-1.5625,-0.015748356968139168,-0.015748356968139168
2016-11-29,12350.0,12350.0,12800.0,12700.0,13406.0,12660.0,0.7937,0.007905667695970571,0.007905667695970571
2016-11-30,12850.0,12050.0,12850.0,12250.0,30060.0,12530.0,-3.5433,-0.03607598300442459,-0.03607598300442459
2016-12-01,12350.0,11850.0,12350.0,12000.0,38891.0,12470.0,-2.0408,-0.020619120536082884,-0.020619120536082884
2016-12-02,11900.0,11550.0,11900.0,11800.0,14444.0,12270.0,-1.6667,-0.016807457299489525,-0.016807457299489525
2016-12-05,11600.0,11150.0,11700.0,11300.0,42425.0,12010.0,-4.2373,-0.04329692964713717,-0.04329692964713717
2016-12-06,11200.0,11200.0,11450.0,11400.0,21631.0,11750.0,0.885,0.008811068278549961,0.008811068278549961
2016-12-07,11350.0,10800.0,11400.0,11050.0,46458.0,11510.0,-3.0702,-0.031183180830385224,-0.031183180830385224
2016-12-08,11050.0,11000.0,11500.0,11500.0,22209.0,11410.0,4.0724,0.039916624796746736,0.039916624796746736
2016-12-09,11500.0,11300.0,11850.0,11850.0,19681.0,11420.0,3.0435,0.02998104318237768,0.02998104318237768
2016-12-12,11900.0,11900.0,12450.0,12250.0,36557.0,11610.0,3.3755,0.03319780410343814,0.03319780410343814
2016-12-13,12300.0,12050.0,12350.0,12100.0,15673.0,11750.0,-1.2245,-0.012320587693830997,-0.012320587693830997
2016-12-14,12200.0,12100.0,12350.0,12250.0,13332.0,11990.0,1.2397,0.01232078642881129,0.01232078642881129
2016-12-15,12400.0,12000.0,12500.0,12450.0,41726.0,12180.0,1.6327,0.016195147767263517,0.016195147767263517
2016-12-16,12450.0,12300.0,12550.0,12450.0,12197.0,12300.0,0.0,0.0,0.0
2016-12-19,12500.0,12250.0,12700.0,12650.0,19941.0,12380.0,1.6064,0.015936339298353825,0.015936339298353825
2016-12-20,12600.0,12400.0,12900.0,12550.0,38553.0,12470.0,-0.7905,-0.007936410153515046,-0.007936410153515046
2016-12-21,12550.0,12300.0,12650.0,12500.0,33557.0,12520.0,-0.3984,-0.003991957269539489,-0.003991957269539489
2016-12-22,12650.0,12100.0,12750.0,12300.0,31553.0,12490.0,-1.6,-0.016129381929883644,-0.016129381929883644
2016-12-23,12250.0,12250.0,12500.0,12400.0,24398.0,12480.0,0.813,0.008097129587454798,0.008097129587454798
2016-12-26,12350.0,12200.0,12500.0,12400.0,27198.0,12430.0,0.0,0.0,0.0
2016-12-27,12500.0,12350.0,13950.0,13450.0,297011.0,12610.0,8.4677,0.08128224681968192,0.051513120224080874
2016-12-28,13450.0,13200.0,13900.0,13750.0,100986.0,12860.0,2.2305,0.022059881701082452,0.022059881701082452
2016-12-29,13650.0,13400.0,13900.0,13850.0,34339.0,13170.0,0.7273,0.007246679278853379,0.007246679278853379
2016-12-30,13650.0,13400.0,13900.0,13850.0,34339.0,13170.0,0.0,0.0,0.0
2017-01-02,13900.0,13600.0,13900.0,13850.0,24742.0,13460.0,0.0,0.0,0.0
2017-01-03,14000.0,13700.0,14000.0,14000.0,33260.0,13780.0,1.083,0.010771775553287918,0.010771775553287918
2017-01-04,14000.0,13500.0,14200.0,13500.0,31858.0,13790.0,-3.5714,-0.03636734787462247,-0.03636734787462247
2017-01-05,13400.0,13250.0,13750.0,13700.0,39913.0,13780.0,1.4815,0.014706329871430664,0.014706329871430664
2017-01-06,13600.0,13600.0,13800.0,13700.0,16327.0,13750.0,0.0,0.0,0.0
2017-01-09,13950.0,13500.0,13950.0,13700.0,21431.0,13720.0,0.0,0.0,0.0
2017-01-10,13550.0,13150.0,13600.0,13200.0,37939.0,13560.0,-3.6496,-0.03717863960545651,-0.03717863960545651
2017-01-11,13200.0,13200.0,13850.0,13400.0,81182.0,13540.0,1.5152,0.01503835497636681,0.01503835497636681
2017-01-12,13400.0,13200.0,13500.0,13300.0,28964.0,13460.0,-0.7463,-0.007490987518681147,-0.007490987518681147
2017-01-13,13300.0,13100.0,13500.0,13350.0,38003.0,13390.0,0.3759,0.0037519526147263985,0.0037519526147263985
2017-01-16,13450.0,13350.0,14150.0,13650.0,124174.0,13380.0,2.2472,0.022223224696794296,0.022223224696794296
2017-01-17,13550.0,12900.0,13800.0,12950.0,75032.0,13330.0,-5.1282,-0.05264367943136944,-0.046043938501406846
2017-01-18,13000.0,12800.0,13100.0,12850.0,20969.0,13220.0,-0.7722,-0.0077519690222168204,-0.0077519690222168204
2017-01-19,12700.0,12700.0,13050.0,12800.0,32988.0,13120.0,-0.3891,-0.00389858963440859,-0.00389858963440859
2017-01-20,12850.0,12300.0,12850.0,12300.0,57895.0,12910.0,-3.9063,-0.039846428872538246,-0.039846428872538246
2017-01-23,12200.0,11750.0,12250.0,11800.0,59475.0,12540.0,-4.065,-0.04149930717802891,-0.04149930717802891
2017-01-24,11750.0,11600.0,12050.0,11800.0,73531.0,12310.0,0.0,0.0,0.0
2017-01-25,11850.0,11750.0,12000.0,11800.0,50513.0,12100.0,0.0,0.0,0.0
2017-01-26,11850.0,11800.0,12300.0,12300.0,62471.0,12000.0,4.2373,0.04149984472788446,0.04149984472788446
2017-01-27,11850.0,11800.0,12300.0,12300.0,62471.0,12000.0,0.0,0.0,0.0
2017-01-30,11850.0,11800.0,12300.0,12300.0,62471.0,12000.0,0.0,0.0,0.0
2017-01-31,12200.0,11950.0,12300.0,12050.0,48145.0,11950.0,-2.0325,-0.0205343949728497,-0.0205343949728497
2017-02-01,12100.0,12050.0,12250.0,12150.0,28678.0,12020.0,0.8299,0.008264752648217952,0.008264752648217952
2017-02-02,12150.0,11600.0,12200.0,11750.0,58887.0,12010.0,-3.2922,-0.033476124941089515,-0.033476124941089515
2017-02-03,11800.0,11500.0,11800.0,11600.0,30486.0,11970.0,-1.2766,-0.012848185581298266,-0.012848185581298266
2017-02-06,11700.0,11200.0,11900.0,11450.0,53222.0,11800.0,-1.2931,-0.013015333177573127,-0.013015333177573127
2017-02-07,11350.0,10900.0,11350.0,11000.0,109580.0,11590.0,-3.9301,-0.04009413447465749,-0.04009413447465749
2017-02-08,11050.0,11000.0,11200.0,11100.0,48350.0,11380.0,0.9091,0.0090499256100039,0.0090499256100039
2017-02-09,11150.0,11150.0,11450.0,11400.0,23575.0,11310.0,2.7027,0.02666822076637142,0.02666822076637142
2017-02-10,11400.0,11100.0,11450.0,11300.0,48168.0,11250.0,-0.8772,-0.008810700478617577,-0.008810700478617577
2017-02-13,11300.0,11100.0,11300.0,11150.0,20715.0,11190.0,-1.3274,-0.013362887005050315,-0.013362887005050315
2017-02-14,11150.0,11050.0,11200.0,11150.0,21664.0,11220.0,0.0,0.0,0.0
2017-02-15,11250.0,11050.0,11250.0,11250.0,26911.0,11250.0,0.8969,0.008929017410893289,0.008929017410893289
2017-02-16,11250.0,11100.0,11300.0,11300.0,22723.0,11230.0,0.4444,0.004434154589891639,0.004434154589891639
2017-02-17,11400.0,11150.0,11400.0,11300.0,17459.0,11230.0,0.0,0.0,0.0
2017-02-20,11300.0,11200.0,11500.0,11200.0,46281.0,11240.0,-0.885,-0.008889393845917129,-0.008889393845917129
2017-02-21,11150.0,11150.0,11400.0,11200.0,35395.0,11250.0,0.0,0.0,0.0
2017-02-22,11200.0,11000.0,11250.0,11150.0,47151.0,11230.0,-0.4464,-0.004473993399446605,-0.004473993399446605
2017-02-23,11100.0,10700.0,11150.0,10850.0,97421.0,11140.0,-2.6906,-0.0272745930348819,-0.0272745930348819
2017-02-24,10800.0,10600.0,10850.0,10850.0,47842.0,11050.0,0.0,0.0,0.0
2017-02-27,10800.0,10600.0,10850.0,10650.0,51598.0,10940.0,-1.8433,-0.018605004732459685,-0.018605004732459685
2017-02-28,10650.0,10400.0,10700.0,10450.0,53356.0,10790.0,-1.8779,-0.018957564462378448,-0.018957564462378448
2017-03-01,10650.0,10400.0,10700.0,10450.0,53356.0,10790.0,0.0,0.0,0.0
2017-03-02,10500.0,9950.0,10500.0,10000.0,140409.0,10560.0,-4.3062,-0.04401667541679642,-0.04401667541679642
2017-03-03,10000.0,9700.0,10000.0,9920.0,73538.0,10374.0,-0.8,-0.008032171697264267,-0.008032171697264267
2017-03-06,9800.0,9780.0,10150.0,10150.0,52991.0,10234.0,2.3185,0.022920311284499163,0.022920311284499163
2017-03-07,10100.0,10000.0,10200.0,10050.0,45803.0,10114.0,-0.9852,-0.009900852077262877,-0.009900852077262877
2017-03-08,10050.0,9990.0,10150.0,10100.0,28074.0,10044.0,0.4975,0.004962665579745065,0.004962665579745065
2017-03-09,10100.0,10000.0,10250.0,10250.0,29184.0,10094.0,1.4851,0.014741803688308613,0.014741803688308613
2017-03-10,10250.0,10000.0,10350.0,10300.0,27518.0,10170.0,0.4878,0.004866141107482342,0.004866141107482342
2017-03-13,10300.0,10100.0,10350.0,10350.0,15977.0,10210.0,0.4854,0.004842257325962054,0.004842257325962054
2017-03-14,10350.0,10250.0,10400.0,10300.0,16038.0,10260.0,-0.4831,-0.004842707000063273,-0.004842707000063273
2017-03-15,10300.0,10150.0,10800.0,10550.0,93480.0,10350.0,2.4272,0.023982116345241757,0.023982116345241757
2017-03-16,10550.0,10400.0,10650.0,10600.0,30958.0,10420.0,0.4739,0.004727806290229547,0.004727806290229547
2017-03-17,10600.0,10550.0,10900.0,10850.0,67731.0,10530.0,2.3585,0.023311171034341435,0.023311171034341435
2017-03-20,10850.0,10600.0,10850.0,10650.0,25046.0,10590.0,-1.8433,-0.018605004732459685,-0.018605004732459685
2017-03-21,10650.0,10350.0,10650.0,10400.0,25166.0,10610.0,-2.3474,-0.02375390331581613,-0.02375390331581613
2017-03-22,10400.0,10300.0,10550.0,10500.0,12754.0,10600.0,0.9615,0.009569070063697121,0.009569070063697121
2017-03-23,10650.0,10200.0,10700.0,10450.0,53129.0,10570.0,-0.4762,-0.004773374446442204,-0.004773374446442204
2017-03-24,10450.0,10150.0,10450.0,10300.0,26597.0,10460.0,-1.4354,-0.014458015214067163,-0.014458015214067163
2017-03-27,10300.0,10150.0,10450.0,10350.0,12041.0,10400.0,0.4854,0.004842257325962054,0.004842257325962054
2017-03-28,10300.0,10200.0,10500.0,10300.0,17038.0,10380.0,-0.4831,-0.004842707000063273,-0.004842707000063273
2017-03-29,10350.0,10150.0,10450.0,10250.0,24848.0,10330.0,-0.4854,-0.004865818919534331,-0.004865818919534331
2017-03-30,10300.0,9990.0,10300.0,10050.0,50740.0,10250.0,-1.9512,-0.01970487207437708,-0.01970487207437708
2017-03-31,10100.0,10000.0,10150.0,10100.0,29676.0,10210.0,0.4975,0.004962665579745065,0.004962665579745065
2017-04-03,10100.0,9990.0,10200.0,10200.0,46808.0,10180.0,0.9901,0.009852306246933088,0.009852306246933088
2017-04-04,10250.0,10000.0,10250.0,10250.0,59819.0,10170.0,0.4902,0.004890024318581232,0.004890024318581232
2017-04-05,10150.0,10150.0,10400.0,10350.0,45804.0,10190.0,0.9756,0.009708717508598837,0.009708717508598837
2017-04-06,10400.0,10300.0,10650.0,10650.0,90510.0,10310.0,2.8986,0.028573851317180772,0.028573851317180772
2017-04-07,10750.0,10500.0,10750.0,10700.0,43777.0,10430.0,0.4695,0.004684012863814759,0.004684012863814759
2017-04-10,10650.0,10100.0,10750.0,10200.0,57146.0,10430.0,-4.6729,-0.047856050589400255,-0.046043938501406846
2017-04-11,10150.0,10000.0,10350.0,10250.0,41739.0,10430.0,0.4902,0.004890024318581232,0.004890024318581232
2017-04-12,10150.0,10150.0,10500.0,10300.0,27993.0,10420.0,0.4878,0.004866141107482342,0.004866141107482342
2017-04-13,10400.0,10350.0,12250.0,11250.0,551431.0,10540.0,9.2233,0.08822422452595013,0.051513120224080874
2017-04-14,11100.0,11050.0,12200.0,11850.0,405845.0,10770.0,5.3333,0.05195942247496485,0.051513120224080874
2017-04-17,11850.0,11550.0,12100.0,11850.0,124440.0,11100.0,0.0,0.0,0.0
2017-04-18,11900.0,11450.0,12100.0,11900.0,148720.0,11430.0,0.4219,0.004210124973235218,0.004210124973235218
2017-04-19,11800.0,11550.0,12100.0,11900.0,102097.0,11750.0,0.0,0.0,0.0
2017-04-20,11900.0,11250.0,12000.0,11350.0,104532.0,11770.0,-4.6218,-0.04732014517698671,-0.046043938501406846
2017-04-21,11500.0,11250.0,11550.0,11450.0,47279.0,11690.0,0.8811,0.008772409653533193,0.008772409653533193
2017-04-24,11400.0,11000.0,11550.0,11000.0,58050.0,11520.0,-3.9301,-0.04009413447465749,-0.04009413447465749
2017-04-25,11050.0,11050.0,11250.0,11250.0,22081.0,11390.0,2.2727,0.022472589185356315,0.022472589185356315
2017-04-26,11300.0,11250.0,11650.0,11400.0,42514.0,11290.0,1.3333,0.013244897802598153,0.013244897802598153
2017-04-27,11450.0,11000.0,11450.0,11100.0,60277.0,11240.0,-2.6316,-0.026668463298400922,-0.026668463298400922
2017-04-28,11100.0,11050.0,11250.0,11200.0,35181.0,11190.0,0.9009,0.008968661054188982,0.008968661054188982
2017-05-01,11100.0,11050.0,11250.0,11200.0,35181.0,11190.0,0.0,0.0,0.0
2017-05-02,11250.0,11200.0,11400.0,11250.0,26708.0,11240.0,0.4464,0.004454065904895404,0.004454065904895404
2017-05-03,11250.0,11200.0,11400.0,11250.0,26708.0,11240.0,0.0,0.0,0.0
2017-05-04,11250.0,11250.0,11800.0,11600.0,54063.0,11310.0,3.1111,0.030636861703263435,0.030636861703263435
2017-05-05,11250.0,11250.0,11800.0,11600.0,54063.0,11310.0,0.0,0.0,0.0
2017-05-08,11500.0,11400.0,11600.0,11550.0,28177.0,11340.0,-0.431,-0.004319314824230099,-0.004319314824230099
2017-05-09,11500.0,11400.0,11600.0,11550.0,28177.0,11340.0,0.0,0.0,0.0
2017-05-10,11550.0,11300.0,11600.0,11550.0,70344.0,11430.0,0.0,0.0,0.0
2017-05-11,11500.0,10800.0,11550.0,10850.0,250478.0,11360.0,-6.0606,-0.06252029246520709,-0.046043938501406846
2017-05-12,10950.0,10400.0,10950.0,10550.0,205251.0,11220.0,-2.765,-0.02803945703124573,-0.02803945703124573
2017-05-15,10450.0,10350.0,11100.0,10650.0,346354.0,11030.0,0.9479,0.009434356176968134,0.009434356176968134
2017-05-16,10550.0,10350.0,10650.0,10500.0,108881.0,10820.0,-1.4085,-0.014185134992081447,-0.014185134992081447
2017-05-17,10450.0,10350.0,10550.0,10550.0,59916.0,10620.0,0.4762,0.004750697545323114,0.004750697545323114
2017-05-18,10400.0,10150.0,10450.0,10200.0,101627.0,10490.0,-3.3175,-0.03373777198485882,-0.03373777198485882
2017-05-19,10200.0,10000.0,10300.0,10200.0,95845.0,10420.0,0.0,0.0,0.0
2017-05-22,10200.0,9970.0,10350.0,9970.0,118217.0,10284.0,-2.2549,-0.022807116256298138,-0.022807116256298138
2017-05-23,9960.0,9940.0,10100.0,9980.0,56054.0,10180.0,0.1003,0.0010024973315896188,0.0010024973315896188
2017-05-24,10100.0,10000.0,10400.0,10350.0,53259.0,10140.0,3.7074,0.036403286392826216,0.036403286392826216
2017-05-25,10250.0,10050.0,10350.0,10100.0,53949.0,10120.0,-2.4155,-0.024451516656332092,-0.024451516656332092
2017-05-26,10150.0,10050.0,10300.0,10200.0,40572.0,10120.0,0.9901,0.009852306246933088,0.009852306246933088
2017-05-29,10200.0,10000.0,10300.0,10050.0,30482.0,10136.0,-1.4706,-0.014815205188132839,-0.014815205188132839
2017-05-30,10050.0,9980.0,10150.0,10000.0,64861.0,10140.0,-0.4975,-0.004987416511046837,-0.004987416511046837
2017-05-31,10000.0,9970.0,10150.0,10100.0,57303.0,10090.0,1.0,0.009950330853168092,0.009950330853168092
2017-06-01,10150.0,9990.0,10200.0,10100.0,56184.0,10090.0,0.0,0.0,0.0
2017-06-02,10100.0,9990.0,10100.0,10050.0,46474.0,10060.0,-0.495,-0.004962291829814967,-0.004962291829814967
2017-06-05,10050.0,9980.0,10150.0,10000.0,46536.0,10050.0,-0.4975,-0.004987416511046837,-0.004987416511046837
2017-06-06,10050.0,9980.0,10150.0,10000.0,46536.0,10050.0,0.0,0.0,0.0
2017-06-07,10000.0,9940.0,10100.0,9940.0,63547.0,10038.0,-0.6,-0.006018072325563021,-0.006018072325563021
2017-06-08,9940.0,9760.0,9990.0,9790.0,99138.0,9976.0,-1.5091,-0.015206027864679828,-0.015206027864679828
2017-06-09,9800.0,9750.0,10050.0,10050.0,45175.0,9966.0,2.6558,0.026211458559641382,0.026211458559641382
2017-06-12,10000.0,9820.0,10000.0,9880.0,53330.0,9932.0,-1.6915,-0.017059692583457523,-0.017059692583457523
2017-06-13,9900.0,9790.0,9980.0,9870.0,28959.0,9906.0,-0.1012,-0.0010125124177403524,-0.0010125124177403524
2017-06-14,9910.0,9820.0,9910.0,9860.0,22368.0,9890.0,-0.1013,-0.0010135134312665767,-0.0010135134312665767
2017-06-15,9900.0,9610.0,9900.0,9730.0,97667.0,9878.0,-1.3185,-0.013272693793903103,-0.013272693793903103
2017-06-16,9800.0,9670.0,9930.0,9930.0,81173.0,9854.0,2.0555,0.020346596964907697,0.020346596964907697
2017-06-19,9940.0,9910.0,10200.0,10150.0,86857.0,9908.0,2.2155,0.02191314368686917,0.02191314368686917
2017-06-20,10150.0,9960.0,10150.0,9960.0,49551.0,9926.0,-1.8719,-0.018896418027858998,-0.018896418027858998
2017-06-21,10150.0,9930.0,10150.0,10000.0,31804.0,9954.0,0.4016,0.0040079573975367894,0.0040079573975367894
2017-06-22,10050.0,9770.0,10100.0,9900.0,38567.0,9988.0,-1.0,-0.01005033585350145,-0.01005033585350145
2017-06-23,9900.0,9630.0,9950.0,9650.0,81309.0,9932.0,-2.5253,-0.025577328836400386,-0.025577328836400386
2017-06-26,9570.0,9240.0,9640.0,9280.0,120452.0,9758.0,-3.8342,-0.03909640088037207,-0.03909640088037207
2017-06-27,9200.0,9100.0,9270.0,9140.0,66364.0,9594.0,-1.5086,-0.015200951266427159,-0.015200951266427159
2017-06-28,9110.0,9010.0,9330.0,9150.0,56243.0,9424.0,0.1094,0.001093402018088332,0.001093402018088332
2017-06-29,9150.0,9110.0,9580.0,9200.0,112592.0,9284.0,0.5464,0.0054491265065806605,0.0054491265065806605
2017-06-30,9250.0,9130.0,9310.0,9220.0,39333.0,9198.0,0.2174,0.002171640281399847,0.002171640281399847
2017-07-03,9230.0,9070.0,9230.0,9070.0,28865.0,9156.0,-1.6269,-0.016402793287102382,-0.016402793287102382
2017-07-04,9080.0,9020.0,9140.0,9030.0,33121.0,9134.0,-0.441,-0.004419752733599002,-0.004419752733599002
2017-07-05,8970.0,8970.0,9100.0,9080.0,21278.0,9120.0,0.5537,0.005521727166681829,0.005521727166681829
2017-07-06,9070.0,9070.0,9270.0,9150.0,40777.0,9110.0,0.7709,0.007679437493869073,0.007679437493869073
2017-07-07,9150.0,9030.0,9150.0,9120.0,24353.0,9090.0,-0.3279,-0.003284387701238786,-0.003284387701238786
2017-07-10,9120.0,8860.0,9120.0,8870.0,25375.0,9050.0,-2.7412,-0.02779471915149027,-0.02779471915149027
2017-07-11,8830.0,8370.0,8840.0,8370.0,94546.0,8918.0,-5.637,-0.05802113882132471,-0.046043938501406846
2017-07-12,8370.0,8240.0,8530.0,8340.0,61832.0,8770.0,-0.3584,-0.0035904379149277552,-0.0035904379149277552
2017-07-13,8330.0,8210.0,8350.0,8250.0,35883.0,8590.0,-1.0791,-0.010849645115043646,-0.010849645115043646
2017-07-14,8160.0,7850.0,8240.0,7870.0,290527.0,8340.0,-4.6061,-0.047155550877972956,-0.046043938501406846
2017-07-17,7800.0,7790.0,8550.0,8300.0,87241.0,8226.0,5.4638,0.05319758008407557,0.051513120224080874
2017-07-18,8290.0,8000.0,8290.0,8020.0,38720.0,8156.0,-3.3735,-0.034317155268270665,-0.034317155268270665
2017-07-19,8080.0,8000.0,8190.0,8100.0,29944.0,8108.0,0.9975,0.009925578071573054,0.009925578071573054
2017-07-20,8060.0,8060.0,8510.0,8430.0,103467.0,8144.0,4.0741,0.039932959445660186,0.039932959445660186
2017-07-21,8460.0,8350.0,8530.0,8470.0,40119.0,8264.0,0.4745,0.004733777972512131,0.004733777972512131
2017-07-24,8370.0,8250.0,8460.0,8320.0,29203.0,8268.0,-1.771,-0.01786869854248315,-0.01786869854248315
2017-07-25,8330.0,8150.0,8380.0,8170.0,35607.0,8298.0,-1.8029,-0.018193502631964578,-0.018193502631964578
2017-07-26,8180.0,7960.0,8210.0,7980.0,29068.0,8274.0,-2.3256,-0.02353068788640279,-0.02353068788640279
2017-07-27,8020.0,7910.0,8040.0,7950.0,22996.0,8178.0,-0.3759,-0.0037660827955568223,-0.0037660827955568223
2017-07-28,8000.0,7610.0,8000.0,7640.0,54083.0,8012.0,-3.8994,-0.03977462653497711,-0.03977462653497711
2017-07-31,7600.0,7380.0,7720.0,7390.0,50646.0,7826.0,-3.2723,-0.033270371601395406,-0.033270371601395406
2017-08-01,7310.0,7310.0,7780.0,7680.0,33009.0,7728.0,3.9242,0.038491601261948144,0.038491601261948144
2017-08-02,7600.0,7600.0,7850.0,7770.0,27660.0,7686.0,1.1719,0.011650864324191882,0.011650864324191882
2017-08-03,7820.0,7580.0,7820.0,7630.0,25823.0,7622.0,-1.8018,-0.01818230073456673,-0.01818230073456673
2017-08-04,7610.0,7550.0,7750.0,7700.0,26283.0,7634.0,0.9174,0.009132174472315683,0.009132174472315683
2017-08-07,7690.0,7660.0,7860.0,7710.0,28064.0,7698.0,0.1299,0.0012981570294334805,0.0012981570294334805
2017-08-08,7700.0,7680.0,7750.0,7710.0,11308.0,7704.0,0.0,0.0,0.0
2017-08-09,7630.0,7510.0,7720.0,7520.0,28535.0,7654.0,-2.4643,-0.024951721156096767,-0.024951721156096767
2017-08-10,7510.0,7450.0,7630.0,7550.0,20105.0,7638.0,0.3989,0.0039810650342193415,0.0039810650342193415
2017-08-11,7380.0,7260.0,7550.0,7300.0,29267.0,7558.0,-3.3113,-0.03367364661353025,-0.03367364661353025
2017-08-14,7290.0,7190.0,8410.0,7470.0,347877.0,7510.0,2.3288,0.02302097227546942,0.02302097227546942
2017-08-15,7290.0,7190.0,8410.0,7470.0,347877.0,7510.0,0.0,0.0,0.0
2017-08-16,7520.0,7150.0,7530.0,7160.0,56389.0,7400.0,-4.1499,-0.042384673200164105,-0.042384673200164105
2017-08-17,7170.0,7030.0,7170.0,7040.0,39080.0,7304.0,-1.676,-0.01690203807535631,-0.01690203807535631
2017-08-18,7020.0,7010.0,7270.0,7270.0,30556.0,7248.0,3.267,0.03214768121031817,0.03214768121031817
2017-08-21,7270.0,7230.0,7320.0,7260.0,7215.0,7240.0,-0.1376,-0.0013769475573257085,-0.0013769475573257085
2017-08-22,7270.0,7270.0,8430.0,7820.0,409489.0,7310.0,7.7135,0.07430473850823865,0.051513120224080874
2017-08-23,7700.0,7630.0,7830.0,7630.0,38926.0,7404.0,-2.4297,-0.024597042157370835,-0.024597042157370835
2017-08-24,7650.0,7580.0,7980.0,7900.0,43359.0,7576.0,3.5387,0.0347752698727495,0.0347752698727495
2017-08-25,7870.0,7790.0,7930.0,7900.0,26905.0,7702.0,0.0,0.0,0.0
2017-08-28,7900.0,7820.0,8230.0,7980.0,51921.0,7846.0,1.0127,0.010076065522490666,0.010076065522490666
2017-08-29,7960.0,7900.0,8060.0,7940.0,32924.0,7870.0,-0.5013,-0.005025607235529617,-0.005025607235529617
2017-08-30,8000.0,7710.0,8000.0,7810.0,22538.0,7906.0,-1.6373,-0.01650851883384768,-0.01650851883384768
2017-08-31,7880.0,7800.0,7890.0,7890.0,16358.0,7904.0,1.0243,0.01019089597446478,0.01019089597446478
2017-09-01,7900.0,7880.0,8110.0,8090.0,20744.0,7942.0,2.5349,0.025033042442431423,0.025033042442431423
2017-09-04,7950.0,7840.0,7990.0,7950.0,21372.0,7936.0,-1.7305,-0.017456481649494263,-0.017456481649494263
2017-09-05,8000.0,7720.0,8040.0,7760.0,23656.0,7900.0,-2.3899,-0.024189214316546238,-0.024189214316546238
2017-09-06,7670.0,7670.0,8030.0,7780.0,12898.0,7894.0,0.2577,0.002573685229055259,0.002573685229055259
2017-09-07,7720.0,7720.0,7880.0,7810.0,4586.0,7878.0,0.3856,0.0038485846881822095,0.0038485846881822095
2017-09-08,7920.0,7600.0,7920.0,7600.0,26862.0,7780.0,-2.6889,-0.02725712313833928,-0.02725712313833928
2017-09-11,7600.0,7490.0,7650.0,7500.0,12527.0,7690.0,-1.3158,-0.013245333416692998,-0.013245333416692998
2017-09-12,7510.0,7500.0,8540.0,7850.0,305897.0,7708.0,4.6667,0.045610829723339186,0.045610829723339186
2017-09-13,7850.0,7830.0,8030.0,7850.0,54258.0,7722.0,0.0,0.0,0.0
2017-09-14,8050.0,7760.0,8050.0,7760.0,31824.0,7712.0,-1.1465,-0.011531229815684992,-0.011531229815684992
2017-09-15,7670.0,7520.0,7780.0,7520.0,39109.0,7696.0,-3.0928,-0.031416366446159326,-0.031416366446159326
2017-09-18,7550.0,7390.0,7550.0,7490.0,22351.0,7694.0,-0.3989,-0.003996977281818482,-0.003996977281818482
2017-09-19,7460.0,7450.0,7610.0,7510.0,13253.0,7626.0,0.267,0.0026664418820427247,0.0026664418820427247
2017-09-20,7510.0,7400.0,7750.0,7400.0,17224.0,7536.0,-1.4647,-0.014755326376739769,-0.014755326376739769
2017-09-21,7320.0,7220.0,7530.0,7220.0,27647.0,7428.0,-2.4324,-0.02462471489547217,-0.02462471489547217
2017-09-22,7130.0,6800.0,7370.0,6910.0,45030.0,7306.0,-4.2936,-0.04388501411217701,-0.04388501411217701
2017-09-25,6770.0,6600.0,7190.0,6600.0,54706.0,7128.0,-4.4863,-0.04590049329278048,-0.04590049329278048
2017-09-26,6380.0,6380.0,6760.0,6670.0,28678.0,6960.0,1.0606,0.010550150925135593,0.010550150925135593
2017-09-27,6630.0,6630.0,6770.0,6630.0,11668.0,6806.0,-0.5997,-0.0060150542214656155,-0.0060150542214656155
2017-09-28,6640.0,6570.0,6720.0,6600.0,19239.0,6682.0,-0.4525,-0.004535268801761373,-0.004535268801761373
2017-09-29,6620.0,6450.0,6750.0,6450.0,35330.0,6590.0,-2.2727,-0.02298923915497029,-0.02298923915497029
2017-10-02,6620.0,6450.0,6750.0,6450.0,35330.0,6590.0,0.0,0.0,0.0
2017-10-03,6620.0,6450.0,6750.0,6450.0,35330.0,6590.0,0.0,0.0,0.0
2017-10-04,6620.0,6450.0,6750.0,6450.0,35330.0,6590.0,0.0,0.0,0.0
2017-10-05,6620.0,6450.0,6750.0,6450.0,35330.0,6590.0,0.0,0.0,0.0
2017-10-06,6620.0,6450.0,6750.0,6450.0,35330.0,6590.0,0.0,0.0,0.0
2017-10-09,6620.0,6450.0,6750.0,6450.0,35330.0,6590.0,0.0,0.0,0.0
2017-10-10,6540.0,6260.0,6550.0,6300.0,27366.0,6530.0,-2.3256,-0.02353068788640279,-0.02353068788640279
2017-10-11,6290.0,6290.0,6630.0,6580.0,19155.0,6512.0,4.4444,0.04348468640773333,0.04348468640773333
2017-10-12,6590.0,6460.0,6600.0,6570.0,11953.0,6500.0,-0.152,-0.0015211563719387442,-0.0015211563719387442
2017-10-13,6560.0,6250.0,6630.0,6320.0,28849.0,6444.0,-3.8052,-0.03879488383145762,-0.03879488383145762
2017-10-16,6410.0,6210.0,6420.0,6330.0,9350.0,6420.0,0.1582,0.0015807499562058341,0.0015807499562058341
2017-10-17,6320.0,6320.0,6570.0,6490.0,16786.0,6458.0,2.5276,0.024961844636854268,0.024961844636854268
2017-10-18,6560.0,6280.0,6560.0,6330.0,15544.0,6408.0,-2.4653,-0.024961973864862583,-0.024961973864862583
2017-10-19,6320.0,6250.0,6480.0,6360.0,19714.0,6366.0,0.4739,0.004727806290229547,0.004727806290229547
2017-10-20,6360.0,6310.0,6590.0,6490.0,9606.0,6400.0,2.044,0.020233906830809584,0.020233906830809584
2017-10-23,6580.0,6490.0,6740.0,6730.0,20984.0,6480.0,3.698,0.0363126426583194,0.0363126426583194
2017-10-24,6720.0,6640.0,6780.0,6730.0,9863.0,6528.0,0.0,0.0,0.0
2017-10-25,6730.0,6710.0,6790.0,6720.0,12148.0,6606.0,-0.1486,-0.001487105193013556,-0.001487105193013556
2017-10-26,6750.0,6640.0,6760.0,6700.0,6861.0,6674.0,-0.2976,-0.0029804370933799082,-0.0029804370933799082
2017-10-27,6700.0,6560.0,6710.0,6660.0,8992.0,6708.0,-0.597,-0.005987891694483761,-0.005987891694483761
2017-10-30,6710.0,6630.0,6890.0,6870.0,26693.0,6736.0,3.1532,0.03104507583032859,0.03104507583032859
2017-10-31,6860.0,6700.0,6880.0,6800.0,21384.0,6750.0,-1.0189,-0.010241263169870672,-0.010241263169870672
2017-11-01,6800.0,6680.0,6930.0,6830.0,16145.0,6772.0,0.4412,0.004402295661225257,0.004402295661225257
2017-11-02,6880.0,6790.0,6890.0,6800.0,10788.0,6792.0,-0.4392,-0.004401673165418877,-0.004401673165418877
2017-11-03,6880.0,6690.0,6880.0,6790.0,9642.0,6818.0,-0.1471,-0.0014720829826753016,-0.0014720829826753016
2017-11-06,6790.0,6650.0,6810.0,6770.0,18275.0,6798.0,-0.2946,-0.0029503479995709016,-0.0029503479995709016
2017-11-07,6780.0,6740.0,6890.0,6890.0,14438.0,6816.0,1.7725,0.017569744110059585,0.017569744110059585
2017-11-08,6900.0,6900.0,7950.0,7270.0,842652.0,6904.0,5.5152,0.053684832379488276,0.051513120224080874
2017-11-09,7330.0,7120.0,7400.0,7220.0,86769.0,6988.0,-0.6878,-0.006901762463497682,-0.006901762463497682
2017-11-10,7230.0,7230.0,7780.0,7500.0,229075.0,7130.0,3.8781,0.03804791030418414,0.03804791030418414
2017-11-13,7550.0,7430.0,7910.0,7840.0,120941.0,7344.0,4.5333,0.04433549494244993,0.04433549494244993
2017-11-14,7870.0,7660.0,7930.0,7680.0,91759.0,7502.0,-2.0408,-0.020619120536082884,-0.020619120536082884
2017-11-15,7690.0,7240.0,7750.0,7400.0,81914.0,7528.0,-3.6458,-0.03713920100357061,-0.03713920100357061
2017-11-16,7380.0,7260.0,7450.0,7300.0,48621.0,7544.0,-1.3514,-0.013606145206585181,-0.013606145206585181
2017-11-17,7270.0,7270.0,7660.0,7600.0,44602.0,7564.0,4.1096,0.04027400440109233,0.04027400440109233
2017-11-20,7600.0,7460.0,7650.0,7460.0,38783.0,7488.0,-1.8421,-0.018592779457314423,-0.018592779457314423
2017-11-21,7470.0,7340.0,7680.0,7680.0,40195.0,7488.0,2.9491,0.029064505339675247,0.029064505339675247
2017-11-22,7740.0,7680.0,9070.0,8420.0,820465.0,7692.0,9.6354,0.09199012907564068,0.051513120224080874
2017-11-23,8370.0,8190.0,8750.0,8600.0,112924.0,7952.0,2.1378,0.02115269593540765,0.02115269593540765
2017-11-24,8790.0,8610.0,9220.0,8780.0,223188.0,8188.0,2.093,0.020713976597104392,0.020713976597104392
2017-11-27,8780.0,8350.0,8800.0,8420.0,86305.0,8380.0,-4.1002,-0.041866289606608625,-0.041866289606608625
2017-11-28,8420.0,8180.0,8820.0,8680.0,83225.0,8580.0,3.0879,0.030411836362714762,0.030411836362714762
2017-11-29,8600.0,8500.0,8690.0,8610.0,30220.0,8618.0,-0.8065,-0.008097698037616384,-0.008097698037616384
2017-11-30,8610.0,8220.0,8620.0,8220.0,39867.0,8542.0,-4.5296,-0.04635393418908448,-0.046043938501406846
2017-12-01,8220.0,8170.0,8550.0,8280.0,12092.0,8442.0,0.7299,0.007272491213101749,0.007272491213101749
2017-12-04,8280.0,8280.0,8970.0,8780.0,171428.0,8514.0,6.0386,0.058632992780509055,0.051513120224080874
2017-12-05,8740.0,8510.0,8740.0,8610.0,61476.0,8500.0,-1.9362,-0.019551898731213515,-0.019551898731213515
2017-12-06,8650.0,8470.0,9110.0,8470.0,89056.0,8472.0,-1.626,-0.016393644486433923,-0.016393644486433923
2017-12-07,8490.0,8010.0,8520.0,8140.0,85405.0,8456.0,-3.8961,-0.0397402881089744,-0.0397402881089744
2017-12-08,8140.0,7920.0,8340.0,7920.0,30348.0,8384.0,-2.7027,-0.027398946410337074,-0.027398946410337074
2017-12-11,7920.0,7910.0,8130.0,8010.0,31949.0,8230.0,1.1364,0.011299914804430456,0.011299914804430456
2017-12-12,8020.0,7810.0,8180.0,8140.0,33500.0,8136.0,1.623,0.01609970148942368,0.01609970148942368
2017-12-13,8150.0,8110.0,8480.0,8360.0,38618.0,8114.0,2.7027,0.02666822076637142,0.02666822076637142
2017-12-14,8350.0,7930.0,8540.0,7960.0,73946.0,8078.0,-4.7847,-0.04902954281821471,-0.046043938501406846
2017-12-15,7960.0,7630.0,8030.0,7730.0,72334.0,8040.0,-2.8894,-0.029319650840520465,-0.029319650840520465
2017-12-18,7640.0,7390.0,7690.0,7450.0,74828.0,7928.0,-3.6223,-0.03689533893282407,-0.03689533893282407
2017-12-19,7420.0,7110.0,7490.0,7270.0,46394.0,7754.0,-2.4161,-0.024457665192672985,-0.024457665192672985
2017-12-20,7270.0,7050.0,7530.0,7050.0,63158.0,7492.0,-3.0261,-0.03072831585606686,-0.03072831585606686
2017-12-21,7070.0,7020.0,7190.0,7050.0,35555.0,7310.0,0.0,0.0,0.0
2017-12-22,7140.0,7020.0,7290.0,7170.0,17154.0,7198.0,1.7021,0.01687776582078748,0.01687776582078748
2017-12-26,7200.0,7010.0,7200.0,7020.0,25859.0,7112.0,-2.0921,-0.02114294512094706,-0.02114294512094706
2017-12-27,7090.0,7010.0,7190.0,7070.0,28947.0,7072.0,0.7123,0.007097751262438197,0.007097751262438197
2017-12-28,7080.0,7080.0,7550.0,7500.0,47500.0,7162.0,6.082,0.059042193967056705,0.051513120224080874
2017-12-29,7080.0,7080.0,7550.0,7500.0,47500.0,7162.0,0.0,0.0,0.0
2018-01-02,7480.0,7300.0,7630.0,7630.0,39239.0,7278.0,1.7333,0.017184497100049864,0.017184497100049864
2018-01-03,7620.0,7480.0,7790.0,7700.0,35086.0,7384.0,0.9174,0.009132174472315683,0.009132174472315683
2018-01-04,7720.0,7560.0,7720.0,7600.0,32111.0,7500.0,-1.2987,-0.01307206840945809,-0.01307206840945809
2018-01-05,7600.0,7410.0,7620.0,7520.0,24216.0,7590.0,-1.0526,-0.010581790181651732,-0.010581790181651732
2018-01-08,7530.0,7300.0,7530.0,7460.0,39723.0,7582.0,-0.7979,-0.008011002566493137,-0.008011002566493137
2018-01-09,7450.0,7380.0,8080.0,8000.0,138363.0,7656.0,7.2386,0.06988607246416499,0.051513120224080874
2018-01-10,7990.0,7770.0,8000.0,7860.0,59660.0,7688.0,-1.75,-0.01765493523872071,-0.01765493523872071
2018-01-11,8000.0,7690.0,8000.0,7690.0,49361.0,7706.0,-2.1628,-0.021865313170766596,-0.021865313170766596
2018-01-12,7670.0,7440.0,7720.0,7460.0,49858.0,7694.0,-2.9909,-0.03036539745201753,-0.03036539745201753
2018-01-15,7440.0,7320.0,7540.0,7320.0,36101.0,7666.0,-1.8767,-0.01894533487635996,-0.01894533487635996
2018-01-16,7340.0,7310.0,7500.0,7500.0,41269.0,7566.0,2.459,0.024292532569031657,0.024292532569031657
2018-01-17,7490.0,7480.0,7660.0,7660.0,24245.0,7526.0,2.1333,0.02110863683942478,0.02110863683942478
2018-01-18,7660.0,7550.0,7800.0,7800.0,40703.0,7548.0,1.8277,0.018111983276352328,0.018111983276352328
2018-01-19,7760.0,7530.0,7790.0,7530.0,53083.0,7562.0,-3.4615,-0.03522829347744866,-0.03522829347744866
2018-01-22,7530.0,7500.0,7730.0,7730.0,31726.0,7644.0,2.656,0.02621340681590316,0.02621340681590316
2018-01-23,7750.0,7740.0,7960.0,7770.0,36839.0,7698.0,0.5175,0.0051616557055167035,0.0051616557055167035
2018-01-24,7780.0,7690.0,7910.0,7910.0,37741.0,7748.0,1.8018,0.01785759970089132,0.01785759970089132
2018-01-25,7900.0,7830.0,8040.0,7930.0,60849.0,7774.0,0.2528,0.0025248099831108126,0.0025248099831108126
2018-01-26,7950.0,7950.0,8070.0,8000.0,43572.0,7868.0,0.8827,0.008788269783051323,0.008788269783051323
2018-01-29,8010.0,7870.0,8010.0,7870.0,38146.0,7896.0,-1.625,-0.016383479250524056,-0.016383479250524056
2018-01-30,8070.0,7700.0,8070.0,7730.0,42043.0,7888.0,-1.7789,-0.017949126091303575,-0.017949126091303575
2018-01-31,7710.0,7610.0,8330.0,8250.0,220315.0,7956.0,6.727,0.06510398623204568,0.051513120224080874
2018-02-01,8290.0,8070.0,8390.0,8190.0,70543.0,8008.0,-0.7273,-0.007299577206923997,-0.007299577206923997
2018-02-02,8170.0,7660.0,8170.0,7700.0,164188.0,7948.0,-5.9829,-0.0616935053689783,-0.046043938501406846
2018-02-05,7560.0,7260.0,7600.0,7260.0,58964.0,7826.0,-5.7143,-0.05884065153809638,-0.046043938501406846
2018-02-06,7120.0,6750.0,7120.0,7000.0,75713.0,7680.0,-3.5813,-0.036470019781449196,-0.036470019781449196
2018-02-07,7080.0,6920.0,7140.0,6920.0,38594.0,7414.0,-1.1429,-0.011494812951840664,-0.011494812951840664
2018-02-08,6940.0,6900.0,7200.0,7200.0,19998.0,7216.0,4.0462,0.03966484528123581,0.03966484528123581
2018-02-09,7000.0,6900.0,7030.0,6960.0,29003.0,7068.0,-3.3333,-0.033901206848154654,-0.033901206848154654
2018-02-12,6960.0,6900.0,7100.0,6960.0,26649.0,7008.0,0.0,0.0,0.0
2018-02-13,6950.0,6930.0,7040.0,6980.0,13667.0,7004.0,0.2874,0.0028698779579439857,0.0028698779579439857
2018-02-14,7000.0,7000.0,7350.0,7300.0,57381.0,7080.0,4.5845,0.044825171106057785,0.044825171106057785
2018-02-15,7000.0,7000.0,7350.0,7300.0,57381.0,7080.0,0.0,0.0,0.0
2018-02-16,7000.0,7000.0,7350.0,7300.0,57381.0,7080.0,0.0,0.0,0.0
2018-02-19,7300.0,7250.0,7340.0,7250.0,16409.0,7090.0,-0.6849,-0.006872562046433041,-0.006872562046433041
2018-02-20,7260.0,7170.0,7270.0,7170.0,15209.0,7132.0,-1.1034,-0.011095326110124735,-0.011095326110124735
2018-02-21,7160.0,7130.0,7400.0,7290.0,27195.0,7198.0,1.6736,0.01659749634723144,0.01659749634723144
2018-02-22,7290.0,7180.0,7300.0,7180.0,10347.0,7238.0,-1.5089,-0.01520399722228616,-0.01520399722228616
2018-02-23,7170.0,7170.0,7200.0,7190.0,9665.0,7216.0,0.1393,0.0013920306755748422,0.0013920306755748422
2018-02-26,7230.0,7110.0,7240.0,7200.0,9644.0,7206.0,0.1391,0.001390033455704843,0.001390033455704843
2018-02-27,7190.0,7050.0,7250.0,7050.0,19975.0,7182.0,-2.0833,-0.021053068772358362,-0.021053068772358362
2018-02-28,6980.0,6980.0,7070.0,7010.0,18563.0,7126.0,-0.5674,-0.005690158288406926,-0.005690158288406926
2018-03-01,6980.0,6980.0,7070.0,7010.0,18563.0,7126.0,0.0,0.0,0.0
2018-03-02,6980.0,6750.0,6980.0,6750.0,34680.0,7040.0,-3.709,-0.037795329495402444,-0.037795329495402444
2018-03-05,6850.0,6730.0,6870.0,6730.0,9375.0,6948.0,-0.2963,-0.002967398374905284,-0.002967398374905284
2018-03-06,6740.0,6700.0,6970.0,6860.0,10927.0,6880.0,1.9316,0.019131814116025624,0.019131814116025624
2018-03-07,7000.0,6640.0,7090.0,6810.0,36170.0,6832.0,-0.7289,-0.007315694557352832,-0.007315694557352832
2018-03-08,6800.0,6730.0,6850.0,6830.0,8561.0,6796.0,0.2937,0.0029326954417653833,0.0029326954417653833
2018-03-09,6830.0,6810.0,6870.0,6830.0,12013.0,6812.0,0.0,0.0,0.0
2018-03-12,6900.0,6830.0,7090.0,6940.0,11257.0,6854.0,1.6105,0.015976690273105946,0.015976690273105946
2018-03-13,6930.0,6880.0,6990.0,6940.0,7096.0,6870.0,0.0,0.0,0.0
2018-03-14,6930.0,6800.0,6940.0,6900.0,28094.0,6888.0,-0.5764,-0.005780675959026686,-0.005780675959026686
2018-03-15,6900.0,6790.0,6900.0,6900.0,10267.0,6902.0,0.0,0.0,0.0
2018-03-16,6900.0,6780.0,6910.0,6870.0,9097.0,6910.0,-0.4348,-0.004357480041460083,-0.004357480041460083
2018-03-19,6870.0,6730.0,6870.0,6800.0,8714.0,6882.0,-1.0189,-0.010241263169870672,-0.010241263169870672
2018-03-20,6760.0,6710.0,6800.0,6750.0,8149.0,6844.0,-0.7353,-0.007380166556883629,-0.007380166556883629
2018-03-21,6760.0,6660.0,6760.0,6680.0,20656.0,6800.0,-1.037,-0.010424143084457113,-0.010424143084457113
2018-03-22,6900.0,6650.0,6900.0,6650.0,20041.0,6750.0,-0.4491,-0.00450111483567899,-0.00450111483567899
2018-03-23,6640.0,6470.0,6640.0,6580.0,26217.0,6692.0,-1.0526,-0.010581790181651732,-0.010581790181651732
2018-03-26,6580.0,6560.0,6620.0,6570.0,9932.0,6646.0,-0.152,-0.0015211563719387442,-0.0015211563719387442
2018-03-27,6560.0,6540.0,6620.0,6610.0,16526.0,6618.0,0.6088,0.0060695430009251716,0.0060695430009251716
2018-03-28,6610.0,6550.0,6610.0,6600.0,13910.0,6602.0,-0.1513,-0.0015141457403158804,-0.0015141457403158804
2018-03-29,6570.0,6510.0,6610.0,6510.0,8245.0,6574.0,-1.3636,-0.013729824148375454,-0.013729824148375454
2018-03-30,6550.0,6520.0,6680.0,6640.0,16641.0,6586.0,1.9969,0.019772234677465916,0.019772234677465916
2018-04-02,6630.0,6610.0,6730.0,6720.0,34201.0,6616.0,1.2048,0.011976000570507133,0.011976000570507133
2018-04-03,6700.0,6580.0,6840.0,6610.0,9030.0,6616.0,-1.6369,-0.016504452259966666,-0.016504452259966666
2018-04-04,6610.0,6480.0,6640.0,6480.0,14221.0,6592.0,-1.9667,-0.019862969116710736,-0.019862969116710736
2018-04-05,6460.0,6460.0,6570.0,6510.0,9743.0,6592.0,0.463,0.004619314519820975,0.004619314519820975
2018-04-06,6550.0,6440.0,6550.0,6450.0,9455.0,6554.0,-0.9217,-0.009259739366370834,-0.009259739366370834
2018-04-09,6420.0,6420.0,6630.0,6470.0,3205.0,6504.0,0.3101,0.0030962018163858264,0.0030962018163858264
2018-04-10,6450.0,6190.0,6460.0,6280.0,29254.0,6438.0,-2.9366,-0.02980581274612739,-0.02980581274612739
2018-04-11,6530.0,6200.0,6540.0,6440.0,21213.0,6430.0,2.5478,0.025158845350399944,0.025158845350399944
2018-04-12,6470.0,6290.0,6470.0,6310.0,16066.0,6390.0,-2.0186,-0.020392521249411447,-0.020392521249411447
2018-04-13,6310.0,6220.0,6390.0,6230.0,10718.0,6346.0,-1.2678,-0.01275905161897119,-0.01275905161897119
2018-04-16,6450.0,6200.0,6450.0,6250.0,11671.0,6302.0,0.321,0.003204858948911298,0.003204858948911298
2018-04-17,6260.0,6000.0,6260.0,6040.0,67241.0,6254.0,-3.36,-0.03417745180158651,-0.03417745180158651
2018-04-18,6030.0,6000.0,6070.0,6030.0,33741.0,6172.0,-0.1656,-0.0016573726836520586,-0.0016573726836520586
2018-04-19,6070.0,5920.0,6070.0,5940.0,44997.0,6098.0,-1.4925,-0.015037498576733433,-0.015037498576733433
2018-04-20,5980.0,5870.0,6000.0,6000.0,35735.0,6052.0,1.0101,0.010050325853501308,0.010050325853501308
2018-04-23,6040.0,5560.0,6040.0,5920.0,23474.0,5986.0,-1.3333,-0.013422682494359956,-0.013422682494359956
2018-04-24,5970.0,5800.0,5970.0,5900.0,9909.0,5958.0,-0.3378,-0.0033837183232956615,-0.0033837183232956615
2018-04-25,5860.0,5780.0,5910.0,5860.0,5847.0,5924.0,-0.678,-0.006803088619739097,-0.006803088619739097
2018-04-26,5960.0,5800.0,5960.0,5800.0,12530.0,5896.0,-1.0239,-0.010291779140000203,-0.010291779140000203
2018-04-27,5780.0,5560.0,5840.0,5560.0,53602.0,5808.0,-4.1379,-0.04225948554892791,-0.04225948554892791
2018-04-30,5630.0,5530.0,5790.0,5670.0,25616.0,5758.0,1.9784,0.01959084016498607,0.01959084016498607
2018-05-01,5630.0,5530.0,5790.0,5670.0,25616.0,5758.0,0.0,0.0,0.0
2018-05-02,5720.0,5480.0,5720.0,5540.0,45918.0,5686.0,-2.2928,-0.023194934670049357,-0.023194934670049357
2018-05-03,5540.0,5540.0,5660.0,5620.0,20208.0,5638.0,1.444,0.014336736100052745,0.014336736100052745
2018-05-04,5600.0,5500.0,5620.0,5550.0,28059.0,5588.0,-1.2456,-0.012534226237466771,-0.012534226237466771
2018-05-07,5600.0,5500.0,5620.0,5550.0,28059.0,5588.0,0.0,0.0,0.0
2018-05-08,5550.0,5330.0,5600.0,5330.0,42742.0,5542.0,-3.964,-0.040447064815181955,-0.040447064815181955
2018-05-09,5290.0,5210.0,5450.0,5370.0,23786.0,5482.0,0.7505,0.007476977605542869,0.007476977605542869
2018-05-10,5320.0,5320.0,5600.0,5570.0,18212.0,5488.0,3.7244,0.03656719568771794,0.03656719568771794
2018-05-11,5570.0,5460.0,5580.0,5530.0,6183.0,5470.0,-0.7181,-0.0072069074827616555,-0.0072069074827616555
2018-05-14,5540.0,5330.0,5540.0,5330.0,12010.0,5426.0,-3.6166,-0.03683619836969532,-0.03683619836969532
2018-05-15,5330.0,5230.0,5340.0,5310.0,12726.0,5422.0,-0.3752,-0.003759056407958188,-0.003759056407958188
2018-05-16,5240.0,5130.0,5270.0,5180.0,27409.0,5384.0,-2.4482,-0.024786667013350076,-0.024786667013350076
2018-05-17,5120.0,5110.0,5180.0,5140.0,15175.0,5298.0,-0.7722,-0.0077519690222168204,-0.0077519690222168204
2018-05-18,5140.0,5060.0,5270.0,5140.0,25911.0,5220.0,0.0,0.0,0.0
2018-05-21,5200.0,5150.0,5210.0,5170.0,5822.0,5188.0,0.5837,0.005820030716618155,0.005820030716618155
2018-05-22,5200.0,5150.0,5210.0,5170.0,5822.0,5188.0,0.0,0.0,0.0
2018-05-23,5070.0,5070.0,5210.0,5180.0,13212.0,5162.0,0.1934,0.0019321322297907737,0.0019321322297907737
2018-05-24,5160.0,5150.0,5200.0,5200.0,5337.0,5166.0,0.3861,0.0038535654698360193,0.0038535654698360193
2018-05-25,5100.0,5040.0,5420.0,5270.0,22752.0,5192.0,1.3462,0.013372192373755313,0.013372192373755313
2018-05-28,5300.0,5160.0,5300.0,5180.0,8551.0,5200.0,-1.7078,-0.017225510915104877,-0.017225510915104877
2018-05-29,5180.0,5110.0,5460.0,5400.0,41251.0,5246.0,4.2471,0.04159385655809537,0.04159385655809537
2018-05-30,5440.0,5420.0,5930.0,5590.0,127871.0,5328.0,3.5185,0.034580154705886545,0.034580154705886545
2018-05-31,5740.0,5500.0,5740.0,5580.0,19068.0,5404.0,-0.1789,-0.001790602171641901,-0.001790602171641901
2018-06-01,5520.0,5440.0,5600.0,5590.0,16679.0,5468.0,0.1792,0.0017903962836206813,0.0017903962836206813
2018-06-04,5560.0,5360.0,5580.0,5440.0,14102.0,5520.0,-2.6834,-0.027200604975698844,-0.027200604975698844
2018-06-05,5410.0,5400.0,5630.0,5520.0,23144.0,5544.0,1.4706,0.014598915363175053,0.014598915363175053
2018-06-06,5410.0,5400.0,5630.0,5520.0,23144.0,5544.0,0.0,0.0,0.0
2018-06-07,5520.0,5520.0,5750.0,5710.0,35665.0,5568.0,3.442,0.03384088316871793,0.03384088316871793
2018-06-08,5700.0,5620.0,5800.0,5700.0,14207.0,5592.0,-0.1751,-0.001752534792375918,-0.001752534792375918
2018-06-11,5700.0,5620.0,5820.0,5740.0,30063.0,5622.0,0.7018,0.006993488452540438,0.006993488452540438
2018-06-12,5790.0,5790.0,7460.0,6930.0,2282067.0,5920.0,20.7317,0.18840054226427436,0.051513120224080874
2018-06-13,5790.0,5790.0,7460.0,6930.0,2282067.0,5920.0,0.0,0.0,0.0
2018-06-14,6750.0,6570.0,7200.0,7200.0,422315.0,6256.0,3.8961,0.03822117532019708,0.03822117532019708
2018-06-15,7170.0,6920.0,7880.0,6920.0,405922.0,6498.0,-3.8889,-0.03966537199937448,-0.03966537199937448
2018-06-18,6830.0,6820.0,7300.0,7150.0,162755.0,6788.0,3.3237,0.03269659267074363,0.03269659267074363
2018-06-19,7120.0,6900.0,7640.0,7640.0,213545.0,7168.0,6.8531,0.06628480799074142,0.051513120224080874
2018-06-20,7630.0,7350.0,8090.0,7710.0,288867.0,7324.0,0.9162,0.009120283488851817,0.009120283488851817
2018-06-21,7710.0,7490.0,8300.0,8140.0,248449.0,7512.0,5.5772,0.05427225288143727,0.051513120224080874
2018-06-22,8100.0,7780.0,8480.0,8280.0,235744.0,7784.0,1.7199,0.017052771474506657,0.017052771474506657
2018-06-25,8250.0,8040.0,8660.0,8280.0,151295.0,8010.0,0.0,0.0,0.0
2018-06-26,8090.0,8070.0,8630.0,8390.0,108194.0,8160.0,1.3285,0.013197528244043927,0.013197528244043927
2018-06-27,8400.0,7800.0,8600.0,7930.0,103751.0,8204.0,-5.4827,-0.056387299460370285,-0.046043938501406846
2018-06-28,7890.0,7120.0,7950.0,7250.0,132803.0,8026.0,-8.575,-0.08965122195264645,-0.046043938501406846
2018-06-29,7340.0,7240.0,7550.0,7450.0,47302.0,7860.0,2.7586,0.02721236218258248,0.02721236218258248
2018-07-02,7490.0,7340.0,7630.0,7400.0,57241.0,7684.0,-0.6711,-0.006733620019266877,-0.006733620019266877
2018-07-03,7350.0,6550.0,7520.0,6730.0,186581.0,7352.0,-9.0541,-0.09490536175420958,-0.046043938501406846
2018-07-04,6790.0,6410.0,6900.0,6440.0,59732.0,7054.0,-4.3091,-0.04404698086963792,-0.04404698086963792
2018-07-05,6450.0,6390.0,6750.0,6480.0,35350.0,6900.0,0.6211,0.006191791235559344,0.006191791235559344
2018-07-06,6600.0,6150.0,6680.0,6470.0,51521.0,6704.0,-0.1543,-0.0015441916504688254,-0.0015441916504688254
2018-07-09,6470.0,6410.0,6640.0,6600.0,23621.0,6544.0,2.0093,0.01989379961044611,0.01989379961044611
2018-07-10,6690.0,6690.0,8110.0,7960.0,581448.0,6790.0,20.6061,0.1873596774570243,0.051513120224080874
2018-07-11,7800.0,7620.0,8380.0,7720.0,232894.0,7046.0,-3.0151,-0.030614889705649476,-0.030614889705649476
2018-07-12,7720.0,7380.0,7900.0,7480.0,160869.0,7246.0,-3.1088,-0.031581486488805266,-0.031581486488805266
2018-07-13,7480.0,7460.0,8070.0,7930.0,225153.0,7538.0,6.016,0.05841984012939398,0.051513120224080874
2018-07-16,7860.0,7770.0,8250.0,7860.0,126927.0,7790.0,-0.8827,-0.008866188747655112,-0.008866188747655112
2018-07-17,7960.0,7440.0,7960.0,7500.0,99976.0,7698.0,-4.5802,-0.04688408189897344,-0.046043938501406846
2018-07-18,7500.0,6890.0,7510.0,6890.0,83112.0,7532.0,-8.1333,-0.0848315726720609,-0.046043938501406846
2018-07-19,6940.0,6930.0,8750.0,8500.0,3821550.0,7736.0,23.3672,0.20999508788246812,0.051513120224080874
2018-07-20,8310.0,8040.0,8400.0,8050.0,846269.0,7760.0,-5.2941,-0.05439388573041242,-0.046043938501406846
2018-07-23,7900.0,7530.0,8280.0,7680.0,442512.0,7724.0,-4.5963,-0.04705282421884703,-0.046043938501406846
2018-07-24,7810.0,7690.0,8300.0,8000.0,671675.0,7824.0,4.1667,0.04082231452020383,0.04082231452020383
2018-07-25,8030.0,7420.0,8220.0,7640.0,323731.0,7974.0,-4.5,-0.046043938501406846,-0.046043938501406846
2018-07-26,7650.0,7460.0,7680.0,7630.0,111783.0,7800.0,-0.1309,-0.0013098574888836547,-0.0013098574888836547
2018-07-27,7640.0,7590.0,8170.0,8090.0,334671.0,7808.0,6.0288,0.058540569333935075,0.051513120224080874
2018-07-30,8120.0,7930.0,8300.0,8080.0,248721.0,7888.0,-0.1236,-0.0012367644779948082,-0.0012367644779948082
2018-07-31,8100.0,7980.0,8390.0,8130.0,267600.0,7914.0,0.6188,0.006168932945527511,0.006168932945527511
2018-08-01,8150.0,8080.0,8350.0,8080.0,177699.0,8002.0,-0.615,-0.0061689891455289966,-0.0061689891455289966
2018-08-02,8080.0,7870.0,8210.0,8180.0,102516.0,8112.0,1.2376,0.012300043362797667,0.012300043362797667
2018-08-03,8230.0,8030.0,8360.0,8140.0,141976.0,8122.0,-0.489,-0.004901995170231579,-0.004901995170231579
2018-08-06,8040.0,7880.0,8250.0,7880.0,124052.0,8082.0,-3.1941,-0.032462243149737856,-0.032462243149737856
2018-08-07,7880.0,7450.0,7940.0,7740.0,124326.0,8004.0,-1.7766,-0.01792570980833189,-0.01792570980833189
2018-08-08,7700.0,7690.0,8170.0,7960.0,136873.0,7980.0,2.8424,0.028027533360159097,0.028027533360159097
2018-08-09,7950.0,7840.0,8120.0,7860.0,69311.0,7916.0,-1.2563,-0.012642581710359582,-0.012642581710359582
2018-08-10,7860.0,7490.0,7880.0,7560.0,69346.0,7800.0,-3.8168,-0.038915479741739034,-0.038915479741739034
2018-08-13,7550.0,7100.0,7550.0,7230.0,88745.0,7670.0,-4.3651,-0.04463236978842644,-0.04463236978842644
2018-08-14,7270.0,7150.0,7400.0,7300.0,47397.0,7582.0,0.9682,0.009635429791884333,0.009635429791884333
2018-08-15,7270.0,7150.0,7400.0,7300.0,47397.0,7582.0,0.0,0.0,0.0
2018-08-16,7350.0,7290.0,7700.0,7600.0,72632.0,7510.0,4.1096,0.04027400440109233,0.04027400440109233
2018-08-17,7610.0,7550.0,7710.0,7610.0,39843.0,7460.0,0.1316,0.0013151348309585506,0.0013151348309585506
2018-08-20,7610.0,7610.0,7780.0,7680.0,23288.0,7484.0,0.9198,0.009155956015065142,0.009155956015065142
2018-08-21,7690.0,7680.0,7920.0,7810.0,49875.0,7600.0,1.6927,0.016785334745787566,0.016785334745787566
2018-08-22,7850.0,7770.0,8180.0,8090.0,139962.0,7758.0,3.5851,0.03522331110003676,0.03522331110003676
2018-08-23,8090.0,7970.0,8200.0,8180.0,95216.0,7874.0,1.1125,0.011063572355979682,0.011063572355979682
2018-08-24,8210.0,8050.0,8270.0,8080.0,95633.0,7968.0,-1.2225,-0.012300339962841751,-0.012300339962841751
2018-08-27,8080.0,8050.0,8620.0,8490.0,243187.0,8130.0,5.0743,0.04949753297273756,0.04949753297273756
2018-08-28,8490.0,8270.0,8500.0,8330.0,62713.0,8234.0,-1.8846,-0.019025849066519933,-0.019025849066519933
2018-08-29,8330.0,8240.0,8420.0,8340.0,42317.0,8284.0,0.12,0.001199280575482187,0.001199280575482187
2018-08-30,8380.0,8350.0,8970.0,8940.0,447745.0,8436.0,7.1942,0.06947195670729822,0.051513120224080874
2018-08-31,8990.0,8680.0,9070.0,8920.0,235205.0,8604.0,-0.2237,-0.002239505822213714,-0.002239505822213714
2018-09-03,8930.0,8730.0,9040.0,9000.0,97051.0,8706.0,0.8969,0.008929017410893289,0.008929017410893289
2018-09-04,9010.0,8830.0,9300.0,8830.0,179856.0,8806.0,-1.8889,-0.019069675970640323,-0.019069675970640323
2018-09-05,8900.0,8550.0,8900.0,8550.0,138344.0,8848.0,-3.171,-0.032223649795858136,-0.032223649795858136
2018-09-06,8550.0,8300.0,8550.0,8430.0,107051.0,8746.0,-1.4035,-0.014134421966937209,-0.014134421966937209
2018-09-07,8390.0,8310.0,8530.0,8500.0,43248.0,8662.0,0.8304,0.008269711482455571,0.008269711482455571
2018-09-10,8450.0,8450.0,8980.0,8960.0,124160.0,8654.0,5.4118,0.05270439831194096,0.051513120224080874
2018-09-11,8960.0,8750.0,8960.0,8790.0,49551.0,8646.0,-1.8973,-0.019155296859743216,-0.019155296859743216
2018-09-12,8800.0,8210.0,8810.0,8250.0,126178.0,8586.0,-6.1433,-0.06340103498697307,-0.046043938501406846
2018-09-13,8250.0,8000.0,8330.0,8250.0,97139.0,8550.0,0.0,0.0,0.0
2018-09-14,8250.0,8180.0,8320.0,8280.0,39497.0,8506.0,0.3636,0.003629405731672463,0.003629405731672463
2018-09-17,8290.0,7910.0,8290.0,8000.0,53713.0,8314.0,-3.3816,-0.03440098671742915,-0.03440098671742915
2018-09-18,7980.0,7850.0,8080.0,8000.0,34064.0,8156.0,0.0,0.0,0.0
2018-09-19,8000.0,7690.0,8000.0,7690.0,54898.0,8044.0,-3.875,-0.03952075816228327,-0.03952075816228327
2018-09-20,7690.0,7480.0,7860.0,7670.0,45579.0,7928.0,-0.2601,-0.002604388477395078,-0.002604388477395078
2018-09-21,7600.0,7560.0,7760.0,7720.0,27818.0,7816.0,0.6519,0.006497843217100947,0.006497843217100947
2018-09-24,7600.0,7560.0,7760.0,7720.0,27818.0,7816.0,0.0,0.0,0.0
2018-09-25,7600.0,7560.0,7760.0,7720.0,27818.0,7816.0,0.0,0.0,0.0
2018-09-26,7600.0,7560.0,7760.0,7720.0,27818.0,7816.0,0.0,0.0,0.0
2018-09-27,7770.0,7630.0,7860.0,7700.0,34826.0,7756.0,-0.2591,-0.002594362449827474,-0.002594362449827474
2018-09-28,7690.0,7320.0,7700.0,7320.0,58146.0,7620.0,-4.9351,-0.05061036973894505,-0.046043938501406846
2018-10-01,7290.0,7280.0,7550.0,7390.0,36456.0,7560.0,0.9563,0.009517563955754744,0.009517563955754744
2018-10-02,7490.0,7110.0,7490.0,7110.0,51535.0,7448.0,-3.7889,-0.03862545035733861,-0.03862545035733861
2018-10-03,7490.0,7110.0,7490.0,7110.0,51535.0,7448.0,0.0,0.0,0.0
2018-10-04,7250.0,6720.0,7250.0,6760.0,78590.0,7256.0,-4.9226,-0.050478889263343235,-0.046043938501406846
2018-10-05,6630.0,6620.0,6920.0,6790.0,37555.0,7074.0,0.4438,0.0044281811180799865,0.0044281811180799865
2018-10-08,6790.0,6770.0,7030.0,7010.0,14357.0,7012.0,3.2401,0.03188715747866773,0.03188715747866773
2018-10-09,6790.0,6770.0,7030.0,7010.0,14357.0,7012.0,0.0,0.0,0.0
2018-10-10,7000.0,6840.0,7200.0,6840.0,27596.0,6902.0,-2.4251,-0.024549897774615317,-0.024549897774615317
2018-10-11,6410.0,6360.0,6850.0,6360.0,42688.0,6752.0,-7.0175,-0.07275888258442635,-0.046043938501406846
2018-10-12,6050.0,6050.0,6500.0,6270.0,30646.0,6654.0,-1.4151,-0.014252080123471065,-0.014252080123471065
2018-10-15,6270.0,6270.0,6470.0,6440.0,33685.0,6584.0,2.7113,0.02675195410494647,0.02675195410494647
2018-10-16,6400.0,6400.0,6830.0,6830.0,14946.0,6548.0,6.0559,0.05879612760992109,0.051513120224080874
2018-10-17,6810.0,6750.0,7000.0,6820.0,12662.0,6544.0,-0.1464,-0.001465072695078245,-0.001465072695078245
2018-10-18,6940.0,6730.0,6940.0,6800.0,10460.0,6632.0,-0.2933,-0.00293730967341093,-0.00293730967341093
2018-10-19,6800.0,6720.0,7170.0,7160.0,43096.0,6810.0,5.2941,0.05158720119271373,0.051513120224080874
2018-10-22,7140.0,7100.0,7210.0,7190.0,12804.0,6960.0,0.419,0.004181246393222808,0.004181246393222808
2018-10-23,7180.0,6810.0,7330.0,6930.0,36702.0,6980.0,-3.6161,-0.036831010767856165,-0.036831010767856165
2018-10-24,6920.0,6660.0,7030.0,6750.0,29468.0,6966.0,-2.5974,-0.026317281650707153,-0.026317281650707153
2018-10-25,6660.0,6420.0,6660.0,6490.0,27331.0,6904.0,-3.8519,-0.03928047493898121,-0.03928047493898121
2018-10-26,6590.0,6050.0,6600.0,6300.0,29352.0,6732.0,-2.9276,-0.029713094143927785,-0.029713094143927785
2018-10-29,6300.0,5550.0,7450.0,5550.0,209939.0,6404.0,-11.9048,-0.12675213807166985,-0.046043938501406846
2018-10-30,5020.0,5020.0,5540.0,5430.0,118735.0,6104.0,-2.1622,-0.02185918055290538,-0.02185918055290538
2018-10-31,5480.0,5430.0,5950.0,5950.0,46063.0,5944.0,9.5764,0.09145183687216756,0.051513120224080874
2018-11-01,5950.0,5860.0,6050.0,6050.0,46179.0,5856.0,1.6807,0.016667325212447254,0.016667325212447254
2018-11-02,6060.0,6060.0,6380.0,6300.0,40373.0,5856.0,4.1322,0.040491059767389925,0.040491059767389925
2018-11-05,6270.0,5980.0,6270.0,6180.0,18503.0,5982.0,-1.9048,-0.019231750277477522,-0.019231750277477522
2018-11-06,6140.0,6080.0,6390.0,6330.0,24455.0,6162.0,2.4272,0.023982116345241757,0.023982116345241757
2018-11-07,6320.0,6040.0,6390.0,6140.0,20322.0,6200.0,-3.0016,-0.030475702466110872,-0.030475702466110872
2018-11-08,6370.0,6180.0,6400.0,6180.0,51797.0,6226.0,0.6515,0.006493869116315865,0.006493869116315865
2018-11-09,6220.0,6120.0,7100.0,6620.0,324017.0,6290.0,7.1197,0.06877671479344319,0.051513120224080874
2018-11-12,6620.0,6550.0,7270.0,7020.0,226564.0,6458.0,6.0423,0.05866788512583916,0.051513120224080874
2018-11-13,6940.0,6710.0,7290.0,7220.0,79702.0,6636.0,2.849,0.02809170716618361,0.02809170716618361
2018-11-14,7190.0,7050.0,7240.0,7060.0,35501.0,6820.0,-2.2161,-0.022410244175846854,-0.022410244175846854
2018-11-15,7060.0,6800.0,7160.0,6990.0,45581.0,6982.0,-0.9915,-0.009964480953280284,-0.009964480953280284
2018-11-16,7040.0,6810.0,7040.0,6850.0,41729.0,7028.0,-2.0029,-0.020232299592101145,-0.020232299592101145
2018-11-19,6980.0,6870.0,6980.0,6880.0,12027.0,7000.0,0.438,0.004370435717534981,0.004370435717534981
2018-11-20,6770.0,6700.0,6880.0,6830.0,19790.0,6922.0,-0.7267,-0.007293533267484302,-0.007293533267484302
2018-11-21,6740.0,6720.0,6940.0,6940.0,20376.0,6898.0,1.6105,0.015976690273105946,0.015976690273105946
2018-11-22,6960.0,6770.0,6990.0,6770.0,18897.0,6854.0,-2.4496,-0.024801018466076085,-0.024801018466076085
2018-11-23,6910.0,6530.0,6910.0,6550.0,21315.0,6794.0,-3.2496,-0.033035719719821555,-0.033035719719821555
2018-11-26,6590.0,6500.0,6680.0,6660.0,24096.0,6750.0,1.6794,0.016654540010236776,0.016654540010236776
2018-11-27,6660.0,6550.0,6720.0,6700.0,15827.0,6724.0,0.6006,0.005988035874473292,0.005988035874473292
2018-11-28,6700.0,6690.0,6930.0,6930.0,35567.0,6722.0,3.4328,0.03375194048448511,0.03375194048448511
2018-11-29,6940.0,6850.0,7110.0,6950.0,47638.0,6758.0,0.2886,0.0028818434971909983,0.0028818434971909983
2018-11-30,6960.0,6900.0,7090.0,6950.0,13765.0,6838.0,0.0,0.0,0.0
2018-12-03,6970.0,6900.0,7090.0,6950.0,13823.0,6896.0,0.0,0.0,0.0
2018-12-04,6950.0,6830.0,7030.0,6950.0,29999.0,6946.0,0.0,0.0,0.0
2018-12-05,6910.0,6810.0,7180.0,7180.0,28750.0,6996.0,3.3094,0.032558183093354245,0.032558183093354245
2018-12-06,7190.0,6880.0,7190.0,7020.0,23181.0,7010.0,-2.2284,-0.022536039666295533,-0.022536039666295533
2018-12-07,7010.0,6950.0,7110.0,7020.0,9617.0,7024.0,0.0,0.0,0.0
2018-12-10,6990.0,6610.0,6990.0,6610.0,9742.0,6956.0,-5.8405,-0.060180033160619116,-0.046043938501406846
2018-12-11,6610.0,6510.0,6840.0,6510.0,27395.0,6868.0,-1.5129,-0.01524461085364783,-0.01524461085364783
2018-12-12,6510.0,6470.0,6700.0,6650.0,8118.0,6762.0,2.1505,0.021277030026164503,0.021277030026164503
2018-12-13,6660.0,6580.0,6700.0,6590.0,7537.0,6676.0,-0.9023,-0.00906395380139856,-0.00906395380139856
2018-12-14,6630.0,6120.0,6630.0,6250.0,45994.0,6522.0,-5.1593,-0.05297154396616379,-0.046043938501406846
2018-12-17,6290.0,6060.0,6380.0,6130.0,8420.0,6426.0,-1.92,-0.019386713800190095,-0.019386713800190095
2018-12-18,6150.0,5990.0,6280.0,6110.0,15829.0,6346.0,-0.3263,-0.0032683351934855655,-0.0032683351934855655
2018-12-19,6170.0,5990.0,6170.0,6090.0,8077.0,6234.0,-0.3273,-0.003278367980634005,-0.003278367980634005
2018-12-20,6150.0,5920.0,6150.0,6080.0,9692.0,6132.0,-0.1642,-0.0016433495595201773,-0.0016433495595201773
2018-12-21,6470.0,6060.0,6470.0,6200.0,11970.0,6122.0,1.9737,0.019544750911667817,0.019544750911667817
2018-12-24,6150.0,6010.0,6200.0,6120.0,2933.0,6120.0,-1.2903,-0.012986966768667386,-0.012986966768667386
2018-12-26,6090.0,5880.0,6210.0,6090.0,13442.0,6116.0,-0.4902,-0.004914054211296792,-0.004914054211296792
2018-12-27,6110.0,5980.0,6290.0,6130.0,11351.0,6124.0,0.6568,0.006546524670023392,0.006546524670023392
2018-12-28,6140.0,6100.0,6570.0,6560.0,33201.0,6220.0,7.0147,0.06779602221518036,0.051513120224080874
2018-12-31,6140.0,6100.0,6570.0,6560.0,33201.0,6220.0,0.0,0.0,0.0
2019-01-02,6550.0,6270.0,6550.0,6490.0,22934.0,6278.0,-1.0671,-0.010728343426476482,-0.010728343426476482
2019-01-03,6490.0,6250.0,6490.0,6330.0,9612.0,6320.0,-2.4653,-0.024961973864862583,-0.024961973864862583
2019-01-04,6360.0,6180.0,6430.0,6390.0,8868.0,6380.0,0.9479,0.009434356176968134,0.009434356176968134
2019-01-07,6410.0,6200.0,6490.0,6390.0,13903.0,6432.0,0.0,0.0,0.0
2019-01-08,6270.0,6200.0,6450.0,6270.0,17924.0,6374.0,-1.8779,-0.018957564462378448,-0.018957564462378448
2019-01-09,6280.0,6040.0,6280.0,6120.0,42736.0,6300.0,-2.3923,-0.024213802238345614,-0.024213802238345614
2019-01-10,6080.0,6030.0,6130.0,6080.0,25008.0,6250.0,-0.6536,-0.006557453177739393,-0.006557453177739393
2019-01-11,6080.0,6050.0,6320.0,6230.0,25162.0,6218.0,2.4671,0.024371585456918952,0.024371585456918952
2019-01-14,6240.0,6240.0,6470.0,6460.0,23814.0,6232.0,3.6918,0.036252851868204865,0.036252851868204865
2019-01-15,6400.0,6400.0,7090.0,6910.0,149088.0,6360.0,6.9659,0.06733990609207349,0.051513120224080874
2019-01-16,6870.0,6830.0,7080.0,7010.0,26703.0,6538.0,1.4472,0.014368280099992303,0.014368280099992303
2019-01-17,6900.0,6760.0,7050.0,6800.0,25853.0,6682.0,-2.9957,-0.030414878570342183,-0.030414878570342183
2019-01-18,6800.0,6800.0,7070.0,7070.0,22008.0,6850.0,3.9706,0.03893798088058655,0.03893798088058655
2019-01-21,7150.0,7150.0,7550.0,7460.0,79643.0,7050.0,5.5163,0.05369525736343625,0.051513120224080874
2019-01-22,7540.0,7320.0,7700.0,7530.0,42993.0,7174.0,0.9383,0.00933925309407049,0.00933925309407049
2019-01-23,7520.0,7380.0,7700.0,7540.0,30254.0,7280.0,0.1328,0.0013271189879031145,0.0013271189879031145
2019-01-24,7550.0,7340.0,7570.0,7470.0,21315.0,7414.0,-0.9284,-0.00932736493673495,-0.00932736493673495
2019-01-25,7460.0,7260.0,7490.0,7260.0,17016.0,7452.0,-2.8112,-0.028514707498210987,-0.028514707498210987
2019-01-28,7280.0,7250.0,7510.0,7500.0,33617.0,7460.0,3.3058,0.032523335705549695,0.032523335705549695
2019-01-29,7500.0,7300.0,7510.0,7300.0,17364.0,7414.0,-2.6667,-0.027029014853731374,-0.027029014853731374
2019-01-30,7290.0,7280.0,7500.0,7460.0,19808.0,7398.0,2.1918,0.021681253728866853,0.021681253728866853
2019-01-31,7420.0,7400.0,7750.0,7750.0,47929.0,7454.0,3.8874,0.038137434310876524,0.038137434310876524
2019-02-01,7750.0,7630.0,7820.0,7720.0,34037.0,7546.0,-0.3871,-0.0038785117119909955,-0.0038785117119909955
2019-02-04,7750.0,7630.0,7820.0,7720.0,34037.0,7546.0,0.0,0.0,0.0
2019-02-05,7750.0,7630.0,7820.0,7720.0,34037.0,7546.0,0.0,0.0,0.0
2019-02-06,7750.0,7630.0,7820.0,7720.0,34037.0,7546.0,0.0,0.0,0.0
2019-02-07,7790.0,7580.0,7870.0,7830.0,36776.0,7612.0,1.4249,0.014148437153723955,0.014148437153723955
2019-02-08,7840.0,7680.0,8040.0,7950.0,49471.0,7742.0,1.5326,0.015209743191777978,0.015209743191777978
2019-02-11,8020.0,7440.0,8020.0,7630.0,50449.0,7776.0,-4.0252,-0.04108452897941057,-0.04108452897941057
2019-02-12,7600.0,7510.0,7780.0,7690.0,14628.0,7764.0,0.7864,0.007833239911648705,0.007833239911648705
2019-02-13,7700.0,7690.0,7800.0,7750.0,17439.0,7770.0,0.7802,0.007771721783129834,0.007771721783129834
2019-02-14,7630.0,7600.0,7780.0,7750.0,29913.0,7754.0,0.0,0.0,0.0
2019-02-15,7750.0,7590.0,7760.0,7630.0,17114.0,7690.0,-1.5484,-0.015605129130497584,-0.015605129130497584
2019-02-18,7650.0,7140.0,7650.0,7200.0,75175.0,7604.0,-5.6356,-0.058006302607822774,-0.046043938501406846
2019-02-19,7180.0,6650.0,7180.0,6830.0,161598.0,7432.0,-5.1389,-0.05275646956962528,-0.046043938501406846
2019-02-20,6900.0,6730.0,6900.0,6870.0,34836.0,7256.0,0.5857,0.005839914456392263,0.005839914456392263
2019-02-21,6900.0,6670.0,6900.0,6790.0,26334.0,7064.0,-1.1645,-0.01171333403038333,-0.01171333403038333
2019-02-22,6820.0,6500.0,6820.0,6500.0,43026.0,6838.0,-4.271,-0.043648903130561405,-0.043648903130561405
2019-02-25,6580.0,6520.0,6600.0,6590.0,23780.0,6716.0,1.3846,0.01375101986774465,0.01375101986774465
2019-02-26,6510.0,6510.0,6600.0,6560.0,25029.0,6662.0,-0.4552,-0.00456239189994413,-0.00456239189994413
2019-02-27,6580.0,6570.0,6670.0,6580.0,31441.0,6604.0,0.3049,0.003044361226189095,0.003044361226189095
2019-02-28,6600.0,5190.0,6620.0,6240.0,56538.0,6494.0,-5.1672,-0.053054845007211415,-0.046043938501406846
2019-03-01,6600.0,5190.0,6620.0,6240.0,56538.0,6494.0,0.0,0.0,0.0
2019-03-04,6280.0,6240.0,6550.0,6400.0,38439.0,6474.0,2.5641,0.025317782984289588,0.025317782984289588
2019-03-05,6380.0,6280.0,6430.0,6280.0,14033.0,6412.0,-1.875,-0.01892800988551891,-0.01892800988551891
2019-03-06,6300.0,6290.0,6540.0,6390.0,16382.0,6378.0,1.7516,0.017364363026704285,0.017364363026704285
2019-03-07,6490.0,6240.0,6490.0,6340.0,10819.0,6330.0,-0.7825,-0.007855775965583539,-0.007855775965583539
2019-03-08,6460.0,6250.0,6640.0,6480.0,25897.0,6378.0,2.2082,0.021841723396530018,0.021841723396530018
2019-03-11,6740.0,6400.0,6740.0,6410.0,12906.0,6380.0,-1.0802,-0.010860765172746733,-0.010860765172746733
2019-03-12,6410.0,6360.0,6600.0,6430.0,9082.0,6410.0,0.312,0.003115142900145352,0.003115142900145352
2019-03-13,6490.0,6340.0,6490.0,6410.0,10376.0,6414.0,-0.311,-0.0031148461001893313,-0.0031148461001893313
2019-03-14,6410.0,6300.0,6450.0,6410.0,10619.0,6428.0,0.0,0.0,0.0
2019-03-15,6400.0,6260.0,6490.0,6390.0,9016.0,6410.0,-0.312,-0.003124877347524931,-0.003124877347524931
2019-03-18,6380.0,6360.0,6590.0,6450.0,19974.0,6418.0,0.939,0.009346187999580043,0.009346187999580043
2019-03-19,6470.0,6240.0,6470.0,6280.0,28695.0,6388.0,-2.6357,-0.0267105723021851,-0.0267105723021851
2019-03-20,6280.0,6060.0,6320.0,6140.0,34872.0,6334.0,-2.2293,-0.022545244835714223,-0.022545244835714223
2019-03-21,6110.0,6110.0,6290.0,6220.0,26299.0,6296.0,1.3029,0.01294485269488219,0.01294485269488219
2019-03-22,6250.0,5960.0,6290.0,6060.0,31766.0,6230.0,-2.5723,-0.026059621521467877,-0.026059621521467877
2019-03-25,6050.0,6000.0,6110.0,6100.0,10391.0,6160.0,0.6601,0.00657930880290357,0.00657930880290357
2019-03-26,6230.0,6060.0,6230.0,6130.0,2316.0,6130.0,0.4918,0.004905946142426506,0.004905946142426506
2019-03-27,6130.0,6030.0,6150.0,6090.0,6303.0,6120.0,-0.6525,-0.006546380870033826,-0.006546380870033826
2019-03-28,6000.0,5890.0,6120.0,6020.0,7657.0,6080.0,-1.1494,-0.011560566587155222,-0.011560566587155222
2019-03-29,6020.0,5780.0,6060.0,5970.0,16821.0,6062.0,-0.8306,-0.00834068702515976,-0.00834068702515976
2019-04-01,5970.0,5810.0,6010.0,5970.0,15023.0,6036.0,0.0,0.0,0.0
2019-04-02,6000.0,5900.0,6000.0,5980.0,6575.0,6006.0,0.1675,0.0016735987520088017,0.0016735987520088017
2019-04-03,5980.0,5900.0,6040.0,6030.0,16296.0,5994.0,0.8361,0.008326240454808592,0.008326240454808592
2019-04-04,6080.0,5970.0,6080.0,6010.0,4659.0,5992.0,-0.3317,-0.0033225134399295737,-0.0033225134399295737
2019-04-05,6010.0,5910.0,6010.0,5990.0,8806.0,5996.0,-0.3328,-0.0033335501092635303,-0.0033335501092635303
2019-04-08,6000.0,5850.0,6020.0,5900.0,11866.0,5982.0,-1.5025,-0.015139018842803711,-0.015139018842803711
2019-04-09,5900.0,5750.0,5960.0,5950.0,53688.0,5976.0,0.8475,0.008439288813843591,0.008439288813843591
2019-04-10,6090.0,6020.0,6140.0,6090.0,17122.0,5988.0,2.3529,0.02325645986533568,0.02325645986533568
2019-04-11,6090.0,6000.0,6120.0,6110.0,6955.0,6008.0,0.3284,0.003278619448602481,0.003278619448602481
2019-04-12,6100.0,6070.0,6250.0,6190.0,22243.0,6048.0,1.3093,0.01300802756788722,0.01300802756788722
2019-04-15,6200.0,6150.0,6250.0,6180.0,5380.0,6104.0,-0.1616,-0.001617307136411382,-0.001617307136411382
2019-04-16,6110.0,5610.0,6230.0,5830.0,66280.0,6080.0,-5.6634,-0.0583009486372675,-0.046043938501406846
2019-04-17,5900.0,5850.0,5940.0,5910.0,20720.0,6044.0,1.3722,0.01362870584409207,0.01362870584409207
2019-04-18,5950.0,5850.0,5980.0,5940.0,16336.0,6010.0,0.5076,0.0050631605423953965,0.0050631605423953965
2019-04-19,5920.0,5760.0,5920.0,5880.0,19974.0,5948.0,-1.0101,-0.010152361259936453,-0.010152361259936453
2019-04-22,5930.0,5790.0,5940.0,5890.0,13307.0,5890.0,0.1701,0.0016995549379682214,0.0016995549379682214
2019-04-23,5800.0,5800.0,5900.0,5810.0,3732.0,5886.0,-1.3582,-0.013675079123315934,-0.013675079123315934
2019-04-24,5820.0,5700.0,5910.0,5750.0,14976.0,5854.0,-1.0327,-0.010380693445865367,-0.010380693445865367
2019-04-25,5750.0,5700.0,5820.0,5730.0,5097.0,5812.0,-0.3478,-0.003484062302540409,-0.003484062302540409
2019-04-26,5730.0,5430.0,5770.0,5460.0,23627.0,5728.0,-4.712,-0.04826630140949162,-0.046043938501406846
2019-04-29,5440.0,5440.0,5620.0,5570.0,5593.0,5664.0,2.0147,0.01994673455928802,0.01994673455928802
2019-04-30,5810.0,5810.0,7000.0,6180.0,1341767.0,5738.0,10.9515,0.10392298290254753,0.051513120224080874
2019-05-01,5810.0,5810.0,7000.0,6180.0,1341767.0,5738.0,0.0,0.0,0.0
2019-05-02,6140.0,6090.0,6740.0,6430.0,463057.0,5874.0,4.0453,0.039656195240268276,0.039656195240268276
2019-05-03,6420.0,6070.0,6440.0,6260.0,117086.0,5980.0,-2.6439,-0.02679479562963153,-0.02679479562963153
2019-05-06,6420.0,6070.0,6440.0,6260.0,117086.0,5980.0,0.0,0.0,0.0
2019-05-07,6230.0,6020.0,6230.0,6040.0,53978.0,6096.0,-3.5144,-0.035776411575907975,-0.035776411575907975
2019-05-08,5950.0,5900.0,6950.0,6580.0,974570.0,6298.0,8.9404,0.08563075770661141,0.051513120224080874
2019-05-09,6520.0,6280.0,7890.0,7230.0,2214324.0,6508.0,9.8784,0.09420411379332115,0.051513120224080874
2019-05-10,7130.0,7130.0,8150.0,7300.0,1737673.0,6682.0,0.9682,0.009635429791884333,0.009635429791884333
2019-05-13,7350.0,6400.0,7440.0,6420.0,406605.0,6714.0,-12.0548,-0.1284562927577735,-0.046043938501406846
2019-05-14,6320.0,6040.0,6510.0,6270.0,226856.0,6760.0,-2.3364,-0.023641265449508835,-0.023641265449508835
2019-05-15,6250.0,6080.0,6470.0,6450.0,174725.0,6734.0,2.8708,0.028303645930285132,0.028303645930285132
2019-05-16,6370.0,6150.0,6400.0,6210.0,88065.0,6530.0,-3.7209,-0.03791892085268124,-0.03791892085268124
2019-05-17,6240.0,6240.0,6550.0,6330.0,107598.0,6336.0,1.9324,0.01913966248552691,0.01913966248552691
2019-05-20,6340.0,6250.0,6380.0,6280.0,31774.0,6308.0,-0.7899,-0.00793036236388128,-0.00793036236388128
2019-05-21,6250.0,6220.0,6540.0,6460.0,85363.0,6346.0,2.8662,0.028258928645588984,0.028258928645588984
2019-05-22,6470.0,6330.0,6980.0,6810.0,316476.0,6418.0,5.418,0.05276321352688463,0.051513120224080874
2019-05-23,6810.0,6560.0,6830.0,6580.0,143547.0,6492.0,-3.3774,-0.0343575176813482,-0.0343575176813482
2019-05-24,6530.0,6410.0,6830.0,6630.0,87235.0,6552.0,0.7599,0.007570273038501166,0.007570273038501166
2019-05-27,6650.0,6320.0,6650.0,6390.0,78476.0,6574.0,-3.6199,-0.03687043721678325,-0.03687043721678325
2019-05-28,6370.0,6280.0,6450.0,6410.0,42309.0,6564.0,0.313,0.0031251117474975247,0.0031251117474975247
2019-05-29,6440.0,6420.0,6700.0,6570.0,81752.0,6516.0,2.4961,0.024654563086010498,0.024654563086010498
2019-05-30,6690.0,6320.0,6690.0,6350.0,35884.0,6470.0,-3.3486,-0.03405949518258315,-0.03405949518258315
2019-05-31,6350.0,6140.0,6430.0,6350.0,48332.0,6414.0,0.0,0.0,0.0
2019-06-03,6250.0,6160.0,6290.0,6180.0,39542.0,6372.0,-2.6772,-0.027136897422119274,-0.027136897422119274
2019-06-04,6160.0,6140.0,6260.0,6250.0,17505.0,6340.0,1.1327,0.011263329878701347,0.011263329878701347
2019-06-05,6300.0,6220.0,6370.0,6300.0,16209.0,6286.0,0.8,0.007968169649176881,0.007968169649176881
2019-06-06,6300.0,6220.0,6370.0,6300.0,16209.0,6286.0,0.0,0.0,0.0
2019-06-07,6300.0,6120.0,6350.0,6130.0,34766.0,6242.0,-2.6984,-0.02735475294366587,-0.02735475294366587
2019-06-10,6130.0,6000.0,6180.0,6010.0,51357.0,6174.0,-1.9576,-0.01977014782364353,-0.01977014782364353
2019-06-11,6020.0,5980.0,6600.0,6600.0,105976.0,6258.0,9.817,0.09364515806098814,0.051513120224080874
2019-06-12,6630.0,6340.0,6740.0,6430.0,35305.0,6294.0,-2.5758,-0.026095546241733537,-0.026095546241733537
2019-06-13,6430.0,6430.0,6620.0,6550.0,26221.0,6344.0,1.8663,0.01849098315324654,0.01849098315324654
2019-06-14,6550.0,6450.0,6700.0,6630.0,40419.0,6444.0,1.2214,0.012140010960834073,0.012140010960834073
2019-06-17,6540.0,6470.0,6780.0,6620.0,39860.0,6566.0,-0.1508,-0.0015091381763905278,-0.0015091381763905278
2019-06-18,6680.0,6600.0,7040.0,6620.0,167237.0,6570.0,0.0,0.0,0.0
2019-06-19,6630.0,6580.0,6840.0,6720.0,31969.0,6628.0,1.5106,0.014993040538489592,0.014993040538489592
2019-06-20,6690.0,6540.0,6750.0,6740.0,34977.0,6666.0,0.2976,0.0029715804781603183,0.0029715804781603183
2019-06-21,6750.0,6560.0,6750.0,6630.0,27859.0,6666.0,-1.632,-0.016454638071960702,-0.016454638071960702
2019-06-24,6630.0,6600.0,6720.0,6670.0,22278.0,6676.0,0.6033,0.006014874320449359,0.006014874320449359
2019-06-25,6730.0,6720.0,7500.0,7040.0,901123.0,6760.0,5.5472,0.0539880602423874,0.051513120224080874
2019-06-26,7050.0,6500.0,7080.0,6500.0,149063.0,6716.0,-7.6705,-0.07980648557617312,-0.046043938501406846
2019-06-27,6430.0,6280.0,6540.0,6350.0,99062.0,6638.0,-2.3077,-0.023347442737151742,-0.023347442737151742
2019-06-28,6400.0,6350.0,7100.0,7000.0,318478.0,6712.0,10.2362,0.09745515043641012,0.051513120224080874
2019-07-01,6970.0,6890.0,7940.0,7710.0,1000947.0,6920.0,10.1429,0.09660842762490747,0.051513120224080874
2019-07-02,7610.0,7440.0,7900.0,7720.0,285667.0,7056.0,0.1297,0.0012961596220684042,0.0012961596220684042
2019-07-03,7810.0,7510.0,7930.0,7660.0,160842.0,7288.0,-0.7772,-0.0078023593964566314,-0.0078023593964566314
2019-07-04,7670.0,7480.0,7770.0,7660.0,87343.0,7550.0,0.0,0.0,0.0
2019-07-05,7640.0,7280.0,7660.0,7300.0,74943.0,7610.0,-4.6997,-0.04813722737905968,-0.046043938501406846
2019-07-08,7300.0,7000.0,7440.0,7060.0,81544.0,7480.0,-3.2877,-0.03342959409966395,-0.03342959409966395
2019-07-09,7060.0,6740.0,7140.0,6750.0,68431.0,7286.0,-4.3909,-0.044902182176334196,-0.044902182176334196
2019-07-10,6640.0,6640.0,6890.0,6750.0,31920.0,7104.0,0.0,0.0,0.0
2019-07-11,6750.0,6750.0,7290.0,7180.0,71359.0,7008.0,6.3704,0.06175715672718758,0.051513120224080874
2019-07-12,7170.0,7040.0,7210.0,7090.0,25812.0,6966.0,-1.2535,-0.012614225872954077,-0.012614225872954077
2019-07-15,7020.0,7010.0,7400.0,7360.0,73771.0,7026.0,3.8082,0.037374779696731114,0.037374779696731114
2019-07-16,7400.0,7270.0,7450.0,7270.0,61748.0,7130.0,-1.2228,-0.012303377096354625,-0.012303377096354625
2019-07-17,7310.0,7100.0,7380.0,7230.0,41309.0,7226.0,-0.5502,-0.005517191750966945,-0.005517191750966945
2019-07-18,7210.0,7110.0,7330.0,7120.0,27091.0,7214.0,-1.5214,-0.015330920297426892,-0.015330920297426892
2019-07-19,6990.0,6990.0,7380.0,7360.0,44483.0,7268.0,3.3708,0.03315233775167464,0.03315233775167464
2019-07-22,7310.0,7240.0,7780.0,7750.0,145781.0,7346.0,5.2989,0.0516327867534953,0.051513120224080874
2019-07-23,7870.0,7590.0,7900.0,7710.0,130468.0,7434.0,-0.5161,-0.005174363961266284,-0.005174363961266284
2019-07-24,7690.0,7340.0,7780.0,7520.0,75607.0,7492.0,-2.4643,-0.024951721156096767,-0.024951721156096767
2019-07-25,7510.0,7390.0,7590.0,7550.0,68819.0,7578.0,0.3989,0.0039810650342193415,0.0039810650342193415
2019-07-26,7520.0,7450.0,7830.0,7690.0,92541.0,7644.0,1.8543,0.018373174742964116,0.018373174742964116
2019-07-29,7700.0,6880.0,7710.0,6880.0,155253.0,7470.0,-10.5332,-0.1113025792468191,-0.046043938501406846
2019-07-30,6860.0,6830.0,7070.0,7010.0,47250.0,7330.0,1.8895,0.018718706733142278,0.018718706733142278
2019-07-31,7000.0,6640.0,7030.0,6940.0,58392.0,7214.0,-0.9986,-0.010036194539348932,-0.010036194539348932
2019-08-01,6900.0,6810.0,7040.0,6810.0,28868.0,7066.0,-1.8732,-0.018909666104722424,-0.018909666104722424
2019-08-02,6650.0,6640.0,6900.0,6700.0,38461.0,6868.0,-1.6153,-0.016284881824243577,-0.016284881824243577
2019-08-05,6700.0,6040.0,6700.0,6070.0,95765.0,6706.0,-9.403,-0.09874908607017291,-0.046043938501406846
2019-08-06,5760.0,5700.0,6090.0,5920.0,91122.0,6488.0,-2.4712,-0.025022466986351646,-0.025022466986351646
2019-08-07,5930.0,5800.0,6120.0,5890.0,39318.0,6278.0,-0.5068,-0.005080885867487925,-0.005080885867487925
2019-08-08,5890.0,5890.0,6120.0,6070.0,35035.0,6130.0,3.056,0.03010234381644346,0.03010234381644346
2019-08-09,6190.0,6090.0,6300.0,6090.0,21304.0,6008.0,0.3295,0.003289583382741225,0.003289583382741225
2019-08-12,6080.0,6050.0,6190.0,6120.0,15037.0,6018.0,0.4926,0.0049139069592859744,0.0049139069592859744
2019-08-13,6120.0,6090.0,7060.0,6230.0,461207.0,6080.0,1.7974,0.01781437752712344,0.01781437752712344
2019-08-14,6210.0,6120.0,6350.0,6120.0,51217.0,6126.0,-1.7657,-0.017814744445190853,-0.017814744445190853
2019-08-15,6210.0,6120.0,6350.0,6120.0,51217.0,6126.0,0.0,0.0,0.0
2019-08-16,6120.0,6070.0,6430.0,6260.0,76269.0,6164.0,2.2876,0.022618267501494357,0.022618267501494357
2019-08-19,6470.0,6190.0,6470.0,6220.0,30910.0,6190.0,-0.639,-0.006410503441330272,-0.006410503441330272
2019-08-20,6390.0,6230.0,6400.0,6320.0,22039.0,6230.0,1.6077,0.015949133686144826,0.015949133686144826
2019-08-21,6390.0,6300.0,6460.0,6430.0,24295.0,6270.0,1.7405,0.017255267882361792,0.017255267882361792
2019-08-22,6430.0,6250.0,6430.0,6300.0,13152.0,6306.0,-2.0218,-0.020425181042555304,-0.020425181042555304
2019-08-23,6280.0,6200.0,6330.0,6300.0,10770.0,6314.0,0.0,0.0,0.0
2019-08-26,6200.0,5960.0,6430.0,6040.0,106516.0,6278.0,-4.127,-0.042145787013691066,-0.042145787013691066
2019-08-27,6060.0,6000.0,6330.0,6040.0,37010.0,6222.0,0.0,0.0,0.0
2019-08-28,6030.0,6030.0,6190.0,6190.0,15491.0,6174.0,2.4834,0.024530648255344508,0.024530648255344508
2019-08-29,6190.0,6090.0,6190.0,6160.0,7065.0,6146.0,-0.4847,-0.004858784800540142,-0.004858784800540142
2019-08-30,6160.0,6100.0,6330.0,6270.0,20607.0,6140.0,1.7857,0.01769943674851389,0.01769943674851389
2019-09-02,6270.0,6230.0,6350.0,6330.0,15945.0,6198.0,0.9569,0.009523507103602401,0.009523507103602401
2019-09-03,6300.0,6260.0,6340.0,6330.0,11365.0,6256.0,0.0,0.0,0.0
2019-09-04,6320.0,6230.0,6410.0,6410.0,13797.0,6300.0,1.2638,0.012558807007357077,0.012558807007357077
2019-09-05,6420.0,6420.0,6600.0,6560.0,37115.0,6380.0,2.3401,0.023131394523417052,0.023131394523417052
2019-09-06,6600.0,6450.0,6650.0,6530.0,10693.0,6432.0,-0.4573,-0.004583488151593106,-0.004583488151593106
2019-09-09,6540.0,6450.0,6590.0,6480.0,9941.0,6462.0,-0.7657,-0.0076864653315643254,-0.0076864653315643254
2019-09-10,6470.0,6070.0,6490.0,6180.0,59065.0,6432.0,-4.6296,-0.04740192821502054,-0.046043938501406846
2019-09-11,6200.0,6200.0,6340.0,6320.0,12351.0,6414.0,2.2654,0.022401208841028305,0.022401208841028305
2019-09-12,6200.0,6200.0,6340.0,6320.0,12351.0,6414.0,0.0,0.0,0.0
2019-09-13,6200.0,6200.0,6340.0,6320.0,12351.0,6414.0,0.0,0.0,0.0
2019-09-16,6320.0,6280.0,6440.0,6410.0,17638.0,6384.0,1.4241,0.014140549513163687,0.014140549513163687
2019-09-17,6520.0,6370.0,6520.0,6450.0,14210.0,6368.0,0.624,0.006220611813056201,0.006220611813056201
2019-09-18,6530.0,6420.0,6530.0,6500.0,29947.0,6372.0,0.7752,0.007722107632369931,0.007722107632369931
2019-09-19,6540.0,6470.0,6540.0,6540.0,12850.0,6444.0,0.6154,0.006135141472702986,0.006135141472702986
2019-09-20,6610.0,6450.0,6610.0,6510.0,14476.0,6482.0,-0.4587,-0.004597552566614091,-0.004597552566614091
2019-09-23,6520.0,6390.0,6520.0,6510.0,13348.0,6502.0,0.0,0.0,0.0
2019-09-24,6500.0,6420.0,6520.0,6480.0,9376.0,6508.0,-0.4608,-0.004618649560042093,-0.004618649560042093
2019-09-25,6470.0,6250.0,6520.0,6350.0,14590.0,6478.0,-2.0062,-0.020265974624975813,-0.020265974624975813
2019-09-26,6350.0,6340.0,6450.0,6400.0,6624.0,6450.0,0.7874,0.007843161836025708,0.007843161836025708
2019-09-27,6390.0,6280.0,6470.0,6410.0,9370.0,6430.0,0.1563,0.001561779786796669,0.001561779786796669
2019-09-30,6430.0,6280.0,6430.0,6280.0,5799.0,6384.0,-2.0281,-0.020489483127649154,-0.020489483127649154
2019-10-01,6280.0,6110.0,6340.0,6260.0,7926.0,6340.0,-0.3185,-0.0031900829080775852,-0.0031900829080775852
2019-10-02,6280.0,6150.0,6280.0,6220.0,6142.0,6314.0,-0.639,-0.006410503441330272,-0.006410503441330272
2019-10-03,6280.0,6150.0,6280.0,6220.0,6142.0,6314.0,0.0,0.0,0.0
2019-10-04,6210.0,6100.0,6350.0,6160.0,5159.0,6266.0,-0.9646,-0.009692824010901087,-0.009692824010901087
2019-10-07,6150.0,5860.0,6200.0,6050.0,31382.0,6194.0,-1.7857,-0.01801836004814345,-0.01801836004814345
2019-10-08,6040.0,5910.0,6130.0,5980.0,12444.0,6134.0,-1.157,-0.011637453244120754,-0.011637453244120754
2019-10-09,6040.0,5910.0,6130.0,5980.0,12444.0,6134.0,0.0,0.0,0.0
2019-10-10,5970.0,5970.0,6100.0,6080.0,13325.0,6098.0,1.6722,0.016583726699665177,0.016583726699665177
2019-10-11,6030.0,5970.0,6100.0,6070.0,6643.0,6068.0,-0.1645,-0.0016463544981367712,-0.0016463544981367712
2019-10-14,6210.0,6040.0,6210.0,6090.0,11658.0,6054.0,0.3295,0.003289583382741225,0.003289583382741225
2019-10-15,6100.0,6060.0,6260.0,6180.0,13265.0,6080.0,1.4778,0.014669869359392868,0.014669869359392868
2019-10-16,6150.0,6150.0,6230.0,6180.0,9229.0,6120.0,0.0,0.0,0.0
2019-10-17,6330.0,6180.0,6330.0,6220.0,9620.0,6148.0,0.6472,0.006451146535388561,0.006451146535388561
2019-10-18,6210.0,6140.0,6270.0,6210.0,13537.0,6176.0,-0.1608,-0.0016092942195895254,-0.0016092942195895254
2019-10-21,6210.0,6050.0,6290.0,6060.0,13060.0,6170.0,-2.4155,-0.024451516656332092,-0.024451516656332092
2019-10-22,6000.0,5940.0,6100.0,6080.0,18690.0,6150.0,0.33,0.0032945669494301114,0.0032945669494301114
2019-10-23,6110.0,6040.0,6140.0,6050.0,10793.0,6124.0,-0.4934,-0.004946212365099985,-0.004946212365099985
2019-10-24,6140.0,5810.0,6140.0,6110.0,19510.0,6102.0,0.9917,0.00986814925853151,0.00986814925853151
2019-10-25,6110.0,6020.0,6150.0,6130.0,9386.0,6086.0,0.3273,0.0032676553942545673,0.0032676553942545673
2019-10-28,6140.0,5940.0,6140.0,6120.0,13421.0,6098.0,-0.1631,-0.0016323315285123384,-0.0016323315285123384
2019-10-29,6110.0,6040.0,6120.0,6060.0,9987.0,6094.0,-0.9804,-0.009852375650935594,-0.009852375650935594
2019-10-30,5980.0,5980.0,6100.0,6080.0,6011.0,6100.0,0.33,0.0032945669494301114,0.0032945669494301114
2019-10-31,6020.0,6020.0,6140.0,6080.0,18480.0,6094.0,0.0,0.0,0.0
2019-11-01,6100.0,5980.0,6100.0,6080.0,14411.0,6084.0,0.0,0.0,0.0
2019-11-04,5960.0,5960.0,6070.0,5980.0,20539.0,6056.0,-1.6447,-0.016583753433665617,-0.016583753433665617
2019-11-05,5980.0,5970.0,6190.0,6030.0,8235.0,6050.0,0.8361,0.008326240454808592,0.008326240454808592
2019-11-06,5930.0,5930.0,6170.0,6060.0,8876.0,6046.0,0.4975,0.004962665579745065,0.004962665579745065
2019-11-07,6010.0,5960.0,6150.0,6030.0,7863.0,6036.0,-0.495,-0.004962291829814967,-0.004962291829814967
2019-11-08,6090.0,6010.0,6090.0,6010.0,7268.0,6022.0,-0.3317,-0.0033225134399295737,-0.0033225134399295737
2019-11-11,6130.0,5950.0,6130.0,6030.0,4239.0,6032.0,0.3328,0.003322474463928797,0.003322474463928797
2019-11-12,6000.0,5990.0,6060.0,6030.0,10264.0,6032.0,0.0,0.0,0.0
2019-11-13,6030.0,5970.0,6040.0,6020.0,7288.0,6024.0,-0.1658,-0.0016593760031525292,-0.0016593760031525292
2019-11-14,6020.0,5950.0,6020.0,6010.0,11231.0,6020.0,-0.1661,-0.0016623809899280607,-0.0016623809899280607
2019-11-15,6030.0,5950.0,6050.0,6020.0,5799.0,6022.0,0.1664,0.001662617085900276,0.001662617085900276
2019-11-18,6090.0,5930.0,6090.0,5960.0,12574.0,6008.0,-0.9967,-0.010017003075711265,-0.010017003075711265
2019-11-19,5970.0,5710.0,6070.0,6000.0,22750.0,6002.0,0.6711,0.006688581484047166,0.006688581484047166
2019-11-20,6000.0,5870.0,6090.0,5920.0,15221.0,5982.0,-1.3333,-0.013422682494359956,-0.013422682494359956
2019-11-21,6000.0,5730.0,6000.0,5760.0,17040.0,5932.0,-2.7027,-0.027398946410337074,-0.027398946410337074
2019-11-22,5720.0,5580.0,5820.0,5610.0,13513.0,5850.0,-2.6042,-0.026387097419242805,-0.026387097419242805
2019-11-25,5610.0,5330.0,5780.0,5340.0,29774.0,5726.0,-4.8128,-0.04932470701200426,-0.046043938501406846
2019-11-26,5340.0,5340.0,5460.0,5400.0,25132.0,5606.0,1.1236,0.011173345042568708,0.011173345042568708
2019-11-27,5400.0,5300.0,5410.0,5320.0,13901.0,5486.0,-1.4815,-0.014925838186618185,-0.014925838186618185
2019-11-28,5320.0,5260.0,5800.0,5480.0,16129.0,5430.0,3.0075,0.02963161512460275,0.02963161512460275
2019-11-29,5480.0,5350.0,5510.0,5510.0,6317.0,5410.0,0.5474,0.00545907211405354,0.00545907211405354
2019-12-02,5510.0,5480.0,5610.0,5560.0,3991.0,5454.0,0.9074,0.00903307862276516,0.00903307862276516
2019-12-03,5550.0,5480.0,5620.0,5560.0,16124.0,5486.0,0.0,0.0,0.0
2019-12-04,5580.0,5490.0,5580.0,5560.0,6771.0,5534.0,0.0,0.0,0.0
2019-12-05,5500.0,5410.0,5570.0,5460.0,17923.0,5530.0,-1.7986,-0.018149714110151136,-0.018149714110151136
2019-12-06,5460.0,5460.0,6450.0,5680.0,191684.0,5564.0,4.0293,0.039502404243851104,0.039502404243851104
2019-12-09,5680.0,5670.0,5880.0,5790.0,20434.0,5610.0,1.9366,0.0191808654148649,0.0191808654148649
2019-12-10,5750.0,5690.0,5800.0,5730.0,7755.0,5644.0,-1.0363,-0.01041706975882696,-0.01041706975882696
2019-12-11,5730.0,5620.0,5730.0,5620.0,3245.0,5656.0,-1.9197,-0.019383655077298684,-0.019383655077298684
2019-12-12,5600.0,5560.0,5780.0,5580.0,4491.0,5680.0,-0.7117,-0.007142446652262302,-0.007142446652262302
2019-12-13,5580.0,5550.0,5670.0,5640.0,9987.0,5672.0,1.0753,0.01069559762733868,0.01069559762733868
2019-12-16,5700.0,5600.0,5700.0,5620.0,2604.0,5638.0,-0.3546,-0.0035523019602447226,-0.0035523019602447226
2019-12-17,5670.0,5520.0,5670.0,5590.0,4264.0,5610.0,-0.5338,-0.005352298026609277,-0.005352298026609277
2019-12-18,5590.0,5310.0,5590.0,5480.0,16999.0,5582.0,-1.9678,-0.01987418985671864,-0.01987418985671864
2019-12-19,5480.0,5380.0,5490.0,5460.0,4918.0,5558.0,-0.365,-0.003656677503543923,-0.003656677503543923
2019-12-20,5460.0,5380.0,5460.0,5450.0,6294.0,5520.0,-0.1832,-0.0018336801643542607,-0.0018336801643542607
2019-12-23,5490.0,5330.0,5490.0,5360.0,2361.0,5468.0,-1.6514,-0.01665187612978496,-0.01665187612978496
2019-12-24,5360.0,5300.0,5370.0,5320.0,4521.0,5414.0,-0.7463,-0.007490987518681147,-0.007490987518681147
2019-12-26,5310.0,5270.0,5430.0,5430.0,4747.0,5404.0,2.0677,0.02046613261802819,0.02046613261802819
2019-12-27,5430.0,5340.0,5450.0,5390.0,13788.0,5390.0,-0.7366,-0.007393262939713179,-0.007393262939713179
2019-12-30,5390.0,5380.0,5530.0,5420.0,9388.0,5384.0,0.5566,0.005550567062005009,0.005550567062005009
2019-12-31,5390.0,5380.0,5530.0,5420.0,9388.0,5384.0,0.0,0.0,0.0
2020-01-02,5390.0,5320.0,5490.0,5410.0,19868.0,5394.0,-0.1845,-0.0018467041088764894,-0.0018467041088764894
2020-01-03,5400.0,5320.0,5460.0,5410.0,9618.0,5412.0,0.0,0.0,0.0
2020-01-06,5410.0,5320.0,5410.0,5350.0,9389.0,5396.0,-1.1091,-0.011152963726269085,-0.011152963726269085
2020-01-07,5270.0,5270.0,5380.0,5340.0,19690.0,5386.0,-0.1869,-0.0018707487597944242,-0.0018707487597944242
2020-01-08,5330.0,5110.0,5360.0,5150.0,27160.0,5332.0,-3.5581,-0.03622943150046379,-0.03622943150046379
2020-01-09,5220.0,5220.0,5430.0,5320.0,27172.0,5314.0,3.301,0.03247687063275569,0.03247687063275569
2020-01-10,5320.0,5190.0,5350.0,5270.0,11707.0,5286.0,-0.9398,-0.009442439851640947,-0.009442439851640947
2020-01-13,5280.0,5130.0,5310.0,5240.0,12644.0,5264.0,-0.5693,-0.005709266892156908,-0.005709266892156908
2020-01-14,5240.0,4940.0,5240.0,5110.0,24674.0,5218.0,-2.4809,-0.025121929733789565,-0.025121929733789565
2020-01-15,5130.0,5080.0,5210.0,5190.0,12801.0,5226.0,1.5656,0.01553470914706859,0.01553470914706859
2020-01-16,5240.0,5090.0,5240.0,5110.0,8733.0,5184.0,-1.5414,-0.01553403073129886,-0.01553403073129886
2020-01-17,5100.0,5090.0,5170.0,5130.0,7958.0,5156.0,0.3914,0.003906360230217428,0.003906360230217428
2020-01-20,5110.0,5110.0,5220.0,5150.0,14848.0,5138.0,0.3899,0.003891418599696901,0.003891418599696901
2020-01-21,5150.0,5130.0,5170.0,5160.0,9918.0,5148.0,0.1942,0.001940116755779458,0.001940116755779458
2020-01-22,5160.0,5120.0,5170.0,5130.0,9601.0,5136.0,-0.5814,-0.00583096709442001,-0.00583096709442001
2020-01-23,5130.0,4950.0,5160.0,5000.0,20155.0,5114.0,-2.5341,-0.025667612748586716,-0.025667612748586716
2020-01-24,5130.0,4950.0,5160.0,5000.0,20155.0,5114.0,0.0,0.0,0.0
2020-01-27,5130.0,4950.0,5160.0,5000.0,20155.0,5114.0,0.0,0.0,0.0
2020-01-28,5000.0,4795.0,5040.0,4920.0,24920.0,5072.0,-1.6,-0.016129381929883644,-0.016129381929883644
2020-01-29,4920.0,4795.0,4920.0,4795.0,16317.0,5001.0,-2.5407,-0.025735331032344006,-0.025735331032344006
2020-01-30,4795.0,4610.0,4820.0,4630.0,23470.0,4895.0,-3.4411,-0.03501700114439918,-0.03501700114439918
2020-01-31,4625.0,4460.0,4635.0,4480.0,14510.0,4765.0,-3.2397,-0.032933399796337914,-0.032933399796337914
2020-02-03,4480.0,4280.0,4935.0,4935.0,73534.0,4752.0,10.1563,0.09673008035915738,0.051513120224080874
2020-02-04,5060.0,4935.0,5060.0,5000.0,10180.0,4768.0,1.3171,0.013085016548630648,0.013085016548630648
2020-02-05,5140.0,4810.0,5190.0,5030.0,28744.0,4815.0,0.6,0.005982071677547469,0.005982071677547469
2020-02-06,4965.0,4950.0,5030.0,4950.0,5543.0,4879.0,-1.5905,-0.01603284187457752,-0.01603284187457752
2020-02-07,5090.0,4810.0,5090.0,4950.0,22826.0,4973.0,0.0,0.0,0.0
2020-02-10,4950.0,4800.0,4950.0,4950.0,5996.0,4976.0,0.0,0.0,0.0
2020-02-11,4950.0,4800.0,4950.0,4900.0,6614.0,4956.0,-1.0101,-0.010152361259936453,-0.010152361259936453
2020-02-12,4875.0,4730.0,4875.0,4770.0,6546.0,4904.0,-2.6531,-0.02688929853926153,-0.02688929853926153
2020-02-13,4770.0,4730.0,4810.0,4755.0,12871.0,4865.0,-0.3145,-0.003149955906110954,-0.003149955906110954
2020-02-14,4750.0,4720.0,4755.0,4735.0,4571.0,4822.0,-0.4206,-0.004214870098493377,-0.004214870098493377
2020-02-17,4735.0,4645.0,4735.0,4660.0,9409.0,4764.0,-1.5839,-0.015965777427651272,-0.015965777427651272
2020-02-18,4625.0,4350.0,4630.0,4480.0,23861.0,4680.0,-3.8627,-0.039392807960743195,-0.039392807960743195
2020-02-19,4600.0,4340.0,4600.0,4340.0,13908.0,4594.0,-3.125,-0.0317486983145803,-0.0317486983145803
2020-02-20,4340.0,4120.0,4380.0,4180.0,43811.0,4479.0,-3.6866,-0.03756272836997651,-0.03756272836997651
2020-02-21,4185.0,4065.0,4200.0,4120.0,9091.0,4356.0,-1.4354,-0.014458015214067163,-0.014458015214067163
2020-02-24,4075.0,3835.0,4075.0,3900.0,26923.0,4204.0,-5.3398,-0.054876548687374696,-0.046043938501406846
2020-02-25,3895.0,3890.0,4095.0,3990.0,9807.0,4106.0,2.3077,0.022814752954138456,0.022814752954138456
2020-02-26,3990.0,3890.0,3990.0,3980.0,3543.0,4034.0,-0.2506,-0.0025091452738029347,-0.0025091452738029347
2020-02-27,3980.0,3855.0,4010.0,3945.0,4237.0,3987.0,-0.8794,-0.008832895416760153,-0.008832895416760153
2020-02-28,3945.0,3700.0,3945.0,3755.0,10956.0,3914.0,-4.8162,-0.04936042673822696,-0.046043938501406846
2020-03-02,3990.0,3610.0,3990.0,3675.0,10580.0,3869.0,-2.1305,-0.02153522738123286,-0.02153522738123286
2020-03-03,3700.0,3340.0,3710.0,3340.0,30744.0,3739.0,-9.1156,-0.09558181669428457,-0.046043938501406846
2020-03-04,3345.0,3345.0,3515.0,3435.0,27184.0,3630.0,2.8443,0.028046008059787738,0.028046008059787738
2020-03-05,3455.0,3430.0,3760.0,3510.0,47204.0,3543.0,2.1834,0.021599051974400072,0.021599051974400072
2020-03-06,3550.0,3500.0,3565.0,3565.0,5255.0,3505.0,1.567,0.015548493246716213,0.015548493246716213
2020-03-09,3565.0,3405.0,3565.0,3465.0,18335.0,3463.0,-2.805,-0.02845091617401521,-0.02845091617401521
2020-03-10,3460.0,3330.0,3590.0,3580.0,9706.0,3511.0,3.3189,0.03265013564783675,0.03265013564783675
2020-03-11,3495.0,3315.0,3595.0,3470.0,15675.0,3518.0,-3.0726,-0.031207941324193297,-0.031207941324193297
2020-03-12,3415.0,3105.0,3600.0,3600.0,26895.0,3536.0,3.7464,0.03677927372551841,0.03677927372551841
2020-03-13,3420.0,2980.0,3550.0,3550.0,41341.0,3533.0,-1.3889,-0.013986354650802616,-0.013986354650802616
2020-03-16,3485.0,3155.0,3495.0,3260.0,19118.0,3492.0,-8.169,-0.08522025473448683,-0.046043938501406846
2020-03-17,3000.0,2825.0,3235.0,3040.0,27276.0,3384.0,-6.7485,-0.0698700418026567,-0.046043938501406846
2020-03-18,3040.0,2965.0,3105.0,3075.0,11678.0,3305.0,1.1513,0.01144722974277781,0.01144722974277781
2020-03-19,3050.0,2550.0,3345.0,2800.0,32591.0,3145.0,-8.9431,-0.0936856001487583,-0.046043938501406846
2020-03-20,2795.0,2310.0,2800.0,2795.0,120568.0,2994.0,-0.1786,-0.001787596799539179,-0.001787596799539179
2020-03-23,2765.0,2040.0,2765.0,2445.0,98741.0,2831.0,-12.5224,-0.1337874253981161,-0.046043938501406846
2020-03-24,2445.0,2290.0,2545.0,2450.0,28938.0,2713.0,0.2045,0.0020429118338819237,0.0020429118338819237
2020-03-25,2435.0,2405.0,2580.0,2580.0,38754.0,2614.0,5.3061,0.05170116119857317,0.051513120224080874
2020-03-26,2580.0,2550.0,2800.0,2770.0,36752.0,2608.0,7.3643,0.07105753859416762,0.051513120224080874
2020-03-27,2795.0,2705.0,2890.0,2850.0,21905.0,2619.0,2.8881,0.02847180390586494,0.02847180390586494
2020-03-30,2800.0,2770.0,3135.0,3135.0,38522.0,2757.0,10.0,0.09531017980432493,0.051513120224080874
2020-03-31,3145.0,3145.0,3350.0,3250.0,16578.0,2917.0,3.6683,0.03602619302592416,0.03602619302592416
2020-04-01,3230.0,3195.0,3330.0,3320.0,14699.0,3065.0,2.1538,0.021309334779420132,0.021309334779420132
2020-04-02,3300.0,3270.0,3335.0,3300.0,6278.0,3171.0,-0.6024,-0.006042217486270384,-0.006042217486270384
2020-04-03,3295.0,3290.0,3600.0,3600.0,7501.0,3321.0,9.0909,0.08701129365629287,0.051513120224080874
2020-04-06,3700.0,3540.0,3700.0,3590.0,7105.0,3412.0,-0.2778,-0.0027818658031272155,-0.0027818658031272155
2020-04-07,3605.0,3400.0,3630.0,3570.0,15020.0,3476.0,-0.5571,-0.0055865758963153335,-0.0055865758963153335
2020-04-08,3570.0,3490.0,3595.0,3575.0,14550.0,3527.0,0.1401,0.0014000195151659838,0.0014000195151659838
2020-04-09,3630.0,3540.0,3660.0,3650.0,17323.0,3597.0,2.0979,0.02076197090048382,0.02076197090048382
2020-04-10,3720.0,3630.0,3750.0,3750.0,13168.0,3627.0,2.7397,0.027028419054553787,0.027028419054553787
2020-04-13,3785.0,3750.0,3985.0,3830.0,26325.0,3675.0,2.1333,0.02110863683942478,0.02110863683942478
2020-04-14,3810.0,3810.0,3970.0,3925.0,13628.0,3746.0,2.4804,0.02450137479339453,0.02450137479339453
2020-04-15,3810.0,3810.0,3970.0,3925.0,13628.0,3746.0,0.0,0.0,0.0
2020-04-16,3925.0,3860.0,4020.0,4020.0,16080.0,3835.0,2.4204,0.023915725525895905,0.023915725525895905
2020-04-17,4020.0,3880.0,4135.0,3995.0,27379.0,3904.0,-0.6219,-0.0062384185315948245,-0.0062384185315948245
2020-04-20,3995.0,3705.0,4040.0,4020.0,28383.0,3958.0,0.6258,0.006238500029591625,0.006238500029591625
2020-04-21,4020.0,3800.0,4100.0,3915.0,21219.0,3975.0,-2.6119,-0.026466159395145437,-0.026466159395145437
2020-04-22,3905.0,3800.0,3905.0,3900.0,4511.0,3970.0,-0.3831,-0.003838357076484356,-0.003838357076484356
2020-04-23,3925.0,3860.0,3985.0,3955.0,6938.0,3957.0,1.4103,0.014004477919575126,0.014004477919575126
2020-04-24,3955.0,3800.0,4000.0,3800.0,12084.0,3918.0,-3.9191,-0.039979641066230136,-0.039979641066230136
2020-04-27,3800.0,3695.0,3840.0,3840.0,10533.0,3882.0,1.0526,0.010470987367246611,0.010470987367246611
2020-04-28,3995.0,3805.0,3995.0,3835.0,3519.0,3866.0,-0.1302,-0.0013028483384377398,-0.0013028483384377398
2020-04-29,3865.0,3785.0,3865.0,3850.0,5594.0,3856.0,0.3911,0.0039033719219734547,0.0039033719219734547
2020-04-30,3865.0,3785.0,3865.0,3850.0,5594.0,3856.0,0.0,0.0,0.0
2020-05-01,3865.0,3785.0,3865.0,3850.0,5594.0,3856.0,0.0,0.0,0.0
2020-05-04,3850.0,3765.0,3850.0,3830.0,5520.0,3831.0,-0.5195,-0.005208540929611665,-0.005208540929611665
2020-05-05,3850.0,3765.0,3850.0,3830.0,5520.0,3831.0,0.0,0.0,0.0
2020-05-06,3755.0,3755.0,3865.0,3795.0,3278.0,3830.0,-0.9138,-0.009180007628302813,-0.009180007628302813
2020-05-07,3830.0,3780.0,4685.0,4320.0,89258.0,3926.0,13.834,0.12957106085286765,0.051513120224080874
2020-05-08,4475.0,4255.0,4510.0,4480.0,44909.0,4055.0,3.7037,0.036367608456588485,0.036367608456588485
2020-05-11,4480.0,4440.0,4800.0,4555.0,91590.0,4196.0,1.6741,0.016602414032555465,0.016602414032555465
2020-05-12,4555.0,4500.0,4710.0,4695.0,25551.0,4369.0,3.0735,0.030272139988675464,0.030272139988675464
2020-05-13,4695.0,4625.0,4750.0,4750.0,10869.0,4560.0,1.1715,0.011646910649399307,0.011646910649399307
2020-05-14,4750.0,4675.0,4810.0,4795.0,9883.0,4655.0,0.9474,0.009429403114663025,0.009429403114663025
2020-05-15,4820.0,4745.0,4980.0,4975.0,44494.0,4754.0,3.7539,0.036851562777662154,0.036851562777662154
2020-05-18,5090.0,4950.0,5090.0,5090.0,26932.0,4861.0,2.3116,0.02285287252546396,0.02285287252546396
2020-05-19,5090.0,4875.0,5120.0,5000.0,13171.0,4922.0,-1.7682,-0.017840194128369062,-0.017840194128369062
2020-05-20,5000.0,4925.0,5000.0,4975.0,6479.0,4967.0,-0.5,-0.005012541823544286,-0.005012541823544286
2020-05-21,4975.0,4930.0,4990.0,4965.0,6249.0,5001.0,-0.201,-0.002012022760954131,-0.002012022760954131
2020-05-22,4965.0,4875.0,4990.0,4940.0,5768.0,4994.0,-0.5035,-0.005047718321627033,-0.005047718321627033
2020-05-25,4940.0,4650.0,4940.0,4845.0,11717.0,4945.0,-1.9231,-0.01941832115124691,-0.01941832115124691
2020-05-26,4845.0,4770.0,4880.0,4840.0,9592.0,4913.0,-0.1032,-0.0010325328786520923,-0.0010325328786520923
2020-05-27,4935.0,4450.0,4935.0,4640.0,24430.0,4846.0,-4.1322,-0.04220002690422317,-0.04220002690422317
2020-05-28,4925.0,4665.0,4925.0,4820.0,9135.0,4817.0,3.8793,0.03805946223927791,0.03805946223927791
2020-05-29,4765.0,4660.0,4805.0,4730.0,12023.0,4775.0,-1.8672,-0.01884852259885709,-0.01884852259885709
2020-06-01,4910.0,4695.0,4910.0,4745.0,9574.0,4755.0,0.3171,0.0031659829826767576,0.0031659829826767576
2020-06-02,4900.0,4745.0,4900.0,4800.0,10512.0,4747.0,1.1591,0.01152433897694318,0.01152433897694318
2020-06-03,4910.0,4500.0,4910.0,4630.0,21455.0,4745.0,-3.5417,-0.03605939538811649,-0.03605939538811649
2020-06-04,4590.0,4495.0,4730.0,4730.0,23194.0,4727.0,2.1598,0.021368068020885405,0.021368068020885405
2020-06-05,4730.0,4635.0,4730.0,4635.0,6142.0,4708.0,-2.0085,-0.020289445773068092,-0.020289445773068092
2020-06-08,4580.0,4510.0,4630.0,4510.0,11540.0,4661.0,-2.6969,-0.027339337077553403,-0.027339337077553403
2020-06-09,4510.0,4385.0,4750.0,4495.0,22321.0,4600.0,-0.3326,-0.0033315434330518268,-0.0033315434330518268
2020-06-10,4455.0,4150.0,4495.0,4385.0,34128.0,4551.0,-2.4472,-0.024776416101787723,-0.024776416101787723
2020-06-11,4385.0,4155.0,4425.0,4395.0,12595.0,4484.0,0.2281,0.0022784024687292834,0.0022784024687292834
2020-06-12,4330.0,4080.0,4330.0,4200.0,16473.0,4397.0,-4.4369,-0.045383423705047846,-0.045383423705047846
2020-06-15,4200.0,3570.0,4205.0,3750.0,56868.0,4245.0,-10.7143,-0.11332884530701597,-0.046043938501406846
2020-06-16,3750.0,3690.0,3895.0,3895.0,35595.0,4125.0,3.8667,0.037938160264602526,0.037938160264602526
2020-06-17,3895.0,3850.0,3925.0,3900.0,17449.0,4028.0,0.1284,0.0012831763769460113,0.0012831763769460113
2020-06-18,3900.0,3850.0,3995.0,3995.0,11049.0,3948.0,2.4359,0.024067051113926062,0.024067051113926062
2020-06-19,3995.0,3995.0,4410.0,4210.0,23913.0,3950.0,5.3817,0.05241881075630389,0.051513120224080874
2020-06-22,4210.0,4145.0,4305.0,4205.0,12114.0,4041.0,-0.1188,-0.0011887062313906374,-0.0011887062313906374
2020-06-23,4205.0,4190.0,4475.0,4345.0,18464.0,4131.0,3.3294,0.0327517575823897,0.0327517575823897
2020-06-24,4345.0,4255.0,4385.0,4290.0,8809.0,4209.0,-1.2658,-0.012738795008225562,-0.012738795008225562
2020-06-25,4290.0,4030.0,4290.0,4145.0,14967.0,4239.0,-3.38,-0.03438442686183081,-0.03438442686183081
2020-06-26,4145.0,3960.0,4145.0,4145.0,28642.0,4226.0,0.0,0.0,0.0
2020-06-29,4125.0,3800.0,4125.0,3900.0,46197.0,4165.0,-5.9107,-0.0609258546824993,-0.046043938501406846
2020-06-30,4040.0,3890.0,4270.0,4070.0,31947.0,4110.0,4.359,0.04266669201911841,0.04266669201911841
2020-07-01,4070.0,3905.0,4110.0,4075.0,7598.0,4067.0,0.1229,0.0012282453977074566,0.0012282453977074566
2020-07-02,4075.0,4040.0,4105.0,4040.0,6562.0,4046.0,-0.8589,-0.008626098036599908,-0.008626098036599908
2020-07-03,4070.0,4040.0,4085.0,4040.0,5859.0,4025.0,0.0,0.0,0.0
2020-07-06,4040.0,3980.0,4080.0,4000.0,8574.0,4045.0,-0.9901,-0.009950340853168182,-0.009950340853168182
2020-07-07,4145.0,3850.0,4145.0,3910.0,23054.0,4013.0,-2.25,-0.02275698712261618,-0.02275698712261618
2020-07-08,3910.0,3860.0,3955.0,3930.0,13832.0,3984.0,0.5115,0.0051019628253673064,0.0051019628253673064
2020-07-09,3935.0,3910.0,3960.0,3960.0,3421.0,3968.0,0.7634,0.007605008476044643,0.007605008476044643
2020-07-10,3955.0,3850.0,3955.0,3930.0,18730.0,3946.0,-0.7576,-0.007604843660058333,-0.007604843660058333
2020-07-13,3915.0,3700.0,3930.0,3870.0,19432.0,3920.0,-1.5267,-0.015384740544921711,-0.015384740544921711
2020-07-14,3830.0,3740.0,3835.0,3810.0,17847.0,3900.0,-1.5504,-0.015625443887340707,-0.015625443887340707
2020-07-15,3810.0,3755.0,3880.0,3865.0,15991.0,3887.0,1.4436,0.014332793030096649,0.014332793030096649
2020-07-16,3870.0,3830.0,3900.0,3875.0,6618.0,3870.0,0.2587,0.0025836594755507345,0.0025836594755507345
2020-07-17,3840.0,3835.0,3935.0,3935.0,12135.0,3871.0,1.5484,0.015365346128851261,0.015365346128851261
2020-07-20,3935.0,3885.0,4090.0,4065.0,31127.0,3910.0,3.3037,0.03250300750186035,0.03250300750186035
2020-07-21,4085.0,4005.0,4085.0,4020.0,7000.0,3952.0,-1.107,-0.011131728428552003,-0.011131728428552003
2020-07-22,4020.0,3955.0,4060.0,4060.0,7093.0,3991.0,0.995,0.009900824677262433,0.009900824677262433
2020-07-23,4100.0,4000.0,4105.0,4005.0,6435.0,4017.0,-1.3547,-0.013639597837409577,-0.013639597837409577
2020-07-24,4005.0,3940.0,4005.0,3985.0,14049.0,4027.0,-0.4994,-0.0050065116909718535,-0.0050065116909718535
2020-07-27,3985.0,3965.0,4005.0,4000.0,5945.0,4014.0,0.3764,0.0037569338777057445,0.0037569338777057445
2020-07-28,4000.0,3975.0,4020.0,4000.0,8780.0,4010.0,0.0,0.0,0.0
2020-07-29,4000.0,3975.0,4040.0,3995.0,2604.0,3997.0,-0.125,-0.0012507819016526025,-0.0012507819016526025
2020-07-30,4000.0,3935.0,4035.0,3965.0,9535.0,3989.0,-0.7509,-0.007537334471981781,-0.007537334471981781
2020-07-31,3965.0,3940.0,3980.0,3940.0,5082.0,3980.0,-0.6305,-0.006324960457186586,-0.006324960457186586
2020-08-03,3940.0,3760.0,3940.0,3930.0,12192.0,3966.0,-0.2538,-0.0025412261818558205,-0.0025412261818558205
2020-08-04,3930.0,3895.0,4000.0,3930.0,15654.0,3952.0,0.0,0.0,0.0
2020-08-05,3930.0,3765.0,4010.0,3990.0,44409.0,3951.0,1.5267,0.015151632088256362,0.015151632088256362
2020-08-06,3985.0,3840.0,3985.0,3900.0,15273.0,3938.0,-2.2556,-0.022814277766251365,-0.022814277766251365
2020-08-07,3900.0,3800.0,3900.0,3830.0,23251.0,3916.0,-1.7949,-0.018112037149353676,-0.018112037149353676
2020-08-10,3830.0,3725.0,3835.0,3755.0,25024.0,3881.0,-1.9582,-0.019776267643598397,-0.019776267643598397
2020-08-11,3755.0,3755.0,3805.0,3790.0,13166.0,3853.0,0.9321,0.009277827545778614,0.009277827545778614
2020-08-12,3790.0,3730.0,3820.0,3760.0,15036.0,3807.0,-0.7916,-0.007947497862839756,-0.007947497862839756
2020-08-13,3760.0,3700.0,3905.0,3790.0,52031.0,3785.0,0.7979,0.007947336098826596,0.007947336098826596
2020-08-14,3790.0,3740.0,3825.0,3820.0,46081.0,3783.0,0.7916,0.007884832843428438,0.007884832843428438
2020-08-17,3790.0,3740.0,3825.0,3820.0,46081.0,3783.0,0.0,0.0,0.0
2020-08-18,3810.0,3710.0,3820.0,3765.0,34590.0,3785.0,-1.4398,-0.014502656984161389,-0.014502656984161389
2020-08-19,3765.0,3680.0,3765.0,3700.0,11858.0,3767.0,-1.7264,-0.017414760520636507,-0.017414760520636507
2020-08-20,3700.0,3410.0,3700.0,3525.0,28463.0,3720.0,-4.7297,-0.04845207132925792,-0.046043938501406846
2020-08-21,3510.0,3350.0,3510.0,3440.0,27502.0,3650.0,-2.4113,-0.024408477960438938,-0.024408477960438938
2020-08-24,3430.0,3355.0,3440.0,3405.0,26046.0,3567.0,-1.0174,-0.01022610887643175,-0.01022610887643175
2020-08-25,3400.0,3400.0,3555.0,3490.0,48817.0,3512.0,2.4963,0.024656514377863325,0.024656514377863325
2020-08-26,3530.0,3490.0,3565.0,3555.0,13507.0,3483.0,1.8625,0.018453678658246705,0.018453678658246705
2020-08-27,3555.0,3525.0,3625.0,3620.0,21378.0,3502.0,1.8284,0.018118857610094255,0.018118857610094255
2020-08-28,3885.0,3630.0,3885.0,3735.0,47725.0,3561.0,3.1768,0.03127383558511878,0.03127383558511878
2020-08-31,3735.0,3600.0,3880.0,3720.0,43319.0,3624.0,-0.4016,-0.004024085783598509,-0.004024085783598509
2020-09-01,3720.0,3570.0,3720.0,3695.0,19116.0,3665.0,-0.672,-0.006742680867392451,-0.006742680867392451
2020-09-02,3665.0,3665.0,3830.0,3785.0,21765.0,3711.0,2.4357,0.024065098671518178,0.024065098671518178
2020-09-03,3785.0,3775.0,3835.0,3790.0,6632.0,3745.0,0.1321,0.0013201282471391378,0.0013201282471391378
2020-09-04,3770.0,3700.0,3785.0,3760.0,14295.0,3750.0,-0.7916,-0.007947497862839756,-0.007947497862839756
2020-09-07,3760.0,3685.0,3800.0,3775.0,21490.0,3761.0,0.3989,0.0039810650342193415,0.0039810650342193415
2020-09-08,3775.0,3720.0,3795.0,3795.0,15084.0,3781.0,0.5298,0.0052840149713745945,0.0052840149713745945
2020-09-09,3790.0,3675.0,3790.0,3745.0,18629.0,3773.0,-1.3175,-0.013262560233577978,-0.013262560233577978
2020-09-10,3750.0,3750.0,4300.0,4225.0,175836.0,3860.0,12.8171,0.12059773733107429,0.051513120224080874
2020-09-11,4225.0,4100.0,4280.0,4175.0,50043.0,3943.0,-1.1834,-0.011904579153077242,-0.011904579153077242
2020-09-14,4175.0,4105.0,4200.0,4200.0,39001.0,4028.0,0.5988,0.005970143176979828,0.005970143176979828
2020-09-15,4200.0,4170.0,4200.0,4200.0,11050.0,4109.0,0.0,0.0,0.0
2020-09-16,4200.0,4145.0,4835.0,4395.0,269442.0,4239.0,4.6429,0.045383415404047875,0.045383415404047875
2020-09-17,4395.0,4385.0,4595.0,4565.0,46816.0,4307.0,3.868,0.03795067622847395,0.03795067622847395
2020-09-18,4595.0,4320.0,4595.0,4330.0,110505.0,4338.0,-5.1479,-0.052851349630757084,-0.046043938501406846
2020-09-21,4330.0,4325.0,4560.0,4560.0,52890.0,4410.0,5.3118,0.05175528765222586,0.051513120224080874
2020-09-22,4500.0,4470.0,4635.0,4585.0,113999.0,4487.0,0.5482,0.005467028528813534,0.005467028528813534
2020-09-23,4585.0,4585.0,4820.0,4745.0,81736.0,4557.0,3.4896,0.03430093857678091,0.03430093857678091
2020-09-24,4700.0,4160.0,4735.0,4300.0,98616.0,4504.0,-9.3783,-0.09847648726935417,-0.046043938501406846
2020-09-25,4300.0,4150.0,4350.0,4325.0,30026.0,4503.0,0.5814,0.005797163927099388,0.005797163927099388
2020-09-28,4280.0,4160.0,4385.0,4355.0,38851.0,4462.0,0.6936,0.006912056602512853,0.006912056602512853
2020-09-29,4355.0,4350.0,4710.0,4600.0,68273.0,4465.0,5.6257,0.05473152688622154,0.051513120224080874
2020-09-30,4355.0,4350.0,4710.0,4600.0,68273.0,4465.0,0.0,0.0,0.0
2020-10-01,4355.0,4350.0,4710.0,4600.0,68273.0,4465.0,0.0,0.0,0.0
2020-10-02,4355.0,4350.0,4710.0,4600.0,68273.0,4465.0,0.0,0.0,0.0
2020-10-05,4600.0,4575.0,4820.0,4710.0,69264.0,4458.0,2.3913,0.023631562070431225,0.023631562070431225
2020-10-06,4690.0,4575.0,4765.0,4575.0,50173.0,4513.0,-2.8662,-0.029080776514050114,-0.029080776514050114
2020-10-07,4575.0,4500.0,4655.0,4630.0,28678.0,4574.0,1.2022,0.011950309759417091,0.011950309759417091
2020-10-08,4630.0,4490.0,4660.0,4520.0,37451.0,4607.0,-2.3758,-0.024044772484096505,-0.024044772484096505
2020-10-09,4630.0,4490.0,4660.0,4520.0,37451.0,4607.0,0.0,0.0,0.0
2020-10-12,4520.0,4520.0,4670.0,4540.0,38069.0,4595.0,0.4425,0.0044152384734096215,0.0044152384734096215
2020-10-13,4540.0,4480.0,4620.0,4540.0,41444.0,4561.0,0.0,0.0,0.0
2020-10-14,4540.0,4500.0,4610.0,4500.0,23140.0,4546.0,-0.8811,-0.008850046388186596,-0.008850046388186596
2020-10-15,4460.0,4170.0,4495.0,4275.0,32410.0,4475.0,-5.0,-0.05129329438755058,-0.046043938501406846
2020-10-16,4230.0,4025.0,4235.0,4095.0,29129.0,4390.0,-4.2105,-0.04301711035845375,-0.04301711035845375
2020-10-19,4085.0,3945.0,4110.0,4110.0,39669.0,4304.0,0.3663,0.003656307553475421,0.003656307553475421
2020-10-20,4030.0,4005.0,4200.0,4115.0,18143.0,4219.0,0.1217,0.0012162600557805885,0.0012162600557805885
2020-10-21,4130.0,4105.0,4205.0,4205.0,9908.0,4160.0,2.1871,0.02163526072273127,0.02163526072273127
2020-10-22,4205.0,4135.0,4260.0,4170.0,14916.0,4139.0,-0.8323,-0.008357829556738925,-0.008357829556738925
2020-10-23,4135.0,4045.0,4150.0,4130.0,13828.0,4146.0,-0.9592,-0.009638299540002133,-0.009638299540002133
2020-10-26,4080.0,3905.0,4090.0,4085.0,31638.0,4141.0,-1.0896,-0.010955796164042077,-0.010955796164042077
2020-10-27,4005.0,3835.0,4085.0,3995.0,27819.0,4117.0,-2.2032,-0.02227832931902611,-0.02227832931902611
2020-10-28,3995.0,3955.0,4030.0,3955.0,14534.0,4067.0,-1.0013,-0.010063467252849252,-0.010063467252849252
2020-10-29,3975.0,3855.0,3980.0,3880.0,34900.0,4009.0,-1.8963,-0.019145103512329318,-0.019145103512329318
2020-10-30,3880.0,3800.0,3880.0,3815.0,16585.0,3946.0,-1.6753,-0.016894918780898723,-0.016894918780898723
2020-11-02,3780.0,3780.0,3860.0,3815.0,19201.0,3892.0,0.0,0.0,0.0
2020-11-03,3815.0,3815.0,4040.0,4030.0,21644.0,3899.0,5.6356,0.054825249683603305,0.051513120224080874
2020-11-04,4020.0,4010.0,4055.0,4050.0,14807.0,3918.0,0.4963,0.004950724912918483,0.004950724912918483
2020-11-05,4090.0,4035.0,4090.0,4060.0,18114.0,3954.0,0.2469,0.0024659570272040844,0.0024659570272040844
2020-11-06,4060.0,4040.0,4170.0,4060.0,7329.0,4003.0,0.0,0.0,0.0
2020-11-09,4140.0,4040.0,4275.0,4275.0,30919.0,4095.0,5.2956,0.051601446903686635,0.051513120224080874
2020-11-10,4275.0,4215.0,4310.0,4235.0,12150.0,4136.0,-0.9357,-0.009401051734567166,-0.009401051734567166
2020-11-11,4235.0,4095.0,4235.0,4095.0,9493.0,4145.0,-3.3058,-0.03361676464515068,-0.03361676464515068
2020-11-12,4095.0,4080.0,4130.0,4115.0,10369.0,4156.0,0.4884,0.0048721119637331715,0.0048721119637331715
2020-11-13,4110.0,4080.0,4125.0,4115.0,9730.0,4167.0,0.0,0.0,0.0
2020-11-16,4115.0,4000.0,4115.0,4000.0,22200.0,4112.0,-2.7947,-0.02834494925925598,-0.02834494925925598
2020-11-17,4040.0,3955.0,4040.0,4015.0,12786.0,4068.0,0.375,0.003742986278834297,0.003742986278834297
2020-11-18,4015.0,4015.0,4100.0,4025.0,6544.0,4054.0,0.2491,0.002487902602178996,0.002487902602178996
2020-11-19,4065.0,3975.0,4090.0,4030.0,10446.0,4037.0,0.1242,0.001241229356027176,0.001241229356027176
2020-11-20,4030.0,3950.0,4030.0,4000.0,9707.0,4014.0,-0.7444,-0.007471844838715451,-0.007471844838715451
2020-11-23,4065.0,3970.0,4065.0,3970.0,7012.0,4008.0,-0.75,-0.0075282664207915245,-0.0075282664207915245
2020-11-24,4095.0,3950.0,4095.0,3965.0,9818.0,3998.0,-0.1259,-0.0012597932063344234,-0.0012597932063344234
2020-11-25,3965.0,3950.0,4070.0,3990.0,22204.0,3991.0,0.6305,0.006285206642014146,0.006285206642014146
2020-11-26,3955.0,3925.0,3980.0,3950.0,8709.0,3975.0,-1.0025,-0.0100755886976043,-0.0100755886976043
2020-11-27,3950.0,3925.0,3970.0,3965.0,10942.0,3968.0,0.3797,0.003789809591074277,0.003789809591074277
2020-11-30,4080.0,3955.0,4080.0,3985.0,18714.0,3971.0,0.5044,0.005031321647202338,0.005031321647202338
2020-12-01,3975.0,3975.0,4150.0,4060.0,25163.0,3990.0,1.8821,0.018646076396007308,0.018646076396007308
2020-12-02,4060.0,4035.0,4115.0,4100.0,29229.0,4012.0,0.9852,0.009803785462451442,0.009803785462451442
2020-12-03,4050.0,4050.0,4160.0,4150.0,26384.0,4052.0,1.2195,0.012121240050409798,0.012121240050409798
2020-12-04,4150.0,4050.0,4170.0,4100.0,29368.0,4079.0,-1.2048,-0.012121165410412573,-0.012121165410412573
2020-12-07,4100.0,3985.0,4100.0,4010.0,25618.0,4084.0,-2.1951,-0.022195507952906802,-0.022195507952906802
2020-12-08,4015.0,3965.0,4030.0,4025.0,14961.0,4077.0,0.3741,0.003734019862546517,0.003734019862546517
2020-12-09,4025.0,3935.0,4060.0,4060.0,12780.0,4069.0,0.8696,0.008658407570641371,0.008658407570641371
2020-12-10,4035.0,4005.0,4100.0,4040.0,36191.0,4047.0,-0.4926,-0.0049381727296974,-0.0049381727296974
2020-12-11,4060.0,4015.0,4060.0,4030.0,9754.0,4033.0,-0.2475,-0.002478067875540063,-0.002478067875540063
2020-12-14,4020.0,3790.0,4030.0,4000.0,21095.0,4031.0,-0.7444,-0.007471844838715451,-0.007471844838715451
2020-12-15,4000.0,3920.0,4005.0,4005.0,13022.0,4027.0,0.125,0.0012492194004318981,0.0012492194004318981
2020-12-16,4005.0,3950.0,4010.0,3970.0,13384.0,4009.0,-0.8739,-0.00877740899503003,-0.00877740899503003
2020-12-17,3970.0,3950.0,4010.0,4000.0,14838.0,4001.0,0.7557,0.007528588920739606,0.007528588920739606
2020-12-18,4000.0,3990.0,4170.0,4040.0,28521.0,4003.0,1.0,0.009950330853168092,0.009950330853168092
2020-12-21,4040.0,4025.0,4150.0,4145.0,55951.0,4032.0,2.599,0.02565800011238549,0.02565800011238549
2020-12-22,4145.0,3995.0,4145.0,4005.0,24584.0,4032.0,-3.3776,-0.03435958759260081,-0.03435958759260081
2020-12-23,3985.0,3910.0,4005.0,3945.0,16728.0,4027.0,-1.4981,-0.015094348655983598,-0.015094348655983598
2020-12-24,3920.0,3875.0,4050.0,4045.0,39104.0,4036.0,2.5349,0.025033042442431423,0.025033042442431423
2020-12-28,4100.0,4010.0,4130.0,4095.0,54278.0,4047.0,1.2361,0.012285226623635839,0.012285226623635839
2020-12-29,4095.0,4095.0,4380.0,4345.0,72394.0,4087.0,6.105,0.05925898387492169,0.051513120224080874
2020-12-30,4345.0,4270.0,4405.0,4400.0,29805.0,4166.0,1.2658,0.012578557206834862,0.012578557206834862
2020-12-31,4345.0,4270.0,4405.0,4400.0,29805.0,4166.0,0.0,0.0,0.0
2021-01-04,4400.0,4315.0,4445.0,4445.0,29163.0,4266.0,1.0227,0.010175058075361749,0.010175058075361749
2021-01-05,4445.0,4425.0,4525.0,4500.0,66731.0,4357.0,1.2373,0.01229708003252811,0.01229708003252811
2021-01-06,4545.0,4500.0,4580.0,4530.0,76523.0,4444.0,0.6667,0.00664487384444155,0.00664487384444155
2021-01-07,4570.0,4530.0,4655.0,4655.0,127495.0,4506.0,2.7594,0.02722014738874452,0.02722014738874452
2021-01-08,4780.0,4655.0,6050.0,6050.0,495215.0,4836.0,29.9678,0.2621165414789928,0.051513120224080874
2021-01-11,6800.0,5420.0,6800.0,5700.0,919043.0,5087.0,-5.7851,-0.05959184281631306,-0.046043938501406846
2021-01-12,6060.0,5850.0,7300.0,6650.0,2195333.0,5517.0,16.6667,0.15415096554150312,0.051513120224080874
2021-01-13,6520.0,6250.0,7130.0,6810.0,610630.0,5973.0,2.406,0.023775118650769297,0.023775118650769297
2021-01-14,6900.0,6700.0,7480.0,7170.0,293524.0,6476.0,5.2863,0.051513120224080874,0.051513120224080874
2021-01-15,7240.0,6940.0,7240.0,7000.0,170629.0,6666.0,-2.371,-0.023995605556220694,-0.023995605556220694
2021-01-18,6900.0,6410.0,6900.0,6410.0,204158.0,6808.0,-8.4286,-0.08805119013526377,-0.046043938501406846
2021-01-19,6300.0,6100.0,6790.0,6570.0,257562.0,6792.0,2.4961,0.024654563086010498,0.024654563086010498
2021-01-20,6570.0,6000.0,6600.0,6260.0,166544.0,6682.0,-4.7184,-0.048333468470789974,-0.046043938501406846
2021-01-21,6110.0,5750.0,6170.0,5940.0,245986.0,6436.0,-5.1118,-0.052470829515256064,-0.046043938501406846
2021-01-22,5960.0,5740.0,6140.0,5930.0,106410.0,6222.0,-0.1684,-0.0016854195218737524,-0.0016854195218737524
2021-01-25,5940.0,5700.0,6280.0,6240.0,178622.0,6188.0,5.2277,0.05095638764084542,0.05095638764084542
2021-01-26,6230.0,6130.0,6540.0,6430.0,172093.0,6160.0,3.0449,0.029994629585106,0.029994629585106
2021-01-27,6660.0,6000.0,6770.0,6180.0,271154.0,6144.0,-3.888,-0.03965600788028578,-0.03965600788028578
2021-01-28,5980.0,5870.0,6070.0,6000.0,103462.0,6156.0,-2.9126,-0.029558582241568588,-0.029558582241568588
2021-01-29,5970.0,5360.0,6060.0,5540.0,138333.0,6078.0,-7.6667,-0.07976532947975809,-0.046043938501406846
2021-02-01,5430.0,5310.0,5550.0,5450.0,64246.0,5920.0,-1.6245,-0.01637839667131837,-0.01637839667131837
2021-02-02,5670.0,5480.0,5670.0,5540.0,50055.0,5742.0,1.6514,0.016379126741051832,0.016379126741051832
2021-02-03,5660.0,5570.0,5960.0,5830.0,86598.0,5672.0,5.2347,0.05102290783640132,0.05102290783640132
2021-02-04,5940.0,5670.0,5940.0,5680.0,43202.0,5608.0,-2.5729,-0.026065779953284768,-0.026065779953284768
2021-02-05,5700.0,5700.0,5890.0,5840.0,31703.0,5668.0,2.8169,0.027779550408445583,0.027779550408445583
2021-02-08,5720.0,5560.0,5790.0,5580.0,37960.0,5694.0,-4.4521,-0.045542493565307644,-0.045542493565307644
2021-02-09,5600.0,5590.0,5940.0,5730.0,50022.0,5732.0,2.6882,0.026527026584700537,0.026527026584700537
2021-02-10,5730.0,5570.0,5950.0,5900.0,49569.0,5746.0,2.9668,0.029236420184945596,0.029236420184945596
2021-02-11,5730.0,5570.0,5950.0,5900.0,49569.0,5746.0,0.0,0.0,0.0
2021-02-12,5730.0,5570.0,5950.0,5900.0,49569.0,5746.0,0.0,0.0,0.0
2021-02-15,5910.0,5880.0,6240.0,6100.0,93619.0,5830.0,3.3898,0.03333612518558103,0.03333612518558103
2021-02-16,6110.0,6060.0,6300.0,6100.0,71072.0,5882.0,0.0,0.0,0.0
2021-02-17,6100.0,6070.0,6180.0,6140.0,63603.0,5994.0,0.6557,0.006535596386881419,0.006535596386881419
2021-02-18,6140.0,6070.0,6230.0,6150.0,61810.0,6078.0,0.1629,0.0016276746186690038,0.0016276746186690038
2021-02-19,6120.0,6020.0,6250.0,6200.0,41402.0,6138.0,0.813,0.008097129587454798,0.008097129587454798
2021-02-22,6180.0,5700.0,6200.0,5790.0,119791.0,6076.0,-6.6129,-0.06841696592382825,-0.046043938501406846
2021-02-23,5790.0,5480.0,5790.0,5620.0,41950.0,5980.0,-2.9361,-0.02980066148713389,-0.02980066148713389
2021-02-24,5640.0,5600.0,5800.0,5680.0,29966.0,5888.0,1.0676,0.010619413897870718,0.010619413897870718
2021-02-25,5650.0,5550.0,5680.0,5550.0,24731.0,5768.0,-2.2887,-0.023152973443240254,-0.023152973443240254
2021-02-26,5570.0,5560.0,5840.0,5690.0,60196.0,5666.0,2.5225,0.024912100696216796,0.024912100696216796
2021-03-01,5570.0,5560.0,5840.0,5690.0,60196.0,5666.0,0.0,0.0,0.0
2021-03-02,5890.0,5320.0,5890.0,5410.0,81383.0,5590.0,-4.9209,-0.050461009253982,-0.046043938501406846
2021-03-03,5410.0,5160.0,5450.0,5270.0,51695.0,5520.0,-2.5878,-0.026218726510052744,-0.026218726510052744
2021-03-04,5360.0,5090.0,5360.0,5300.0,45599.0,5444.0,0.5693,0.005676856117933441,0.005676856117933441
2021-03-05,5260.0,5130.0,5430.0,5420.0,20716.0,5418.0,2.2642,0.022389474598160732,0.022389474598160732
2021-03-08,5410.0,5180.0,5440.0,5240.0,25449.0,5328.0,-3.321,-0.033773973607212626,-0.033773973607212626
2021-03-09,5240.0,5030.0,5240.0,5150.0,34127.0,5276.0,-1.7176,-0.01732521860885689,-0.01732521860885689
2021-03-10,5160.0,5160.0,5320.0,5310.0,33105.0,5284.0,3.1068,0.0305951582429855,0.0305951582429855
2021-03-11,5390.0,5280.0,5660.0,5580.0,30697.0,5340.0,5.0847,0.049596505655406395,0.049596505655406395
2021-03-12,5580.0,5580.0,5830.0,5710.0,34837.0,5398.0,2.3297,0.023029767414689126,0.023029767414689126
2021-03-15,5710.0,5680.0,5900.0,5870.0,23458.0,5524.0,2.8021,0.02763559483988857,0.02763559483988857
2021-03-16,5850.0,5710.0,5970.0,5730.0,26689.0,5640.0,-2.385,-0.024139015853325826,-0.024139015853325826
2021-03-17,5730.0,5590.0,5750.0,5610.0,17842.0,5700.0,-2.0942,-0.02116439407983079,-0.02116439407983079
2021-03-18,5610.0,5610.0,5840.0,5840.0,8545.0,5752.0,4.0998,0.04017986840139942,0.04017986840139942
2021-03-19,5840.0,5460.0,5910.0,5890.0,25214.0,5788.0,0.8562,0.008525553964214061,0.008525553964214061
2021-03-22,5840.0,5830.0,6000.0,5900.0,86953.0,5794.0,0.1698,0.001696560027818044,0.001696560027818044
2021-03-23,6010.0,5710.0,6010.0,5960.0,14168.0,5840.0,1.0169,0.010117643588285131,0.010117643588285131
2021-03-24,5970.0,5960.0,6560.0,6100.0,203160.0,5938.0,2.349,0.023218355675775525,0.023218355675775525
2021-03-25,6100.0,5790.0,6130.0,5830.0,53464.0,5936.0,-4.4262,-0.04527146206905632,-0.04527146206905632
2021-03-26,5900.0,5780.0,5930.0,5930.0,31940.0,5944.0,1.7153,0.01700754822896426,0.01700754822896426
2021-03-29,5930.0,5930.0,6300.0,6150.0,57155.0,5994.0,3.7099,0.03642739238591469,0.03642739238591469
2021-03-30,6150.0,6040.0,6280.0,6180.0,28705.0,6038.0,0.4878,0.004866141107482342,0.004866141107482342
2021-03-31,6140.0,5950.0,6170.0,5980.0,29574.0,6014.0,-3.2362,-0.03289722859078385,-0.03289722859078385
2021-04-01,5980.0,5900.0,6060.0,6040.0,24346.0,6056.0,1.0033,0.009983003586735203,0.009983003586735203
2021-04-02,6040.0,5820.0,6060.0,5880.0,21753.0,6046.0,-2.649,-0.02684718200897947,-0.02684718200897947
2021-04-05,5910.0,5830.0,5960.0,5850.0,16106.0,5986.0,-0.5102,-0.005115059641130294,-0.005115059641130294
2021-04-06,5940.0,5850.0,6090.0,6050.0,45635.0,5960.0,3.4188,0.03361657774113329,0.03361657774113329
2021-04-07,6050.0,5980.0,6280.0,6200.0,46200.0,6004.0,2.4793,0.02449064097596594,0.02449064097596594
2021-04-08,6210.0,6130.0,6230.0,6190.0,23131.0,6034.0,-0.1613,-0.0016143022850789283,-0.0016143022850789283
2021-04-09,6190.0,5970.0,6190.0,6120.0,23958.0,6082.0,-1.1309,-0.011373432982825591,-0.011373432982825591
2021-04-12,6120.0,5970.0,6150.0,6140.0,30419.0,6140.0,0.3268,0.003262671693448012,0.003262671693448012
2021-04-13,6140.0,5920.0,6200.0,6140.0,34224.0,6158.0,0.0,0.0,0.0
2021-04-14,6150.0,6010.0,6160.0,6050.0,29793.0,6128.0,-1.4658,-0.01476648995101189,-0.01476648995101189
2021-04-15,6050.0,5980.0,6060.0,6030.0,18277.0,6096.0,-0.3306,-0.003311476892402342,-0.003311476892402342
2021-04-16,6030.0,6000.0,6270.0,6190.0,47444.0,6110.0,2.6534,0.02618807918842848,0.02618807918842848
2021-04-19,6190.0,6010.0,6360.0,6350.0,60305.0,6152.0,2.5848,0.025519587625408867,0.025519587625408867
2021-04-20,6350.0,6310.0,6450.0,6320.0,43943.0,6188.0,-0.4724,-0.004735193353513734,-0.004735193353513734
2021-04-21,6320.0,6250.0,6710.0,6710.0,132177.0,6320.0,6.1709,0.059879873972356765,0.051513120224080874
2021-04-22,6710.0,6470.0,6710.0,6520.0,64817.0,6418.0,-2.8316,-0.0287246302597543,-0.0287246302597543
2021-04-23,6510.0,6340.0,6540.0,6400.0,40545.0,6460.0,-1.8405,-0.01857647932293981,-0.01857647932293981
2021-04-26,6440.0,6410.0,7080.0,6900.0,241291.0,6570.0,7.8125,0.07522342123758753,0.051513120224080874
2021-04-27,6900.0,6720.0,6930.0,6910.0,122393.0,6688.0,0.1449,0.0014479512125065114,0.0014479512125065114
2021-04-28,6860.0,6770.0,7400.0,7200.0,225908.0,6786.0,4.1968,0.04111123268686345,0.04111123268686345
2021-04-29,7140.0,7130.0,7850.0,7400.0,395778.0,6962.0,2.7778,0.027399190404307362,0.027399190404307362
2021-04-30,7410.0,7270.0,7450.0,7390.0,55311.0,7160.0,-0.1351,-0.0013519134232825823,-0.0013519134232825823
2021-05-03,7410.0,7350.0,7740.0,7620.0,75479.0,7304.0,3.1123,0.0306484995678317,0.0306484995678317
2021-05-04,7660.0,7500.0,7890.0,7890.0,93052.0,7500.0,3.5433,0.034819696718161035,0.034819696718161035
2021-05-05,7660.0,7500.0,7890.0,7890.0,93052.0,7500.0,0.0,0.0,0.0
2021-05-06,7890.0,7850.0,9170.0,9000.0,837595.0,7860.0,14.0684,0.13162808247837174,0.051513120224080874
2021-05-07,9010.0,8920.0,9470.0,9400.0,206330.0,8260.0,4.4444,0.04348468640773333,0.04348468640773333
2021-05-10,9470.0,9420.0,10200.0,10150.0,396510.0,8812.0,7.9787,0.0767637994630462,0.051513120224080874
2021-05-11,10150.0,9700.0,10700.0,10100.0,175148.0,9308.0,-0.4926,-0.0049381727296974,-0.0049381727296974
2021-05-12,10100.0,9770.0,10750.0,10500.0,131901.0,9830.0,3.9604,0.03883987141150126,0.03883987141150126
2021-05-13,10300.0,10000.0,10850.0,10250.0,106683.0,10080.0,-2.381,-0.024098039384057527,-0.024098039384057527
2021-05-14,10250.0,9750.0,10350.0,10150.0,130831.0,10230.0,-0.9756,-0.009803901574458198,-0.009803901574458198
2021-05-17,10000.0,9640.0,10150.0,9800.0,90307.0,10160.0,-3.4483,-0.0350915698113014,-0.0350915698113014
2021-05-18,9800.0,9650.0,10100.0,10100.0,82950.0,10160.0,3.0612,0.030152800546897004,0.030152800546897004
2021-05-19,9800.0,9650.0,10100.0,10100.0,82950.0,10160.0,0.0,0.0,0.0
2021-05-20,10100.0,9700.0,10100.0,9960.0,48975.0,10052.0,-1.3861,-0.013957960684518515,-0.013957960684518515
2021-05-21,9950.0,9500.0,9980.0,9500.0,78664.0,9902.0,-4.6185,-0.04728554667425973,-0.046043938501406846
2021-05-24,9400.0,9350.0,9720.0,9500.0,50750.0,9772.0,0.0,0.0,0.0
2021-05-25,9450.0,9390.0,9700.0,9670.0,52945.0,9746.0,1.7895,0.01773676939021523,0.01773676939021523
2021-05-26,9680.0,9580.0,10050.0,9730.0,93567.0,9672.0,0.6205,0.006185828253750445,0.006185828253750445
2021-05-27,9730.0,9330.0,9730.0,9440.0,58068.0,9568.0,-2.9805,-0.03025819676088273,-0.03025819676088273
2021-05-28,9380.0,9300.0,9620.0,9460.0,35995.0,9560.0,0.2119,0.002116758086018511,0.002116758086018511
2021-05-31,9620.0,9370.0,9660.0,9660.0,31498.0,9592.0,2.1142,0.02092160884588086,0.02092160884588086
2021-06-01,9660.0,9510.0,9690.0,9540.0,25324.0,9566.0,-1.2422,-0.012499797984423834,-0.012499797984423834
2021-06-02,9530.0,9350.0,9530.0,9500.0,20492.0,9520.0,-0.4193,-0.004201815274760888,-0.004201815274760888
2021-06-03,9500.0,9330.0,10000.0,9560.0,97680.0,9544.0,0.6316,0.006296137661813792,0.006296137661813792
2021-06-04,9560.0,9310.0,9560.0,9320.0,32404.0,9516.0,-2.5105,-0.025425506091215154,-0.025425506091215154
2021-06-07,9320.0,8880.0,9410.0,9200.0,79305.0,9424.0,-1.2876,-0.012959614207832827,-0.012959614207832827
2021-06-08,9240.0,9010.0,9270.0,9010.0,16688.0,9318.0,-2.0652,-0.0208682348542977,-0.0208682348542977
2021-06-09,9000.0,8200.0,9000.0,8250.0,206095.0,9068.0,-8.4351,-0.08812217551612753,-0.046043938501406846
2021-06-10,8250.0,8210.0,8520.0,8400.0,56817.0,8836.0,1.8182,0.018018684074090865,0.018018684074090865
2021-06-11,8500.0,8440.0,8610.0,8580.0,29024.0,8688.0,2.1429,0.02120262723093446,0.02120262723093446
2021-06-14,8750.0,8350.0,8750.0,8400.0,36510.0,8528.0,-2.0979,-0.021202186222031752,-0.021202186222031752
2021-06-15,8420.0,8370.0,8650.0,8400.0,47270.0,8406.0,0.0,0.0,0.0
2021-06-16,8600.0,8410.0,8600.0,8500.0,19654.0,8456.0,1.1905,0.011834692941092859,0.011834692941092859
2021-06-17,8500.0,8400.0,8660.0,8430.0,31875.0,8462.0,-0.8235,-0.008269094922645548,-0.008269094922645548
2021-06-18,8440.0,8360.0,8630.0,8520.0,29936.0,8450.0,1.0676,0.010619413897870718,0.010619413897870718
2021-06-21,8520.0,8400.0,8550.0,8530.0,32576.0,8476.0,0.1174,0.001173311400890884,0.001173311400890884
2021-06-22,8530.0,8330.0,8570.0,8330.0,31393.0,8462.0,-2.3447,-0.023726254664633337,-0.023726254664633337
2021-06-23,8370.0,8120.0,8540.0,8150.0,34734.0,8392.0,-2.1609,-0.021845893343224284,-0.021845893343224284
2021-06-24,8150.0,7860.0,8250.0,7940.0,56286.0,8294.0,-2.5767,-0.026104784235549315,-0.026104784235549315
2021-06-25,7940.0,7900.0,8280.0,8170.0,55786.0,8224.0,2.8967,0.02855538636681453,0.02855538636681453
2021-06-28,8210.0,8210.0,8700.0,8640.0,56744.0,8246.0,5.7528,0.055934109129143254,0.051513120224080874
2021-06-29,8640.0,8510.0,8690.0,8640.0,24626.0,8308.0,0.0,0.0,0.0
2021-06-30,8640.0,8450.0,8680.0,8450.0,23104.0,8368.0,-2.1991,-0.02223640653567429,-0.02223640653567429
2021-07-01,8530.0,8450.0,8530.0,8500.0,16725.0,8480.0,0.5917,0.0058995633036462184,0.0058995633036462184
2021-07-02,8500.0,8400.0,8610.0,8510.0,54418.0,8548.0,0.1176,0.0011753090536489516,0.0011753090536489516
2021-07-05,8530.0,8530.0,8830.0,8770.0,81450.0,8574.0,3.0552,0.03009458101655675,0.03009458101655675
2021-07-06,8770.0,8610.0,8850.0,8780.0,29700.0,8602.0,0.114,0.0011393506934260637,0.0011393506934260637
2021-07-07,8780.0,8470.0,8780.0,8580.0,31935.0,8628.0,-2.2779,-0.023042449858111064,-0.023042449858111064
2021-07-08,8460.0,8050.0,8580.0,8150.0,95462.0,8558.0,-5.0117,-0.051416459866843595,-0.046043938501406846
2021-07-09,8080.0,7700.0,8110.0,8030.0,86481.0,8462.0,-1.4724,-0.014833474013904533,-0.014833474013904533
2021-07-12,7950.0,7860.0,8030.0,8030.0,23228.0,8314.0,0.0,0.0,0.0
2021-07-13,8070.0,8070.0,8560.0,8480.0,28563.0,8254.0,5.604,0.05452606335456543,0.051513120224080874
2021-07-14,8590.0,8390.0,8600.0,8400.0,49953.0,8218.0,-0.9434,-0.009478782049782647,-0.009478782049782647
2021-07-15,8460.0,8400.0,8630.0,8410.0,25589.0,8270.0,0.119,0.001189292511218833,0.001189292511218833
2021-07-16,8410.0,8260.0,8440.0,8400.0,18465.0,8344.0,-0.1189,-0.0011897074213048794,-0.0011897074213048794
2021-07-19,8400.0,8190.0,8480.0,8260.0,23101.0,8390.0,-1.6667,-0.016807457299489525,-0.016807457299489525
2021-07-20,8240.0,7750.0,8240.0,7870.0,50659.0,8268.0,-4.7215,-0.048366004138018046,-0.046043938501406846
2021-07-21,7870.0,7540.0,7950.0,7670.0,60959.0,8122.0,-2.5413,-0.025741487467357785,-0.025741487467357785
2021-07-22,7650.0,7590.0,7720.0,7640.0,26893.0,7968.0,-0.3911,-0.003918667959957247,-0.003918667959957247
2021-07-23,7660.0,7660.0,7920.0,7850.0,36098.0,7858.0,2.7487,0.027116015240088047,0.027116015240088047
2021-07-26,8100.0,7760.0,8100.0,7770.0,59536.0,7760.0,-1.0191,-0.010243283759680784,-0.010243283759680784
2021-07-27,7700.0,7700.0,7860.0,7780.0,31017.0,7742.0,0.1287,0.001286172525397155,0.001286172525397155
2021-07-28,7780.0,7600.0,7830.0,7750.0,34967.0,7758.0,-0.3856,-0.0038634535347228495,-0.0038634535347228495
2021-07-29,7750.0,7560.0,7750.0,7680.0,26795.0,7766.0,-0.9032,-0.009073035789042111,-0.009073035789042111
2021-07-30,7680.0,7680.0,7910.0,7760.0,32592.0,7748.0,1.0417,0.010363116932399283,0.010363116932399283
2021-08-02,7700.0,7470.0,7700.0,7650.0,31676.0,7724.0,-1.4175,-0.01427642491880864,-0.01427642491880864
2021-08-03,7650.0,7630.0,7880.0,7780.0,33197.0,7724.0,1.6993,0.016850234053551183,0.016850234053551183
2021-08-04,7790.0,7720.0,8170.0,8140.0,49953.0,7802.0,4.6272,0.045233370079565766,0.045233370079565766
2021-08-05,8140.0,8140.0,8250.0,8250.0,25403.0,7916.0,1.3514,0.013423500332025513,0.013423500332025513
2021-08-06,8250.0,8160.0,8340.0,8290.0,31403.0,8022.0,0.4848,0.004836286291450501,0.004836286291450501
2021-08-09,8290.0,8080.0,8330.0,8280.0,35900.0,8148.0,-0.1206,-0.0012067278032126692,-0.0012067278032126692
2021-08-10,8280.0,8140.0,8380.0,8360.0,41575.0,8264.0,0.9662,0.009615621378854595,0.009615621378854595
2021-08-11,8270.0,8240.0,8410.0,8390.0,33717.0,8314.0,0.3589,0.00358257490801443,0.00358257490801443
2021-08-12,8350.0,8240.0,8420.0,8390.0,28484.0,8342.0,0.0,0.0,0.0
2021-08-13,8350.0,7930.0,8350.0,8040.0,43715.0,8292.0,-4.1716,-0.04261109400471661,-0.04261109400471661
2021-08-16,8350.0,7930.0,8350.0,8040.0,43715.0,8292.0,0.0,0.0,0.0
2021-08-17,7940.0,7470.0,7950.0,7470.0,55011.0,8130.0,-7.0896,-0.07353459810250605,-0.046043938501406846
2021-08-18,7400.0,7270.0,7540.0,7470.0,57384.0,7952.0,0.0,0.0,0.0
2021-08-19,7420.0,7200.0,7620.0,7230.0,59367.0,7720.0,-3.2129,-0.03265646504886742,-0.03265646504886742
2021-08-20,7230.0,7000.0,7310.0,7170.0,73343.0,7476.0,-0.8299,-0.00833362842109943,-0.00833362842109943
2021-08-23,7340.0,7330.0,9000.0,7810.0,708133.0,7430.0,8.9261,0.08549948465618341,0.051513120224080874
2021-08-24,7810.0,7700.0,8170.0,7970.0,211141.0,7530.0,2.0487,0.020279964333119287,0.020279964333119287
2021-08-25,7980.0,7870.0,8110.0,8110.0,106662.0,7658.0,1.7566,0.01741350109584346,0.01741350109584346
2021-08-26,8110.0,8040.0,8320.0,8060.0,105833.0,7824.0,-0.6165,-0.006184082080274967,-0.006184082080274967
2021-08-27,8060.0,8010.0,8410.0,8400.0,86564.0,8070.0,4.2184,0.04131851123542742,0.04131851123542742
2021-08-30,8500.0,8440.0,9000.0,8890.0,160922.0,8286.0,5.8333,0.05669502871586573,0.051513120224080874
2021-08-31,8890.0,8770.0,9500.0,9500.0,176144.0,8592.0,6.8616,0.06636435329112994,0.051513120224080874
2021-09-01,9500.0,9100.0,9500.0,9190.0,99597.0,8808.0,-3.2632,-0.03317629749470692,-0.03317629749470692
2021-09-02,9180.0,9030.0,9350.0,9140.0,57365.0,9024.0,-0.5441,-0.005455856153224798,-0.005455856153224798
2021-09-03,9140.0,9010.0,9290.0,9140.0,47626.0,9172.0,0.0,0.0,0.0
2021-09-06,9140.0,8910.0,9140.0,8940.0,51563.0,9182.0,-2.1882,-0.02212496182874796,-0.02212496182874796
2021-09-07,8940.0,8900.0,9080.0,8970.0,30544.0,9076.0,0.3356,0.003350381199619852,0.003350381199619852
2021-09-08,8970.0,8620.0,8980.0,8670.0,64687.0,8972.0,-3.3445,-0.034017075589691005,-0.034017075589691005
2021-09-09,8540.0,8520.0,8880.0,8860.0,113847.0,8916.0,2.1915,0.021678318068272077,0.021678318068272077
2021-09-10,8790.0,8720.0,8930.0,8780.0,51907.0,8844.0,-0.9029,-0.009070008450662788,-0.009070008450662788
2021-09-13,8780.0,8400.0,8860.0,8510.0,53308.0,8758.0,-3.0752,-0.031234765884349466,-0.031234765884349466
2021-09-14,8510.0,8380.0,8580.0,8410.0,38647.0,8646.0,-1.1751,-0.011820588695558099,-0.011820588695558099
2021-09-15,8410.0,7800.0,8460.0,8290.0,73913.0,8570.0,-1.4269,-0.014371781074120642,-0.014371781074120642
2021-09-16,8450.0,8330.0,8520.0,8380.0,75092.0,8474.0,1.0856,0.010797496659336547,0.010797496659336547
2021-09-17,8490.0,8490.0,9330.0,8830.0,445376.0,8484.0,5.3699,0.05230683058616675,0.051513120224080874
2021-09-20,8490.0,8490.0,9330.0,8830.0,445376.0,8484.0,0.0,0.0,0.0
2021-09-21,8490.0,8490.0,9330.0,8830.0,445376.0,8484.0,0.0,0.0,0.0
2021-09-22,8490.0,8490.0,9330.0,8830.0,445376.0,8484.0,0.0,0.0,0.0
2021-09-23,8800.0,8630.0,8800.0,8650.0,62835.0,8512.0,-2.0385,-0.020595641648960644,-0.020595641648960644
2021-09-24,8650.0,8130.0,8650.0,8150.0,120423.0,8460.0,-5.7803,-0.0595408967586248,-0.046043938501406846
2021-09-27,8020.0,7910.0,8150.0,8150.0,41224.0,8432.0,0.0,0.0,0.0
2021-09-28,8070.0,7780.0,8070.0,7780.0,57208.0,8312.0,-4.5399,-0.04646182685170243,-0.046043938501406846
2021-09-29,7710.0,7420.0,7710.0,7520.0,54250.0,8050.0,-3.3419,-0.033990176292381824,-0.033990176292381824
2021-09-30,7490.0,7400.0,7530.0,7450.0,43300.0,7810.0,-0.9309,-0.009352599530133862,-0.009352599530133862
2021-10-01,7460.0,7050.0,7460.0,7100.0,96203.0,7600.0,-4.698,-0.04811938918927877,-0.046043938501406846
2021-10-04,7460.0,7050.0,7460.0,7100.0,96203.0,7600.0,0.0,0.0,0.0
2021-10-05,7050.0,6740.0,7070.0,6940.0,64098.0,7358.0,-2.2535,-0.022792793390251403,-0.022792793390251403
2021-10-06,6940.0,6730.0,7060.0,6740.0,44191.0,7150.0,-2.8818,-0.02924139262130812,-0.02924139262130812
2021-10-07,6770.0,6770.0,7050.0,7040.0,28674.0,7054.0,4.451,0.0435478759274854,0.0435478759274854
2021-10-08,7070.0,7000.0,7150.0,7080.0,31477.0,6980.0,0.5682,0.005665918326621435,0.005665918326621435
2021-10-11,7070.0,7000.0,7150.0,7080.0,31477.0,6980.0,0.0,0.0,0.0
2021-10-12,7080.0,6740.0,7080.0,6870.0,51315.0,6934.0,-2.9661,-0.030109784004121714,-0.030109784004121714
2021-10-13,6740.0,6740.0,6960.0,6860.0,33021.0,6918.0,-0.1456,-0.0014570609980004607,-0.0014570609980004607
2021-10-14,6900.0,6900.0,7220.0,7190.0,26394.0,7008.0,4.8105,0.04698377171977818,0.04698377171977818
2021-10-15,7750.0,7120.0,7750.0,7400.0,41979.0,7080.0,2.9207,0.028788602801467594,0.028788602801467594
2021-10-18,7420.0,7230.0,7420.0,7300.0,24245.0,7124.0,-1.3514,-0.013606145206585181,-0.013606145206585181
2021-10-19,7300.0,7130.0,7320.0,7230.0,20299.0,7196.0,-0.9589,-0.009635270489897011,-0.009635270489897011
2021-10-20,7310.0,7130.0,7310.0,7210.0,28155.0,7266.0,-0.2766,-0.002769832446663051,-0.002769832446663051
2021-10-21,7260.0,7150.0,7310.0,7170.0,21844.0,7262.0,-0.5548,-0.005563447312955122,-0.005563447312955122
2021-10-22,7170.0,7120.0,7220.0,7190.0,19892.0,7220.0,0.2789,0.0027851179558389446,0.0027851179558389446
2021-10-25,7190.0,7110.0,7200.0,7160.0,10893.0,7192.0,-0.4172,-0.004180727073357692,-0.004180727073357692
2021-10-26,7160.0,7150.0,7410.0,7310.0,29238.0,7208.0,2.095,0.020733566386906703,0.020733566386906703
2021-10-27,7310.0,7160.0,7390.0,7200.0,22853.0,7206.0,-1.5048,-0.01516236996190715,-0.01516236996190715
2021-10-28,7210.0,7160.0,7420.0,7350.0,28311.0,7242.0,2.0833,0.020618960672070225,0.020618960672070225
2021-10-29,7340.0,6980.0,7350.0,7150.0,53671.0,7234.0,-2.7211,-0.027588075399954955,-0.027588075399954955
2021-11-01,7080.0,6950.0,7090.0,6950.0,26984.0,7192.0,-2.7972,-0.028370668352237515,-0.028370668352237515
2021-11-02,6960.0,6960.0,7200.0,7110.0,20686.0,7152.0,2.3022,0.02276099211459632,0.02276099211459632
2021-11-03,7110.0,7070.0,7210.0,7070.0,21021.0,7126.0,-0.5626,-0.005641885547411041,-0.005641885547411041
2021-11-04,7080.0,6900.0,7210.0,7090.0,33569.0,7074.0,0.2829,0.002825005910579422,0.002825005910579422
2021-11-05,7090.0,6970.0,7140.0,7070.0,22965.0,7058.0,-0.2821,-0.002824986519579602,-0.002824986519579602
2021-11-08,7000.0,6800.0,7060.0,6800.0,49231.0,7028.0,-3.819,-0.03893835302065572,-0.03893835302065572
2021-11-09,6860.0,6720.0,7070.0,6780.0,36771.0,6962.0,-0.2941,-0.0029453332386220055,-0.0029453332386220055
2021-11-10,6840.0,6390.0,6880.0,6470.0,78565.0,6842.0,-4.5723,-0.04680129328498041,-0.046043938501406846
2021-11-11,6330.0,6290.0,6530.0,6450.0,58884.0,6714.0,-0.3091,-0.003095787007471794,-0.003095787007471794
2021-11-12,7080.0,6850.0,8270.0,7900.0,1176538.0,6880.0,22.4806,0.20278246410831918,0.051513120224080874
2021-11-15,8150.0,7900.0,9580.0,9260.0,1439672.0,7372.0,17.2152,0.1588413755781971,0.051513120224080874
2021-11-16,9150.0,8610.0,9160.0,8900.0,377684.0,7796.0,-3.8877,-0.03965288652674205,-0.03965288652674205
2021-11-17,8900.0,8560.0,8930.0,8700.0,182016.0,8242.0,-2.2472,-0.022728343031583383,-0.022728343031583383
2021-11-18,8700.0,8550.0,9380.0,8580.0,254227.0,8668.0,-1.3793,-0.013889007265567672,-0.013889007265567672
2021-11-19,8600.0,8450.0,8930.0,8660.0,136958.0,8820.0,0.9324,0.009280799836597653,0.009280799836597653
2021-11-22,8660.0,8550.0,9890.0,9460.0,676972.0,8860.0,9.2379,0.08835788670506234,0.051513120224080874
2021-11-23,9430.0,8820.0,9430.0,8820.0,177979.0,8844.0,-6.7653,-0.07005021599297687,-0.046043938501406846
2021-11-24,8820.0,8590.0,8930.0,8700.0,114122.0,8844.0,-1.3605,-0.013698396082400284,-0.013698396082400284
2021-11-25,8700.0,8260.0,8840.0,8420.0,133872.0,8812.0,-3.2184,-0.032713292418183666,-0.032713292418183666
2021-11-26,8420.0,8080.0,8450.0,8300.0,136854.0,8740.0,-1.4252,-0.014354535138454723,-0.014354535138454723
2021-11-29,8050.0,7500.0,8150.0,7620.0,144791.0,8372.0,-8.1928,-0.08547946006467685,-0.046043938501406846
2021-11-30,7650.0,6970.0,7780.0,7100.0,187656.0,8028.0,-6.8241,-0.07068108142606018,-0.046043938501406846
2021-12-01,7100.0,6990.0,7580.0,7580.0,117295.0,7804.0,6.7606,0.06541875861486735,0.051513120224080874
2021-12-02,7430.0,7280.0,7630.0,7600.0,61352.0,7640.0,0.2639,0.002635523953681199,0.002635523953681199
2021-12-03,7600.0,7310.0,7600.0,7340.0,90966.0,7448.0,-3.4211,-0.03480989512919671,-0.03480989512919671
2021-12-06,7340.0,7190.0,7480.0,7340.0,52405.0,7392.0,0.0,0.0,0.0
2021-12-07,7360.0,7330.0,7590.0,7330.0,38016.0,7438.0,-0.1362,-0.001362928365051186,-0.001362928365051186
2021-12-08,7400.0,7100.0,7520.0,7210.0,73943.0,7364.0,-1.6371,-0.0165064855448401,-0.0165064855448401
2021-12-09,7210.0,7160.0,7300.0,7250.0,25501.0,7294.0,0.5548,0.0055326665352319546,0.0055326665352319546
2021-12-10,7250.0,7170.0,7320.0,7240.0,24824.0,7274.0,-0.1379,-0.001379951695526057,-0.001379951695526057
2021-12-13,7250.0,7170.0,7310.0,7170.0,22834.0,7240.0,-0.9669,-0.00971604829946896,-0.00971604829946896
2021-12-14,7170.0,6850.0,7210.0,6950.0,103333.0,7164.0,-3.0683,-0.03116357920757657,-0.03116357920757657
2021-12-15,6950.0,6800.0,7120.0,6960.0,39839.0,7114.0,0.1439,0.001437965631685069,0.001437965631685069
2021-12-16,7010.0,6950.0,7150.0,6950.0,52149.0,7054.0,-0.1437,-0.001438033474687424,-0.001438033474687424
2021-12-17,7010.0,6940.0,7180.0,7000.0,47819.0,7006.0,0.7194,0.007168246621440118,0.007168246621440118
2021-12-20,7000.0,6860.0,7300.0,7110.0,110802.0,6994.0,1.5714,0.015591813465844467,0.015591813465844467
2021-12-21,6960.0,6900.0,7050.0,7020.0,51561.0,7008.0,-1.2658,-0.012738795008225562,-0.012738795008225562
2021-12-22,7030.0,6990.0,7160.0,7000.0,32802.0,7016.0,-0.2849,-0.002853066125263584,-0.002853066125263584
2021-12-23,7050.0,6960.0,7090.0,7000.0,46691.0,7026.0,0.0,0.0,0.0
2021-12-24,7020.0,7020.0,7310.0,7260.0,52303.0,7078.0,3.7143,0.03646981752242869,0.03646981752242869
2021-12-27,7260.0,7220.0,7520.0,7470.0,59344.0,7150.0,2.8926,0.028515539785864612,0.028515539785864612
2021-12-28,7480.0,7270.0,7490.0,7310.0,36137.0,7208.0,-2.1419,-0.02165171580711542,-0.02165171580711542
2021-12-29,7390.0,7200.0,7390.0,7300.0,22717.0,7268.0,-0.1368,-0.0013689365662458962,-0.0013689365662458962
2021-12-30,7300.0,7250.0,7420.0,7410.0,16316.0,7350.0,1.5068,0.014955605323572626,0.014955605323572626
2021-12-31,7300.0,7250.0,7420.0,7410.0,16316.0,7350.0,0.0,0.0,0.0
2022-01-03,7410.0,6990.0,7500.0,7230.0,49618.0,7344.0,-2.4291,-0.024590892764008408,-0.024590892764008408
2022-01-04,7240.0,7210.0,7420.0,7410.0,27243.0,7332.0,2.4896,0.024591144027976918,0.024591144027976918
2022-01-05,7440.0,7220.0,7440.0,7230.0,25910.0,7316.0,-2.4291,-0.024590892764008408,-0.024590892764008408
2022-01-06,7160.0,7100.0,7290.0,7160.0,43277.0,7288.0,-0.9682,-0.009729175309858097,-0.009729175309858097
2022-01-07,7150.0,7140.0,7400.0,7360.0,39932.0,7278.0,2.7933,0.027549989811708146,0.027549989811708146
2022-01-10,7430.0,7410.0,7890.0,7580.0,135975.0,7348.0,2.9891,0.02945297139893999,0.02945297139893999
2022-01-11,7580.0,7100.0,7580.0,7120.0,99866.0,7290.0,-6.0686,-0.06260545737646346,-0.046043938501406846
2022-01-12,7150.0,7090.0,7210.0,7200.0,34027.0,7284.0,1.1236,0.011173345042568708,0.011173345042568708
2022-01-13,7200.0,7130.0,7290.0,7180.0,24076.0,7288.0,-0.2778,-0.0027818658031272155,-0.0027818658031272155
2022-01-14,7160.0,7080.0,7170.0,7080.0,27420.0,7232.0,-1.3928,-0.014025904733127731,-0.014025904733127731
2022-01-17,7080.0,6830.0,7080.0,6980.0,70274.0,7112.0,-1.4124,-0.014224692937122373,-0.014224692937122373
2022-01-18,6950.0,6730.0,7020.0,6750.0,40396.0,7038.0,-3.2951,-0.03350611263062812,-0.03350611263062812
2022-01-19,6750.0,6450.0,6830.0,6460.0,47988.0,6890.0,-4.2963,-0.0439132257896191,-0.0439132257896191
2022-01-20,6430.0,6430.0,7750.0,6900.0,356285.0,6834.0,6.8111,0.06589166772165594,0.051513120224080874
2022-01-21,6990.0,6800.0,7070.0,6820.0,61304.0,6782.0,-1.1594,-0.011661734469271655,-0.011661734469271655
2022-01-24,6780.0,6520.0,6780.0,6570.0,55720.0,6700.0,-3.6657,-0.03734575199203911,-0.03734575199203911
2022-01-25,6540.0,6370.0,6580.0,6440.0,26796.0,6638.0,-1.9787,-0.019985383995167926,-0.019985383995167926
2022-01-26,6420.0,6280.0,6520.0,6300.0,32609.0,6606.0,-2.1739,-0.02197877338545075,-0.02197877338545075
2022-01-27,6390.0,5850.0,6390.0,5950.0,85038.0,6416.0,-5.5556,-0.057158884428294685,-0.046043938501406846
2022-01-28,6030.0,5810.0,6260.0,6260.0,58189.0,6304.0,5.2101,0.050789117311645704,0.050789117311645704
2022-01-31,6030.0,5810.0,6260.0,6260.0,58189.0,6304.0,0.0,0.0,0.0
2022-02-01,6030.0,5810.0,6260.0,6260.0,58189.0,6304.0,0.0,0.0,0.0
2022-02-02,6030.0,5810.0,6260.0,6260.0,58189.0,6304.0,0.0,0.0,0.0
2022-02-03,6320.0,6270.0,6440.0,6320.0,32314.0,6254.0,0.9585,0.00953935532518466,0.00953935532518466
2022-02-04,6380.0,6310.0,6600.0,6520.0,45448.0,6270.0,3.1646,0.031155584957622683,0.031155584957622683
2022-02-07,6520.0,6300.0,6520.0,6370.0,31002.0,6284.0,-2.3006,-0.0232747682069324,-0.0232747682069324
2022-02-08,6370.0,6060.0,6370.0,6120.0,52448.0,6318.0,-3.9246,-0.04003688613185124,-0.04003688613185124
2022-02-09,6150.0,6150.0,6370.0,6280.0,21445.0,6322.0,2.6144,0.02580808777750782,0.02580808777750782
2022-02-10,6380.0,6170.0,6380.0,6280.0,17775.0,6314.0,0.0,0.0,0.0
2022-02-11,6270.0,5990.0,6270.0,6000.0,33411.0,6210.0,-4.4586,-0.045610524585385746,-0.045610524585385746
2022-02-14,5920.0,5670.0,5940.0,5730.0,28673.0,6082.0,-4.5,-0.046043938501406846,-0.046043938501406846
2022-02-15,5700.0,5650.0,5820.0,5680.0,30831.0,5994.0,-0.8726,-0.008764294472461472,-0.008764294472461472
2022-02-16,5730.0,5720.0,5970.0,5970.0,18277.0,5932.0,5.1056,0.04979537306335881,0.04979537306335881
2022-02-17,6060.0,5950.0,6090.0,6020.0,27025.0,5880.0,0.8375,0.008340124275001401,0.008340124275001401
2022-02-18,5990.0,5940.0,6050.0,6050.0,16553.0,5890.0,0.4983,0.0049706259450860825,0.0049706259450860825
2022-02-21,6040.0,5960.0,6080.0,6040.0,13552.0,5952.0,-0.1653,-0.001654367711926361,-0.001654367711926361
2022-02-22,6010.0,5840.0,6040.0,5860.0,24038.0,5988.0,-2.9801,-0.03025407388686847,-0.03025407388686847
2022-02-23,5870.0,5860.0,6040.0,6040.0,16301.0,6002.0,3.0717,0.030254676569686997,0.030254676569686997
2022-02-24,6040.0,5860.0,6100.0,5890.0,28142.0,5976.0,-2.4834,-0.025147566066011227,-0.025147566066011227
2022-02-25,5920.0,5920.0,6030.0,5990.0,14000.0,5964.0,1.6978,0.01683548458072156,0.01683548458072156
2022-02-28,6050.0,5960.0,6060.0,6020.0,11433.0,5960.0,0.5008,0.004995501678361734,0.004995501678361734
2022-03-01,6050.0,5960.0,6060.0,6020.0,11433.0,5960.0,0.0,0.0,0.0
2022-03-02,6020.0,5980.0,6200.0,6190.0,29836.0,6026.0,2.8239,0.02784763028367154,0.02784763028367154
2022-03-03,6220.0,6160.0,6260.0,6250.0,23258.0,6068.0,0.9693,0.009646324251803954,0.009646324251803954
2022-03-04,6300.0,6040.0,6300.0,6100.0,21874.0,6110.0,-2.4,-0.024292692569044587,-0.024292692569044587
2022-03-07,6100.0,5870.0,6100.0,6000.0,24415.0,6112.0,-1.6393,-0.016528851951311804,-0.016528851951311804
2022-03-08,5870.0,5800.0,5940.0,5870.0,21759.0,6082.0,-2.1667,-0.02190517610361051,-0.02190517610361051
2022-03-09,5870.0,5800.0,5940.0,5870.0,21759.0,6082.0,0.0,0.0,0.0
2022-03-10,5920.0,5900.0,6080.0,6040.0,20761.0,6052.0,2.8961,0.0285495552590207,0.0285495552590207
2022-03-11,6070.0,5960.0,6140.0,6050.0,16543.0,6012.0,0.1656,0.0016546303438919592,0.0016546303438919592
2022-03-14,6050.0,5850.0,6060.0,5860.0,28521.0,5964.0,-3.1405,-0.031908711115945815,-0.031908711115945815
2022-03-15,5860.0,5800.0,5900.0,5820.0,23173.0,5928.0,-0.6826,-0.006849403701246808,-0.006849403701246808
2022-03-16,5870.0,5840.0,5990.0,5990.0,13222.0,5952.0,2.921,0.028791517662742034,0.028791517662742034
2022-03-17,6040.0,6030.0,6240.0,6180.0,19247.0,5980.0,3.172,0.031227312416572412,0.031227312416572412
2022-03-18,6210.0,6090.0,6220.0,6210.0,17275.0,6012.0,0.4854,0.004842257325962054,0.004842257325962054
2022-03-21,6210.0,6170.0,6260.0,6210.0,10920.0,6082.0,0.0,0.0,0.0
2022-03-22,6210.0,6170.0,6230.0,6190.0,11928.0,6156.0,-0.3221,-0.003226198586599841,-0.003226198586599841
2022-03-23,6220.0,6170.0,6300.0,6290.0,54066.0,6216.0,1.6155,0.016025896575458963,0.016025896575458963
2022-03-24,6290.0,6260.0,6460.0,6370.0,28738.0,6254.0,1.2719,0.012638792906182007,0.012638792906182007
2022-03-25,6520.0,6320.0,6520.0,6350.0,21455.0,6282.0,-0.314,-0.0031449401440788354,-0.0031449401440788354
2022-03-28,6410.0,6180.0,6410.0,6330.0,42222.0,6306.0,-0.315,-0.003154971693301178,-0.003154971693301178
2022-03-29,6350.0,6230.0,6390.0,6240.0,29839.0,6316.0,-1.4218,-0.014320044159363905,-0.014320044159363905
2022-03-30,6270.0,6240.0,6340.0,6250.0,26079.0,6308.0,0.1603,0.001601716566879155,0.001601716566879155
2022-03-31,6300.0,6280.0,6420.0,6360.0,38013.0,6306.0,1.76,0.017446913603720703,0.017446913603720703
2022-04-01,6360.0,6160.0,6450.0,6320.0,18926.0,6300.0,-0.6289,-0.006308859066730521,-0.006308859066730521
2022-04-04,6330.0,6250.0,6360.0,6300.0,24490.0,6294.0,-0.3165,-0.003170019205822234,-0.003170019205822234
2022-04-05,6340.0,6330.0,7590.0,6860.0,1734482.0,6418.0,8.8889,0.08515791038111797,0.051513120224080874
2022-04-06,6860.0,6810.0,6970.0,6880.0,148474.0,6544.0,0.2915,0.0029107596259615766,0.0029107596259615766
2022-04-07,6890.0,6610.0,6890.0,6610.0,83937.0,6594.0,-3.9244,-0.04003480443568526,-0.04003480443568526
2022-04-08,6580.0,6550.0,6820.0,6760.0,76663.0,6682.0,2.2693,0.02243934417943773,0.02243934417943773
2022-04-11,6750.0,6580.0,6750.0,6610.0,35289.0,6744.0,-2.2189,-0.022438879156545792,-0.022438879156545792
2022-04-12,6530.0,6450.0,6580.0,6530.0,32880.0,6678.0,-1.2103,-0.012176837680929434,-0.012176837680929434
2022-04-13,6530.0,6530.0,6640.0,6640.0,24532.0,6630.0,1.6845,0.016704696404769643,0.016704696404769643
2022-04-14,6640.0,6550.0,6880.0,6750.0,69738.0,6658.0,1.6566,0.016430280655321317,0.016430280655321317
2022-04-15,6790.0,6670.0,6790.0,6750.0,46819.0,6656.0,0.0,0.0,0.0
2022-04-18,6750.0,6680.0,7720.0,7150.0,1219917.0,6764.0,5.9259,0.05756960706620308,0.051513120224080874
2022-04-19,7150.0,7050.0,8920.0,8380.0,5292376.0,7134.0,17.2028,0.1587355816544236,0.051513120224080874
2022-04-20,8400.0,8100.0,8510.0,8110.0,528083.0,7428.0,-3.222,-0.032750490263192836,-0.032750490263192836
2022-04-21,7990.0,7820.0,8110.0,7960.0,271028.0,7670.0,-1.8496,-0.01866918987912178,-0.01866918987912178
2022-04-22,7920.0,7790.0,8080.0,7880.0,185439.0,7896.0,-1.005,-0.010100842179429501,-0.010100842179429501
2022-04-25,7730.0,7590.0,8200.0,7760.0,448862.0,8018.0,-1.5228,-0.015345136685063413,-0.015345136685063413
2022-04-26,7770.0,7660.0,7870.0,7860.0,140411.0,7914.0,1.2887,0.01280466919247399,0.01280466919247399
2022-04-27,7710.0,7600.0,8000.0,7950.0,128051.0,7882.0,1.145,0.01138494486656355,0.01138494486656355
2022-04-28,7980.0,7410.0,7980.0,7410.0,165461.0,7772.0,-6.7925,-0.07034199543124757,-0.046043938501406846
2022-04-29,7410.0,7250.0,7470.0,7380.0,70761.0,7672.0,-0.4049,-0.004057219394889007,-0.004057219394889007
2022-05-02,7380.0,7350.0,7640.0,7530.0,60961.0,7626.0,2.0325,0.020121203996213918,0.020121203996213918
2022-05-03,7530.0,7520.0,7800.0,7620.0,67397.0,7578.0,1.1952,0.01188113891035685,0.01188113891035685
2022-05-04,7620.0,7430.0,7630.0,7530.0,45687.0,7494.0,-1.1811,-0.011881303982370528,-0.011881303982370528
2022-05-05,7620.0,7430.0,7630.0,7530.0,45687.0,7494.0,0.0,0.0,0.0
2022-05-06,7530.0,7300.0,7530.0,7420.0,28731.0,7496.0,-1.4608,-0.014715747435775715,-0.014715747435775715
2022-05-09,7370.0,7020.0,7390.0,7110.0,84955.0,7442.0,-4.1779,-0.0426768386805956,-0.0426768386805956
2022-05-10,7060.0,6820.0,7270.0,7270.0,37373.0,7390.0,2.2504,0.02225452090760816,0.02225452090760816
2022-05-11,7270.0,7170.0,7400.0,7400.0,25799.0,7346.0,1.7882,0.0177239978538434,0.0177239978538434
2022-05-12,7400.0,7090.0,7470.0,7300.0,47396.0,7300.0,-1.3514,-0.013606145206585181,-0.013606145206585181
2022-05-13,7270.0,7180.0,7400.0,7300.0,32043.0,7276.0,0.0,0.0,0.0
2022-05-16,7370.0,7100.0,7370.0,7290.0,31250.0,7312.0,-0.137,-0.0013709393079993036,-0.0013709393079993036
2022-05-17,7210.0,7170.0,7350.0,7270.0,17782.0,7312.0,-0.2743,-0.00274676891817281,-0.00274676891817281
2022-05-18,7330.0,7270.0,7500.0,7330.0,36744.0,7298.0,0.8253,0.008219130219430626,0.008219130219430626
2022-05-19,7300.0,7150.0,7310.0,7310.0,19887.0,7300.0,-0.2729,-0.0027327305090852467,-0.0027327305090852467
2022-05-20,7310.0,7230.0,7450.0,7440.0,21934.0,7328.0,1.7784,0.01762771486824985,0.01762771486824985
2022-05-23,7440.0,7160.0,7450.0,7280.0,26099.0,7326.0,-2.1505,-0.02173960202109524,-0.02173960202109524
2022-05-24,7280.0,6910.0,7280.0,6990.0,60503.0,7270.0,-3.9835,-0.04065013428907066,-0.04065013428907066
2022-05-25,6990.0,6900.0,7130.0,7030.0,23828.0,7210.0,0.5722,0.0057056915397654005,0.0057056915397654005
2022-05-26,7040.0,7040.0,7630.0,7350.0,96034.0,7218.0,4.5519,0.0445134128443298,0.0445134128443298
2022-05-27,7420.0,7390.0,7570.0,7500.0,41676.0,7230.0,2.0408,0.02020254731750663,0.02020254731750663
2022-05-30,7540.0,7420.0,7620.0,7480.0,30977.0,7270.0,-0.2667,-0.00267056278053364,-0.00267056278053364
2022-05-31,7480.0,7430.0,7580.0,7470.0,56291.0,7366.0,-0.1337,-0.0013378945819596565,-0.0013378945819596565
2022-06-01,7480.0,7430.0,7580.0,7470.0,56291.0,7366.0,0.0,0.0,0.0
2022-06-02,7450.0,7410.0,7530.0,7460.0,29652.0,7452.0,-0.1339,-0.0013398972615448887,-0.0013398972615448887
2022-06-03,7460.0,7460.0,7630.0,7520.0,27234.0,7486.0,0.8043,0.008010827469477871,0.008010827469477871
2022-06-06,7460.0,7460.0,7630.0,7520.0,27234.0,7486.0,0.0,0.0,0.0
2022-06-07,7540.0,7300.0,7540.0,7350.0,29773.0,7456.0,-2.2606,-0.022865432900345237,-0.022865432900345237
2022-06-08,7340.0,7290.0,7470.0,7340.0,26178.0,7428.0,-0.1361,-0.0013619270016949475,-0.0013619270016949475
2022-06-09,7340.0,7140.0,7340.0,7140.0,22085.0,7362.0,-2.7248,-0.02762611109285942,-0.02762611109285942
2022-06-10,7210.0,7060.0,7210.0,7190.0,21921.0,7308.0,0.7003,0.00697859287796584,0.00697859287796584
2022-06-13,7050.0,6850.0,7060.0,6880.0,30273.0,7180.0,-4.3115,-0.04407206193897065,-0.04407206193897065
2022-06-14,6830.0,6590.0,6880.0,6880.0,38346.0,7086.0,0.0,0.0,0.0
2022-06-15,6800.0,6320.0,7690.0,6440.0,678321.0,6906.0,-6.3953,-0.06608959008999576,-0.046043938501406846
2022-06-16,6450.0,6440.0,6640.0,6440.0,39154.0,6766.0,0.0,0.0,0.0
2022-06-17,6490.0,6310.0,6550.0,6480.0,25539.0,6624.0,0.6211,0.006191791235559344,0.006191791235559344
2022-06-20,6480.0,5970.0,6510.0,6120.0,31943.0,6472.0,-5.5556,-0.057158884428294685,-0.046043938501406846
2022-06-21,6140.0,6000.0,6240.0,6190.0,17700.0,6334.0,1.1438,0.011373080640763563,0.011373080640763563
2022-06-22,6250.0,5900.0,6270.0,5980.0,30195.0,6242.0,-3.3926,-0.03451484314873272,-0.03451484314873272
2022-06-23,5920.0,5560.0,5990.0,5980.0,56900.0,6150.0,0.0,0.0,0.0
2022-06-24,5810.0,5810.0,6080.0,6060.0,19152.0,6066.0,1.3378,0.013289304725940696,0.013289304725940696
2022-06-27,6130.0,6030.0,6320.0,6310.0,23108.0,6104.0,4.1254,0.040425756028151266,0.040425756028151266
2022-06-28,6310.0,6210.0,6370.0,6310.0,12148.0,6128.0,0.0,0.0,0.0
2022-06-29,6310.0,6240.0,6370.0,6360.0,9991.0,6204.0,0.7924,0.007892769981296573,0.007892769981296573
2022-06-30,6320.0,6100.0,6320.0,6100.0,14166.0,6228.0,-4.0881,-0.04174012420568622,-0.04174012420568622
2022-07-01,6030.0,5880.0,6100.0,6100.0,21285.0,6236.0,0.0,0.0,0.0
2022-07-04,6030.0,5890.0,6040.0,6040.0,13631.0,6182.0,-0.9836,-0.00988469300737857,-0.00988469300737857
2022-07-05,6030.0,5980.0,6250.0,6250.0,15103.0,6170.0,3.4768,0.03417724700156549,0.03417724700156549
2022-07-06,6290.0,6130.0,6290.0,6230.0,16688.0,6144.0,-0.32,-0.0032051309489483358,-0.0032051309489483358
2022-07-07,6200.0,6170.0,6500.0,6480.0,17531.0,6220.0,4.0128,0.03934378250301506,0.03934378250301506
2022-07-08,6480.0,6420.0,6550.0,6510.0,10725.0,6302.0,0.463,0.004619314519820975,0.004619314519820975
2022-07-11,6510.0,6350.0,6510.0,6450.0,12545.0,6384.0,-0.9217,-0.009259739366370834,-0.009259739366370834
2022-07-12,6440.0,6170.0,6440.0,6360.0,13616.0,6406.0,-1.3953,-0.014051258172754122,-0.014051258172754122
2022-07-13,6300.0,6260.0,6350.0,6320.0,4402.0,6424.0,-0.6289,-0.006308859066730521,-0.006308859066730521
2022-07-14,6320.0,6220.0,6330.0,6300.0,6029.0,6388.0,-0.3165,-0.003170019205822234,-0.003170019205822234
2022-07-15,6300.0,6190.0,6310.0,6280.0,7505.0,6342.0,-0.3175,-0.003180051006630947,-0.003180051006630947
2022-07-18,6280.0,6250.0,6400.0,6400.0,11476.0,6332.0,1.9108,0.018927734885480958,0.018927734885480958
2022-07-19,6400.0,6340.0,6490.0,6430.0,9703.0,6346.0,0.4688,0.004677045550963106,0.004677045550963106
2022-07-20,6430.0,6430.0,6580.0,6530.0,19761.0,6388.0,1.5552,0.01543230702961852,0.01543230702961852
2022-07-21,6530.0,6430.0,6570.0,6550.0,10274.0,6438.0,0.3063,0.0030583185725388358,0.0030583185725388358
2022-07-22,6570.0,6460.0,6570.0,6540.0,5508.0,6490.0,-0.1527,-0.0015281670527109085,-0.0015281670527109085
2022-07-25,6610.0,6410.0,6610.0,6560.0,15078.0,6522.0,0.3058,0.0030533338283483874,0.0030533338283483874
2022-07-26,6500.0,6470.0,6560.0,6540.0,4120.0,6544.0,-0.3049,-0.0030536576704007874,-0.0030536576704007874
2022-07-27,6540.0,6490.0,6600.0,6580.0,10111.0,6554.0,0.6116,0.006097373181167059,0.006097373181167059
2022-07-28,6600.0,6550.0,6650.0,6640.0,8717.0,6572.0,0.9119,0.009077672970290426,0.009077672970290426
2022-07-29,6690.0,6550.0,6710.0,6680.0,18015.0,6600.0,0.6024,0.0060059282518240805,0.0060059282518240805
2022-08-01,6680.0,6600.0,7000.0,6870.0,65123.0,6662.0,2.8443,0.028046008059787738,0.028046008059787738
2022-08-02,6870.0,6720.0,6870.0,6840.0,14944.0,6722.0,-0.4367,-0.0043765631963079005,-0.0043765631963079005
2022-08-03,6770.0,6760.0,6930.0,6900.0,23779.0,6786.0,0.8772,0.008733749533969578,0.008733749533969578
2022-08-04,6900.0,6890.0,6990.0,6940.0,16730.0,6846.0,0.5797,0.005780262050941087,0.005780262050941087
2022-08-05,6940.0,6800.0,6990.0,6950.0,19177.0,6900.0,0.1441,0.0014399627558263637,0.0014399627558263637
2022-08-08,6900.0,6780.0,6920.0,6850.0,8637.0,6896.0,-1.4388,-0.014492510952325016,-0.014492510952325016
2022-08-09,6850.0,6650.0,6860.0,6720.0,15190.0,6872.0,-1.8978,-0.019160393572414558,-0.019160393572414558
2022-08-10,6780.0,6610.0,6840.0,6690.0,32306.0,6830.0,-0.4464,-0.004473993399446605,-0.004473993399446605
2022-08-11,6670.0,6630.0,6740.0,6660.0,17770.0,6774.0,-0.4484,-0.004494083281579963,-0.004494083281579963
2022-08-12,6720.0,6600.0,6950.0,6930.0,21249.0,6770.0,4.0541,0.03974077020785811,0.03974077020785811
2022-08-15,6720.0,6600.0,6950.0,6930.0,21249.0,6770.0,0.0,0.0,0.0
2022-08-16,6930.0,6930.0,7680.0,7120.0,556033.0,6824.0,2.7417,0.027047885536678945,0.027047885536678945
2022-08-17,7170.0,7060.0,7290.0,7080.0,66879.0,6896.0,-0.5618,-0.00563384031712633,-0.00563384031712633
2022-08-18,7020.0,7000.0,7240.0,7150.0,40709.0,6988.0,0.9887,0.009838443405882262,0.009838443405882262
2022-08-19,7150.0,6930.0,7170.0,6980.0,35918.0,7052.0,-2.3776,-0.02406321070530044,-0.02406321070530044
2022-08-22,6950.0,6810.0,7050.0,6830.0,21891.0,7032.0,-2.149,-0.021724272474159714,-0.021724272474159714
2022-08-23,6800.0,6650.0,6860.0,6820.0,31071.0,6972.0,-0.1464,-0.001465072695078245,-0.001465072695078245
2022-08-24,6790.0,6740.0,6880.0,6800.0,29445.0,6916.0,-0.2933,-0.00293730967341093,-0.00293730967341093
2022-08-25,6870.0,6870.0,7060.0,7060.0,28284.0,6898.0,3.8235,0.037522156036930605,0.037522156036930605
2022-08-26,7100.0,6960.0,7100.0,7050.0,14911.0,6912.0,-0.1416,-0.001417003475392607,-0.001417003475392607
2022-08-29,6900.0,6710.0,6920.0,6850.0,21980.0,6916.0,-2.8369,-0.02877917622889786,-0.02877917622889786
2022-08-30,6800.0,6800.0,6970.0,6850.0,24694.0,6922.0,0.0,0.0,0.0
2022-08-31,6850.0,6740.0,7000.0,7000.0,14951.0,6962.0,2.1898,0.021661682495447827,0.021661682495447827
2022-09-01,7000.0,6690.0,7000.0,6790.0,34245.0,6908.0,-3.0,-0.030459207484708574,-0.030459207484708574
2022-09-02,6790.0,6670.0,6790.0,6760.0,13333.0,6850.0,-0.4418,-0.004427788202157269,-0.004427788202157269
2022-09-05,6750.0,6540.0,7420.0,6590.0,347461.0,6798.0,-2.5148,-0.025469614378092247,-0.025469614378092247
2022-09-06,6590.0,6540.0,6690.0,6690.0,23113.0,6766.0,1.5175,0.015061011425304216,0.015061011425304216
2022-09-07,6700.0,6540.0,6700.0,6680.0,16995.0,6702.0,-0.1495,-0.0014961186275378121,-0.0014961186275378121
2022-09-08,6650.0,6640.0,6730.0,6700.0,9632.0,6684.0,0.2994,0.00298952690806738,0.00298952690806738
2022-09-09,6650.0,6640.0,6730.0,6700.0,9632.0,6684.0,0.0,0.0,0.0
2022-09-12,6650.0,6640.0,6730.0,6700.0,9632.0,6684.0,0.0,0.0,0.0
2022-09-13,6710.0,6710.0,6970.0,6970.0,38235.0,6726.0,4.0299,0.039508171833075895,0.039508171833075895
2022-09-14,6890.0,6760.0,6970.0,6960.0,21987.0,6800.0,-0.1435,-0.0014360305985572426,-0.0014360305985572426
2022-09-15,6960.0,6810.0,6960.0,6890.0,14587.0,6840.0,-1.0057,-0.010107913268624735,-0.010107913268624735
2022-09-16,6880.0,6670.0,6880.0,6880.0,13765.0,6880.0,-0.1451,-0.00145205371992173,-0.00145205371992173
2022-09-19,6810.0,6650.0,6850.0,6800.0,18449.0,6900.0,-1.1628,-0.011696133880842736,-0.011696133880842736
2022-09-20,6800.0,6690.0,6850.0,6800.0,12714.0,6866.0,0.0,0.0,0.0
2022-09-21,6750.0,6680.0,7220.0,6750.0,77268.0,6824.0,-0.7353,-0.007380166556883629,-0.007380166556883629
2022-09-22,6690.0,6560.0,6720.0,6660.0,31173.0,6778.0,-1.3333,-0.013422682494359956,-0.013422682494359956
2022-09-23,6650.0,6520.0,6660.0,6660.0,12659.0,6734.0,0.0,0.0,0.0
2022-09-26,6580.0,6320.0,6600.0,6320.0,36750.0,6638.0,-5.1051,-0.05240022259606476,-0.046043938501406846
2022-09-27,6290.0,5890.0,6310.0,6260.0,75243.0,6530.0,-0.9494,-0.009539355315184708,-0.009539355315184708
2022-09-28,6160.0,5790.0,6720.0,6310.0,143151.0,6442.0,0.7987,0.007955272740615247,0.007955272740615247
2022-09-29,6350.0,6160.0,6380.0,6260.0,16792.0,6362.0,-0.7924,-0.00795556172865708,-0.00795556172865708
2022-09-30,6200.0,6090.0,6200.0,6190.0,5595.0,6268.0,-1.1182,-0.011244988560904282,-0.011244988560904282
2022-10-03,6200.0,6090.0,6200.0,6190.0,5595.0,6268.0,0.0,0.0,0.0
2022-10-04,6100.0,6100.0,6360.0,6360.0,17420.0,6276.0,2.7464,0.027093630278109813,0.027093630278109813
2022-10-05,6380.0,6230.0,6390.0,6230.0,12259.0,6270.0,-2.044,-0.02065178773087214,-0.02065178773087214
2022-10-06,6290.0,6240.0,6390.0,6390.0,7174.0,6286.0,2.5682,0.02535775718630986,0.02535775718630986
2022-10-07,6390.0,6350.0,6540.0,6520.0,7798.0,6338.0,2.0344,0.02013982534048929,0.02013982534048929
2022-10-10,6390.0,6350.0,6540.0,6520.0,7798.0,6338.0,0.0,0.0,0.0
2022-10-11,6460.0,6210.0,6520.0,6510.0,13401.0,6402.0,-0.1534,-0.0015351777826331735,-0.0015351777826331735
2022-10-12,6420.0,6300.0,6610.0,6600.0,8902.0,6450.0,1.3825,0.013730306448259143,0.013730306448259143
2022-10-13,6560.0,6320.0,6560.0,6520.0,14530.0,6508.0,-1.2121,-0.012195058369914998,-0.012195058369914998
2022-10-14,6520.0,6510.0,6630.0,6560.0,14192.0,6542.0,0.6135,0.006116257505240504,0.006116257505240504
2022-10-17,6560.0,6380.0,6580.0,6570.0,7532.0,6552.0,0.1524,0.001522839890521741,0.001522839890521741
2022-10-18,6600.0,6550.0,6610.0,6550.0,5353.0,6560.0,-0.3044,-0.003048642391353237,-0.003048642391353237
2022-10-19,6560.0,6420.0,6580.0,6550.0,12236.0,6550.0,0.0,0.0,0.0
2022-10-20,6550.0,6360.0,6580.0,6580.0,8988.0,6562.0,0.458,0.004569543714369872,0.004569543714369872
2022-10-21,6430.0,6430.0,6560.0,6460.0,10896.0,6542.0,-1.8237,-0.018405343951387522,-0.018405343951387522
2022-10-24,6460.0,6400.0,6530.0,6450.0,9287.0,6518.0,-0.1548,-0.0015491993899302062,-0.0015491993899302062
2022-10-25,6480.0,6360.0,6480.0,6470.0,7669.0,6502.0,0.3101,0.0030962018163858264,0.0030962018163858264
2022-10-26,6400.0,6350.0,6490.0,6470.0,10462.0,6486.0,0.0,0.0,0.0
2022-10-27,6470.0,6330.0,6530.0,6450.0,20026.0,6460.0,-0.3091,-0.003095787007471794,-0.003095787007471794
2022-10-28,6450.0,6340.0,6520.0,6500.0,11609.0,6468.0,0.7752,0.007722107632369931,0.007722107632369931
2022-10-31,6430.0,6300.0,6430.0,6300.0,26861.0,6438.0,-3.0769,-0.03125230540889472,-0.03125230540889472
2022-11-01,6300.0,6200.0,6380.0,6360.0,14828.0,6416.0,0.9524,0.009478932633771343,0.009478932633771343
2022-11-02,6360.0,6190.0,6360.0,6330.0,20264.0,6388.0,-0.4717,-0.00472816015329208,-0.00472816015329208
2022-11-03,6210.0,6160.0,6270.0,6240.0,15931.0,6346.0,-1.4218,-0.014320044159363905,-0.014320044159363905
2022-11-04,6220.0,6090.0,6300.0,6300.0,43988.0,6306.0,0.9615,0.009569070063697121,0.009569070063697121
2022-11-07,6320.0,6190.0,6320.0,6220.0,16723.0,6290.0,-1.2698,-0.012779308640055411,-0.012779308640055411
2022-11-08,6230.0,6090.0,6230.0,6190.0,26173.0,6256.0,-0.4823,-0.004834668196759676,-0.004834668196759676
2022-11-09,6180.0,6160.0,6280.0,6200.0,15150.0,6230.0,0.1616,0.001614695677001636,0.001614695677001636
2022-11-10,6160.0,6100.0,6230.0,6220.0,16852.0,6226.0,0.3226,0.0032208076260685616,0.0032208076260685616
2022-11-11,6350.0,6280.0,6420.0,6380.0,29119.0,6242.0,2.5723,0.025397729790457183,0.025397729790457183
2022-11-14,6420.0,6170.0,6420.0,6250.0,52008.0,6248.0,-2.0376,-0.020586454408404387,-0.020586454408404387
2022-11-15,6200.0,6150.0,6450.0,6390.0,24904.0,6288.0,2.24,0.022152804641133284,0.022152804641133284
2022-11-16,6390.0,6200.0,6430.0,6400.0,39310.0,6328.0,0.1565,0.0015637766636812796,0.0015637766636812796
2022-11-17,6390.0,6190.0,6470.0,6410.0,112733.0,6366.0,0.1563,0.001561779786796669,0.001561779786796669
2022-11-18,6400.0,6140.0,6430.0,6200.0,92024.0,6330.0,-3.2761,-0.03330965791384242,-0.03330965791384242
2022-11-21,6200.0,5850.0,6200.0,5850.0,85917.0,6250.0,-5.6452,-0.0581080410637751,-0.046043938501406846
2022-11-22,5850.0,5760.0,5860.0,5820.0,35580.0,6136.0,-0.5128,-0.005141193314872938,-0.005141193314872938
2022-11-23,5820.0,5820.0,6020.0,5990.0,18440.0,6054.0,2.921,0.028791517662742034,0.028791517662742034
2022-11-24,6030.0,6000.0,6090.0,6060.0,11606.0,5984.0,1.1686,0.011618246039663698,0.011618246039663698
2022-11-25,6070.0,6060.0,6130.0,6120.0,12222.0,5968.0,0.9901,0.009852306246933088,0.009852306246933088
2022-11-28,6120.0,5960.0,6120.0,5960.0,14950.0,5990.0,-2.6144,-0.026491830212099998,-0.026491830212099998
2022-11-29,5900.0,5820.0,6010.0,6010.0,31241.0,6028.0,0.8389,0.008354007902436424,0.008354007902436424
2022-11-30,6070.0,6010.0,6280.0,6220.0,26050.0,6074.0,3.4942,0.03434538649976577,0.03434538649976577
2022-12-01,6250.0,6220.0,6540.0,6540.0,82296.0,6170.0,5.1447,0.050167310705785506,0.050167310705785506
2022-12-02,6510.0,6480.0,6580.0,6580.0,30443.0,6262.0,0.6116,0.006097373181167059,0.006097373181167059
2022-12-05,6580.0,6530.0,6610.0,6600.0,22727.0,6390.0,0.304,0.0030353885435212688,0.0030353885435212688
2022-12-06,6580.0,6440.0,6600.0,6500.0,12306.0,6488.0,-1.5152,-0.015267964438601981,-0.015267964438601981
2022-12-07,6380.0,6340.0,6500.0,6490.0,41266.0,6542.0,-0.1538,-0.0015391839360848847,-0.0015391839360848847
2022-12-08,6420.0,6360.0,6450.0,6440.0,19141.0,6522.0,-0.7704,-0.007733829109066235,-0.007733829109066235
2022-12-09,6390.0,6360.0,6490.0,6470.0,27770.0,6500.0,0.4658,0.004647185088900122,0.004647185088900122
2022-12-12,6510.0,6470.0,6780.0,6710.0,36228.0,6522.0,3.7094,0.036422571233784645,0.036422571233784645
2022-12-13,6650.0,6610.0,6720.0,6680.0,10903.0,6558.0,-0.4471,-0.004481024812283462,-0.004481024812283462
2022-12-14,6650.0,6530.0,6670.0,6580.0,9712.0,6576.0,-1.497,-0.015083181421056855,-0.015083181421056855
2022-12-15,6580.0,6470.0,6580.0,6490.0,36483.0,6586.0,-1.3678,-0.013772405684419542,-0.013772405684419542
2022-12-16,6490.0,6370.0,6490.0,6410.0,7993.0,6574.0,-1.2327,-0.012403607677396204,-0.012403607677396204
2022-12-19,6370.0,6300.0,6370.0,6350.0,7085.0,6502.0,-0.936,-0.009404080075293947,-0.009404080075293947
2022-12-20,6320.0,6100.0,6320.0,6170.0,18981.0,6400.0,-2.8346,-0.028755504971206818,-0.028755504971206818
2022-12-21,5970.0,5970.0,6360.0,6300.0,29480.0,6344.0,2.107,0.020851097067446592,0.020851097067446592
2022-12-22,6300.0,6260.0,6460.0,6360.0,15771.0,6318.0,0.9524,0.009478932633771343,0.009478932633771343
2022-12-23,6400.0,6160.0,6400.0,6330.0,23454.0,6302.0,-0.4717,-0.00472816015329208,-0.00472816015329208
2022-12-26,6310.0,6260.0,6380.0,6330.0,34964.0,6298.0,0.0,0.0,0.0
2022-12-27,6360.0,6340.0,6550.0,6550.0,19341.0,6374.0,3.4755,0.034164683720075036,0.034164683720075036
2022-12-28,6550.0,6470.0,6750.0,6740.0,21369.0,6462.0,2.9008,0.028595231360077696,0.028595231360077696
2022-12-29,6660.0,6600.0,6720.0,6700.0,22419.0,6530.0,-0.5935,-0.005952682109425076,-0.005952682109425076
2022-12-30,6660.0,6600.0,6720.0,6700.0,22419.0,6530.0,0.0,0.0,0.0
2023-01-02,6680.0,6580.0,6730.0,6700.0,31605.0,6604.0,0.0,0.0,0.0
2023-01-03,6660.0,6440.0,6720.0,6700.0,26060.0,6678.0,0.0,0.0,0.0
2023-01-04,6690.0,6600.0,6900.0,6900.0,44927.0,6748.0,2.9851,0.029414131583074637,0.029414131583074637
2023-01-05,6890.0,6880.0,7220.0,7200.0,89425.0,6840.0,4.3478,0.04255936441876459,0.04255936441876459
2023-01-06,7200.0,7180.0,7350.0,7310.0,56401.0,6962.0,1.5278,0.015162466617902434,0.015162466617902434
2023-01-09,7310.0,7300.0,7460.0,7350.0,27746.0,7092.0,0.5472,0.0054570830004721125,0.0054570830004721125
2023-01-10,7340.0,7180.0,7340.0,7310.0,23023.0,7214.0,-0.5442,-0.005456861624496641,-0.005456861624496641
2023-01-11,7230.0,7200.0,7410.0,7360.0,23006.0,7306.0,0.684,0.006816713326922302,0.006816713326922302
2023-01-12,7340.0,7340.0,7790.0,7780.0,80204.0,7422.0,5.7065,0.05549619979396715,0.051513120224080874
2023-01-13,7780.0,7630.0,7780.0,7770.0,28296.0,7514.0,-0.1285,-0.0012858263204570265,-0.0012858263204570265
2023-01-16,7770.0,7640.0,7900.0,7900.0,43182.0,7624.0,1.6731,0.01659257863772345,0.01659257863772345
2023-01-17,7900.0,7850.0,8030.0,7990.0,46165.0,7760.0,1.1392,0.011327599804501574,0.011327599804501574
2023-01-18,7990.0,7950.0,8070.0,8000.0,35500.0,7888.0,0.1252,0.0012512169015580475,0.0012512169015580475
2023-01-19,8000.0,7880.0,8070.0,7970.0,32404.0,7926.0,-0.375,-0.003757048877712288,-0.003757048877712288
2023-01-20,7970.0,7900.0,7990.0,7980.0,21002.0,7968.0,0.1255,0.0012542131457659105,0.0012542131457659105
2023-01-23,7970.0,7900.0,7990.0,7980.0,21002.0,7968.0,0.0,0.0,0.0
2023-01-24,7970.0,7900.0,7990.0,7980.0,21002.0,7968.0,0.0,0.0,0.0
2023-01-25,7980.0,7880.0,7990.0,7970.0,28373.0,7982.0,-0.1253,-0.0012537856608572247,-0.0012537856608572247
2023-01-26,7970.0,7880.0,8020.0,7970.0,27955.0,7978.0,0.0,0.0,0.0
2023-01-27,8000.0,7950.0,8030.0,8000.0,14338.0,7978.0,0.3764,0.0037569338777057445,0.0037569338777057445
2023-01-30,8000.0,7750.0,8000.0,7990.0,42940.0,7982.0,-0.125,-0.0012507819016526025,-0.0012507819016526025
2023-01-31,7920.0,7830.0,7980.0,7970.0,24763.0,7980.0,-0.2503,-0.0025061377414381495,-0.0025061377414381495
2023-02-01,7960.0,7720.0,7960.0,7880.0,48799.0,7962.0,-1.1292,-0.011356238678590114,-0.011356238678590114
2023-02-02,7710.0,7700.0,7830.0,7770.0,31915.0,7922.0,-1.3959,-0.01405734309391391,-0.01405734309391391
2023-02-03,7770.0,7480.0,7780.0,7620.0,52792.0,7846.0,-1.9305,-0.01949377499596201,-0.01949377499596201
2023-02-06,7600.0,7280.0,7600.0,7380.0,37243.0,7724.0,-3.1496,-0.03200266604552545,-0.03200266604552545
2023-02-07,7380.0,7330.0,7510.0,7330.0,40916.0,7596.0,-0.6775,-0.0067980545009992946,-0.0067980545009992946
2023-02-08,7350.0,7150.0,7410.0,7190.0,43509.0,7458.0,-1.91,-0.0192847614118671,-0.0192847614118671
2023-02-09,7190.0,7060.0,7240.0,7180.0,26497.0,7340.0,-0.1391,-0.0013919683385768386,-0.0013919683385768386
2023-02-10,7180.0,7150.0,7430.0,7240.0,45562.0,7264.0,0.8357,0.008322273613633852,0.008322273613633852
2023-02-13,7240.0,7130.0,7240.0,7150.0,21876.0,7218.0,-1.2431,-0.012508911230172112,-0.012508911230172112
2023-02-14,7160.0,7160.0,7420.0,7350.0,21267.0,7222.0,2.7972,0.027587929307944403,0.027587929307944403
2023-02-15,7350.0,7200.0,7350.0,7200.0,21351.0,7224.0,-2.0408,-0.020619120536082884,-0.020619120536082884
2023-02-16,7190.0,7160.0,7310.0,7270.0,12876.0,7242.0,0.9722,0.009675045440863212,0.009675045440863212
2023-02-17,7270.0,6950.0,7270.0,6990.0,31016.0,7192.0,-3.8514,-0.039275274641732284,-0.039275274641732284
2023-02-20,6990.0,6980.0,7260.0,7260.0,35412.0,7214.0,3.8627,0.03789964862397295,0.03789964862397295
2023-02-21,7260.0,7240.0,7370.0,7360.0,20308.0,7216.0,1.3774,0.013680000643205206,0.013680000643205206
2023-02-22,7260.0,7080.0,7260.0,7140.0,37900.0,7204.0,-2.9891,-0.03034684266385087,-0.03034684266385087
2023-02-23,7140.0,7110.0,7200.0,7170.0,22778.0,7184.0,0.4202,0.004193196251617251,0.004193196251617251
2023-02-24,7100.0,6940.0,7180.0,7100.0,21085.0,7206.0,-0.9763,-0.00981097056426422,-0.00981097056426422
2023-02-27,7030.0,6900.0,7060.0,6990.0,30689.0,7152.0,-1.5493,-0.015614270720006684,-0.015614270720006684
2023-02-28,6990.0,6910.0,7050.0,7040.0,12744.0,7088.0,0.7153,0.007127538640138366,0.007127538640138366
2023-03-01,6990.0,6910.0,7050.0,7040.0,12744.0,7088.0,0.0,0.0,0.0
2023-03-02,6990.0,6800.0,7100.0,6800.0,51173.0,7020.0,-3.4091,-0.03468565210554149,-0.03468565210554149
2023-03-03,6840.0,6820.0,7030.0,6900.0,23311.0,6966.0,1.4706,0.014598915363175053,0.014598915363175053
2023-03-06,6930.0,6860.0,7010.0,6960.0,34062.0,6938.0,0.8696,0.008658407570641371,0.008658407570641371
2023-03-07,6960.0,6890.0,6980.0,6890.0,25519.0,6918.0,-1.0057,-0.010107913268624735,-0.010107913268624735
2023-03-08,6780.0,6700.0,6890.0,6890.0,27755.0,6888.0,0.0,0.0,0.0
2023-03-09,6840.0,6840.0,6970.0,6900.0,16014.0,6908.0,0.1451,0.001449948316705481,0.001449948316705481
2023-03-10,6900.0,6830.0,7150.0,6910.0,35127.0,6910.0,0.1449,0.0014479512125065114,0.0014479512125065114
2023-03-13,6920.0,6570.0,6920.0,6860.0,19696.0,6890.0,-0.7236,-0.007262306828962841,-0.007262306828962841
2023-03-14,6790.0,6370.0,6790.0,6470.0,62222.0,6806.0,-5.6851,-0.05853100246769777,-0.046043938501406846
2023-03-15,6540.0,6530.0,6820.0,6770.0,13161.0,6782.0,4.6368,0.04532512021343229,0.04532512021343229
2023-03-16,6770.0,6450.0,6840.0,6470.0,73050.0,6696.0,-4.4313,-0.04532482539747583,-0.04532482539747583
2023-03-17,6540.0,6540.0,6790.0,6640.0,19264.0,6642.0,2.6275,0.025935742023719725,0.025935742023719725
2023-03-20,6770.0,6650.0,6770.0,6730.0,9456.0,6616.0,1.3554,0.013462966200960578,0.013462966200960578
2023-03-21,6730.0,6690.0,6900.0,6850.0,9354.0,6692.0,1.7831,0.017673892559029552,0.017673892559029552
2023-03-22,7040.0,6700.0,7040.0,6800.0,16868.0,6698.0,-0.7299,-0.007325768033286329,-0.007325768033286329
2023-03-23,6740.0,6550.0,6870.0,6620.0,20506.0,6728.0,-2.6471,-0.026827665193958718,-0.026827665193958718
2023-03-24,6680.0,6500.0,6720.0,6690.0,14869.0,6738.0,1.0574,0.01051848625400043,0.01051848625400043
2023-03-27,6690.0,6460.0,6690.0,6590.0,14127.0,6710.0,-1.4948,-0.015060847325317702,-0.015060847325317702
2023-03-28,6590.0,6590.0,7140.0,6980.0,126131.0,6736.0,5.9181,0.05749596797325235,0.051513120224080874
2023-03-29,6980.0,6760.0,7050.0,6810.0,26989.0,6738.0,-2.4355,-0.024656488242863615,-0.024656488242863615
2023-03-30,6840.0,6700.0,6990.0,6880.0,28946.0,6790.0,1.0279,0.01022653033034285,0.01022653033034285
2023-03-31,6940.0,6800.0,7100.0,7070.0,61438.0,6866.0,2.7616,0.027241556393178157,0.027241556393178157
2023-04-03,7050.0,6880.0,7120.0,6910.0,33652.0,6930.0,-2.2631,-0.02289101144874349,-0.02289101144874349
2023-04-04,6910.0,6760.0,6970.0,6870.0,22182.0,6908.0,-0.5789,-0.005805821210573617,-0.005805821210573617
2023-04-05,6870.0,6830.0,6940.0,6890.0,28638.0,6924.0,0.2911,0.0029067712441179887,0.0029067712441179887
2023-04-06,6900.0,6880.0,7120.0,7040.0,48411.0,6956.0,2.1771,0.021537396223880886,0.021537396223880886
2023-04-07,7040.0,6990.0,7220.0,7200.0,51520.0,6982.0,2.2727,0.022472589185356315,0.022472589185356315
2023-04-10,7200.0,6900.0,7200.0,6950.0,41773.0,6990.0,-3.4722,-0.03533913622950806,-0.03533913622950806
2023-04-11,6920.0,6700.0,6920.0,6800.0,30512.0,6976.0,-2.1583,-0.021819319453500307,-0.021819319453500307
2023-04-12,6800.0,6800.0,7160.0,7090.0,31967.0,7016.0,4.2647,0.0417626719444842,0.0417626719444842
2023-04-13,6810.0,6810.0,7350.0,7300.0,72719.0,7068.0,2.9619,0.029188830897964993,0.029188830897964993
2023-04-14,7310.0,7080.0,7530.0,7200.0,48063.0,7068.0,-1.3699,-0.013793697132406147,-0.013793697132406147
2023-04-17,7200.0,7020.0,8930.0,8230.0,1552066.0,7324.0,14.3056,0.13370537748827846,0.051513120224080874
2023-04-18,8300.0,8230.0,8510.0,8260.0,289329.0,7616.0,0.3645,0.003638373086018951,0.003638373086018951
2023-04-19,8260.0,8170.0,8390.0,8360.0,149168.0,7870.0,1.2107,0.012034296501418294,0.012034296501418294
2023-04-20,8340.0,8130.0,8390.0,8260.0,97624.0,8062.0,-1.1962,-0.012034120435433733,-0.012034120435433733
2023-04-21,8180.0,8000.0,8510.0,8200.0,140666.0,8262.0,-0.7264,-0.00729051131146285,-0.00729051131146285
2023-04-24,8140.0,7730.0,8140.0,7820.0,75723.0,8180.0,-4.6341,-0.04744911377960191,-0.046043938501406846
2023-04-25,7760.0,7650.0,8000.0,7860.0,50883.0,8100.0,0.5115,0.0051019628253673064,0.0051019628253673064
2023-04-26,7830.0,7680.0,7870.0,7720.0,21220.0,7972.0,-1.7812,-0.017972542922610295,-0.017972542922610295
2023-04-27,7720.0,7570.0,8030.0,7880.0,32507.0,7896.0,2.0725,0.02051315912237069,0.02051315912237069
2023-04-28,8080.0,7620.0,8080.0,7710.0,38529.0,7798.0,-2.1574,-0.021810120963892198,-0.021810120963892198
2023-05-01,8080.0,7620.0,8080.0,7710.0,38529.0,7798.0,0.0,0.0,0.0
2023-05-02,7600.0,7600.0,7770.0,7600.0,38592.0,7754.0,-1.4267,-0.014369752125075722,-0.014369752125075722
2023-05-03,7580.0,7580.0,7890.0,7720.0,23406.0,7726.0,1.5789,0.015665650423047208,0.015665650423047208
2023-05-04,7640.0,7620.0,7900.0,7800.0,42303.0,7742.0,1.0363,0.010309672222917943,0.010309672222917943
2023-05-05,7640.0,7620.0,7900.0,7800.0,42303.0,7742.0,0.0,0.0,0.0
2023-05-08,8100.0,7870.0,8190.0,7880.0,63993.0,7742.0,1.0256,0.010203764082788733,0.010203764082788733
2023-05-09,7880.0,7650.0,7950.0,7810.0,31747.0,7762.0,-0.8883,-0.008922689057917326,-0.008922689057917326
2023-05-10,7850.0,7690.0,8060.0,7720.0,66154.0,7786.0,-1.1524,-0.011590915877135887,-0.011590915877135887
2023-05-11,7700.0,7690.0,7860.0,7730.0,22612.0,7788.0,0.1295,0.001294162210713462,0.001294162210713462
2023-05-12,7730.0,7490.0,7730.0,7550.0,52615.0,7738.0,-2.3286,-0.023561402649660904,-0.023561402649660904
2023-05-15,7550.0,7390.0,7650.0,7550.0,44205.0,7672.0,0.0,0.0,0.0
2023-05-16,7550.0,7440.0,7770.0,7770.0,29166.0,7664.0,2.9139,0.028722530333549472,0.028722530333549472
2023-05-17,7710.0,7510.0,7800.0,7590.0,34781.0,7638.0,-2.3166,-0.023438549256602798,-0.023438549256602798
2023-05-18,7780.0,7720.0,8210.0,8020.0,143303.0,7696.0,5.6653,0.05510636538349468,0.051513120224080874
2023-05-19,8190.0,7900.0,8230.0,7920.0,42981.0,7770.0,-1.2469,-0.012547390294528015,-0.012547390294528015
2023-05-22,8040.0,7900.0,8120.0,8000.0,30166.0,7860.0,1.0101,0.010050325853501308,0.010050325853501308
2023-05-23,8000.0,7920.0,8240.0,8140.0,80770.0,7934.0,1.75,0.017348638334613073,0.017348638334613073
2023-05-24,8140.0,7990.0,8210.0,8070.0,28027.0,8030.0,-0.86,-0.008637193395663588,-0.008637193395663588
2023-05-25,8070.0,7970.0,8080.0,8010.0,13571.0,8028.0,-0.7435,-0.007462777381366405,-0.007462777381366405
2023-05-26,8010.0,7820.0,8010.0,7920.0,27638.0,8028.0,-1.1236,-0.011299600708479877,-0.011299600708479877
2023-05-30,7920.0,7880.0,8120.0,8020.0,25952.0,8032.0,1.2626,0.012546956700434087,0.012546956700434087
2023-05-31,8130.0,7990.0,8130.0,8000.0,11990.0,8004.0,-0.2494,-0.0024971151986148076,-0.0024971151986148076
2023-06-01,8000.0,7990.0,8070.0,8050.0,10219.0,8000.0,0.625,0.006230549750636163,0.006230549750636163
2023-06-02,8050.0,8010.0,8250.0,8070.0,22674.0,8012.0,0.2484,0.0024809199714727593,0.0024809199714727593
2023-06-05,8010.0,7970.0,8100.0,8060.0,17509.0,8040.0,-0.1239,-0.0012397681950946967,-0.0012397681950946967
2023-06-06,8010.0,7970.0,8100.0,8060.0,17509.0,8040.0,0.0,0.0,0.0
2023-06-07,8070.0,8010.0,8090.0,8070.0,11262.0,8050.0,0.1241,0.001240230595987847,0.001240230595987847
2023-06-08,8070.0,7990.0,8400.0,8140.0,43587.0,8078.0,0.8674,0.00863659699548576,0.00863659699548576
2023-06-09,8140.0,8140.0,8290.0,8240.0,30755.0,8116.0,1.2285,0.012210151771009098,0.012210151771009098
2023-06-12,8200.0,8180.0,8300.0,8240.0,10531.0,8150.0,0.0,0.0,0.0
2023-06-13,8240.0,8010.0,8300.0,8040.0,20957.0,8146.0,-2.4272,-0.02457141993449806,-0.02457141993449806
2023-06-14,8040.0,7750.0,8090.0,7760.0,24896.0,8084.0,-3.4826,-0.035446883016375184,-0.035446883016375184
2023-06-15,7760.0,7650.0,7860.0,7730.0,22899.0,8002.0,-0.3866,-0.0038734922943740122,-0.0038734922943740122
2023-06-16,7730.0,7730.0,7870.0,7830.0,13760.0,7920.0,1.2937,0.012854031822208888,0.012854031822208888
2023-06-19,7760.0,7720.0,7890.0,7790.0,5464.0,7830.0,-0.5109,-0.005122095563029559,-0.005122095563029559
2023-06-20,7900.0,7720.0,7950.0,7820.0,6364.0,7786.0,0.3851,0.0038436038817198687,0.0038436038817198687
2023-06-21,7830.0,7610.0,7830.0,7610.0,18313.0,7756.0,-2.6854,-0.027221156665253987,-0.027221156665253987
2023-06-22,7500.0,7430.0,7690.0,7490.0,31262.0,7708.0,-1.5769,-0.015894653383223614,-0.015894653383223614
2023-06-23,7490.0,7210.0,7530.0,7310.0,17044.0,7604.0,-2.4032,-0.024325479991792194,-0.024325479991792194
2023-06-26,7240.0,7240.0,7400.0,7400.0,2847.0,7526.0,1.2312,0.012236823745729597,0.012236823745729597
2023-06-27,7320.0,7160.0,8070.0,7230.0,112508.0,7408.0,-2.2973,-0.023240991701968444,-0.023240991701968444
2023-06-28,7230.0,7170.0,7300.0,7260.0,12634.0,7338.0,0.4149,0.004140416632902809,0.004140416632902809
2023-06-29,7330.0,7110.0,7330.0,7190.0,14730.0,7278.0,-0.9642,-0.009688785059251368,-0.009688785059251368
2023-06-30,7190.0,7020.0,7270.0,7050.0,12296.0,7226.0,-1.9471,-0.019663057036561564,-0.019663057036561564
