date,PX_OPEN,PX_LOW,PX_HIGH,PX_LAST,VOLUME,MOV_AVG_5D,CHG_PCT_1D
2018-05-24,24.45,19.05,24.64,19.47,1054708.0,,
2018-05-25,19.21,18.71,19.82,19.41,37947.0,,-0.3082
2018-05-29,19.45,17.07,19.69,17.21,45704.0,,-11.3344
2018-05-30,17.27,17.2,17.88,17.2,25998.0,,-0.0581
2018-05-31,17.25,16.57,17.47,17.11,81458.0,18.08,-0.5233
2018-06-01,17.85,17.41,18.9,17.8,28448.0,17.746,4.0327
2018-06-04,18.1,18.0,18.25,18.03,10653.0,17.47,1.2921
2018-06-05,18.33,18.0,19.34,18.24,54844.0,17.676,1.1647
2018-06-06,18.3,17.745,18.3,18.0,23155.0,17.836,-1.3158
2018-06-07,17.74,17.25,18.0,17.36,37539.0,17.886,-3.5556
2018-06-08,17.39,17.29,18.5,17.37,27674.0,17.8,0.0576
2018-06-11,17.67,17.63,17.81,17.77,11332.0,17.748,2.3028
2018-06-12,17.9,17.9,18.5,18.21,32839.0,17.742,2.4761
2018-06-13,18.32,18.25,19.09,18.32,17022.0,17.806,0.6041
2018-06-14,18.23,18.13,19.1,18.8,27048.0,18.094,2.6201
2018-06-15,18.94,17.95,19.07,18.29,49988.0,18.278,-2.7128
2018-06-18,18.3,17.44,18.3,17.5,29349.0,18.224,-4.3193
2018-06-19,17.59,17.59,19.12,19.0,19320.0,18.382,8.5714
2018-06-20,19.2,18.64,20.35,20.35,29248.0,18.788,7.1053
2018-06-21,20.5,18.75,20.9,19.25,22763.0,18.878,-5.4054
2018-06-22,19.41,18.86,19.41,19.22,14321.0,19.064,-0.1558
2018-06-25,19.07,17.65,20.0,17.9,19869.0,19.144,-6.8678
2018-06-26,17.95,17.5,18.25,17.5,24842.0,18.844,-2.2346
2018-06-27,17.6,16.74,17.6,16.97,16093.0,18.168,-3.0286
2018-06-28,16.71,16.71,17.48,16.73,12552.0,17.664,-1.4143
2018-06-29,16.74,16.74,17.6,17.35,8855.0,17.29,3.7059
2018-07-02,17.39,16.73,17.39,16.92,8053.0,17.094,-2.4784
2018-07-03,16.9,16.68,16.93,16.71,4729.0,16.936,-1.2411
2018-07-05,16.89,16.71,17.13,16.77,6875.0,16.896,0.3591
2018-07-06,16.71,16.71,16.95,16.71,12859.0,16.892,-0.3578
2018-07-09,16.75,16.73,17.3,17.05,14025.0,16.832,2.0347
2018-07-10,17.05,16.91,17.15,16.98,6517.0,16.844,-0.4106
2018-07-11,16.9,16.72,17.4,16.75,43691.0,16.852,-1.3545
2018-07-12,16.78,16.73,17.0,16.73,40002.0,16.844,-0.1194
2018-07-13,16.75,15.99,16.98,16.14,31415.0,16.73,-3.5266
2018-07-16,16.1,15.26,16.35,15.85,18368.0,16.49,-1.7968
2018-07-17,15.88,15.4,15.88,15.45,8963.0,16.184,-2.5237
2018-07-18,15.41,15.4,15.85,15.46,9211.0,15.926,0.0647
2018-07-19,15.43,15.39,15.86,15.63,16858.0,15.706,1.0996
2018-07-20,15.6,15.47,15.9,15.85,6470.0,15.648,1.4075
2018-07-23,15.84,15.51,15.95,15.91,7889.0,15.66,0.3785
2018-07-24,15.94,15.52,16.08,15.52,9087.0,15.674,-2.4513
2018-07-25,15.53,15.43,16.09,15.46,7850.0,15.674,-0.3866
2018-07-26,15.45,13.32,15.72,13.77,42086.0,15.302,-10.9314
2018-07-27,13.97,13.05,14.17,13.23,9420.0,14.778,-3.9216
2018-07-30,13.2,13.2,13.44,13.44,1722.0,14.284,1.5873
2018-07-31,13.53,13.51,14.0,13.99,4808.0,13.978,4.0923
2018-08-01,14.01,13.94,14.42,14.21,12596.0,13.728,1.5726
2018-08-02,14.09,13.73,14.2,13.96,10987.0,13.766,-1.7593
2018-08-03,13.95,13.57,13.97,13.66,2992.0,13.852,-2.149
2018-08-06,13.41,13.29,13.99,13.88,18963.0,13.94,1.6105
2018-08-07,13.93,13.54,13.93,13.89,8086.0,13.92,0.072
2018-08-08,13.89,13.77,14.25,13.97,18346.0,13.872,0.576
2018-08-09,14.06,13.75,14.1,13.99,21695.0,13.878,0.1432
2018-08-10,13.96,13.94,14.18,14.0,4948.0,13.946,0.0715
2018-08-13,14.1,13.91,14.69,14.61,24704.0,14.092,4.3571
2018-08-14,14.61,14.28,15.88,15.63,20900.0,14.44,6.9815
2018-08-15,15.5,15.5,16.1,16.09,10585.0,14.864,2.9431
2018-08-16,16.18,16.18,17.38,16.36,35285.0,15.338,1.6781
2018-08-17,16.4,15.81,16.79,15.94,23015.0,15.726,-2.5672
2018-08-20,15.86,15.53,17.13,16.92,24706.0,16.188,6.1481
2018-08-21,16.98,16.75,17.3,17.17,22869.0,16.496,1.4775
2018-08-22,17.27,17.0,17.64,17.56,8600.0,16.79,2.2714
2018-08-23,17.43,17.0,17.66,17.05,14109.0,16.928,-2.9043
2018-08-24,17.01,16.95,17.8,17.46,16815.0,17.232,2.4047
2018-08-27,17.53,17.31,18.4,18.36,19854.0,17.52,5.1546
2018-08-28,18.47,18.47,19.0,19.0,11289.0,17.886,3.4858
2018-08-29,19.48,19.06,21.58,21.5,20188.0,18.674,13.1579
2018-08-30,21.5,20.2,21.9,21.69,18195.0,19.602,0.8837
2018-08-31,21.52,20.56,22.05,22.04,15139.0,20.518,1.6136
2018-09-04,22.0,22.0,25.7,23.89,54292.0,21.624,8.3938
2018-09-05,24.0,24.0,24.74,24.34,27900.0,22.692,1.8836
2018-09-06,24.03,23.95,26.48,26.26,23430.0,23.644,7.8882
2018-09-07,26.45,26.45,28.38,26.98,42756.0,24.702,2.7418
2018-09-10,26.98,26.96,29.77,28.87,36762.0,26.068,7.0052
2018-09-11,29.29,24.41,29.5,26.0,63356.0,26.49,-9.9411
2018-09-12,26.06,24.67,26.8,25.59,36214.0,26.74,-1.5769
2018-09-13,25.78,23.61,25.78,24.98,61023.0,26.484,-2.3837
2018-09-14,25.05,25.03,26.73,26.48,33602.0,26.384,6.0048
2018-09-17,27.85,26.73,28.61,27.99,41452.0,26.208,5.7024
2018-09-18,27.73,25.75,28.62,27.58,42465.0,26.524,-1.4648
2018-09-19,27.58,27.02,31.41,29.33,94270.0,27.272,6.3452
2018-09-20,29.29,29.29,32.84,30.93,78274.0,28.462,5.4552
2018-09-21,30.93,28.45,31.1,29.77,753946.0,29.12,-3.7504
2018-09-24,29.72,29.11,30.77,29.12,58667.0,29.346,-2.1834
2018-09-25,29.14,28.01,29.87,29.09,66393.0,29.648,-0.103
2018-09-26,29.11,26.56,30.25,26.56,36438.0,29.094,-8.6971
2018-09-27,27.65,25.91,27.65,26.31,61782.0,28.17,-0.9413
2018-09-28,26.08,25.01,26.21,25.5,31666.0,27.316,-3.0787
2018-10-01,25.81,23.78,25.81,23.92,47818.0,26.276,-6.1961
2018-10-02,23.88,22.3,24.0,23.81,28298.0,25.22,-0.4599
2018-10-03,23.87,22.22,23.87,22.49,40158.0,24.406,-5.5439
2018-10-04,22.47,21.4,22.86,22.09,36847.0,23.562,-1.7786
2018-10-05,22.24,20.6,22.24,21.24,44747.0,22.71,-3.8479
2018-10-08,21.11,20.26,21.36,20.43,43669.0,22.012,-3.8136
2018-10-09,20.42,19.77,20.72,20.12,41353.0,21.274,-1.5174
2018-10-10,20.21,18.03,21.04,19.15,41584.0,20.606,-4.8211
2018-10-11,19.01,18.11,19.81,18.92,31787.0,19.972,-1.201
2018-10-12,19.3,18.64,19.94,18.89,38934.0,19.502,-0.1586
2018-10-15,18.9,18.51,19.84,19.77,30298.0,19.37,4.6585
2018-10-16,20.0,20.0,21.62,21.4,24482.0,19.626,8.2448
2018-10-17,21.46,19.6,21.67,21.67,19685.0,20.13,1.2617
2018-10-18,21.54,19.83,21.54,20.88,16015.0,20.522,-3.6456
2018-10-19,20.95,20.32,22.7,22.29,22308.0,21.202,6.7529
2018-10-22,22.4,21.69,23.585,22.83,18185.0,21.814,2.4226
2018-10-23,22.41,20.86,22.41,20.86,19224.0,21.706,-8.629
2018-10-24,20.86,18.83,21.2,19.11,29382.0,21.194,-8.3893
2018-10-25,19.28,19.21,20.25,20.06,12421.0,21.03,4.9712
2018-10-26,19.69,19.38,20.52,20.43,13895.0,20.658,1.8445
2018-10-29,20.73,18.77,20.73,19.06,13041.0,19.904,-6.7058
2018-10-30,18.98,18.52,19.01,18.89,10785.0,19.51,-0.8919
2018-10-31,19.14,18.51,19.28,19.04,9982.0,19.496,0.7941
2018-11-01,19.68,18.95,20.14,20.13,14601.0,19.51,5.7248
2018-11-02,20.31,19.58,21.47,21.3,10852.0,19.684,5.8122
2018-11-05,21.44,19.72,21.44,20.58,21798.0,19.988,-3.3803
2018-11-06,20.73,19.89,20.75,20.02,9203.0,20.214,-2.7211
2018-11-07,20.22,20.21,21.36,21.34,7382.0,20.674,6.5934
2018-11-08,21.38,21.0,21.43,21.13,8465.0,20.874,-0.9841
2018-11-09,21.06,19.87,21.06,19.94,4025.0,20.602,-5.6318
2018-11-12,19.85,17.61,19.85,18.31,41571.0,20.148,-8.1745
2018-11-13,18.46,16.065,18.46,16.25,25103.0,19.394,-11.2507
2018-11-14,16.36,15.58,17.3,17.09,24009.0,18.544,5.1692
2018-11-15,16.98,16.5,19.48,18.15,21334.0,17.948,6.2025
2018-11-16,18.18,17.075,18.53,17.47,13710.0,17.454,-3.7466
2018-11-19,17.53,15.8,17.53,16.27,17472.0,17.046,-6.8689
2018-11-20,16.18,16.18,18.17,16.34,18154.0,17.064,0.4302
2018-11-21,16.49,16.49,20.35,20.29,33136.0,17.704,24.1738
2018-11-23,19.91,19.91,22.29,21.13,10599.0,18.3,4.14
2018-11-26,21.29,20.64,22.96,21.62,31132.0,19.13,2.319
2018-11-27,21.49,19.27,21.49,19.33,10922.0,19.742,-10.592
2018-11-28,19.36,19.32,21.4,20.45,12277.0,20.564,5.7941
2018-11-29,20.11,20.11,21.26,20.58,10504.0,20.622,0.6357
2018-11-30,20.68,19.79,21.22,20.22,11062.0,20.44,-1.7493
2018-12-03,21.02,20.4,21.95,21.0,15762.0,20.316,3.8576
2018-12-04,20.56,20.56,21.41,20.8,15682.0,20.61,-0.9524
2018-12-06,19.5,17.07,19.64,19.36,46274.0,20.392,-6.9231
2018-12-07,19.79,18.95,21.93,21.6,44934.0,20.596,11.5702
2018-12-10,21.69,21.69,26.17,24.98,59209.0,21.548,15.6481
2018-12-11,24.96,23.88,25.45,24.38,39045.0,22.224,-2.4019
2018-12-12,25.05,24.42,25.12,24.47,40424.0,22.958,0.3692
2018-12-13,24.48,22.64,24.85,22.88,29311.0,23.662,-6.4978
2018-12-14,22.19,21.45,22.99,22.0,49234.0,23.742,-3.8462
2018-12-17,22.22,19.97,22.28,20.37,85785.0,22.82,-7.4091
2018-12-18,20.6,20.0,21.59,20.26,99386.0,21.996,-0.54
2018-12-19,20.44,20.25,21.37,20.83,117675.0,21.268,2.8134
2018-12-20,20.91,20.4,21.42,20.87,123177.0,20.866,0.192
2018-12-21,20.84,20.63,22.52,21.65,311298.0,20.796,3.7374
2018-12-24,21.45,20.75,22.98,21.85,26237.0,21.092,0.9238
2018-12-26,22.09,21.95,25.35,25.16,36352.0,22.072,15.1487
2018-12-27,24.65,22.3,25.03,24.12,28879.0,22.73,-4.1335
2018-12-28,23.97,23.26,26.48,24.87,18498.0,23.53,3.1095
2018-12-31,25.16,25.16,28.71,28.09,94852.0,24.818,12.9473
2019-01-02,27.53,25.735,27.56,26.59,36646.0,25.766,-5.34
2019-01-03,26.54,26.0,27.48,26.56,28378.0,26.046,-0.1128
2019-01-04,27.01,25.835,28.42,25.95,41778.0,26.412,-2.2967
2019-01-07,25.84,25.7,27.75,25.99,32365.0,26.636,0.1541
2019-01-08,26.34,24.72,26.65,25.69,33098.0,26.156,-1.1543
2019-01-09,25.7,23.65,25.82,23.71,44729.0,25.58,-7.7073
2019-01-10,23.27,23.02,24.12,23.62,14796.0,24.992,-0.3796
2019-01-11,23.62,21.7,23.69,22.16,13960.0,24.234,-6.1812
2019-01-14,21.87,20.55,21.87,20.73,14025.0,23.182,-6.4531
2019-01-15,20.76,20.75,23.45,22.71,24731.0,22.586,9.5514
2019-01-16,22.8,22.67,23.63,22.81,12020.0,22.406,0.4403
2019-01-17,22.61,22.61,23.87,23.4,12480.0,22.362,2.5866
2019-01-18,23.76,23.61,24.4,23.97,13955.0,22.724,2.4359
2019-01-22,23.73,23.26,24.76,24.64,13252.0,23.506,2.7952
2019-01-23,25.23,23.06,25.59,23.28,16674.0,23.62,-5.5195
2019-01-24,22.9,21.56,22.9,21.93,25769.0,23.444,-5.799
2019-01-25,22.07,22.07,22.76,22.37,7322.0,23.238,2.0064
2019-01-28,22.11,20.95,22.78,21.55,11766.0,22.754,-3.6656
2019-01-29,18.16,18.16,20.365,18.58,234577.0,21.542,-13.7819
2019-01-30,18.22,17.56,18.605,18.26,166186.0,20.538,-1.7223
2019-01-31,17.0,16.71,17.84,17.5,749284.0,19.652,-4.1621
2019-02-01,17.11,17.01,17.69,17.31,120451.0,18.64,-1.0857
2019-02-04,16.87,16.8,17.44,17.09,56159.0,17.748,-1.2709
2019-02-05,17.09,16.5,17.12,16.7,79527.0,17.372,-2.282
2019-02-06,16.71,16.6,17.08,16.83,51427.0,17.086,0.7784
2019-02-07,16.78,16.76,17.84,17.69,83694.0,17.124,5.1099
2019-02-08,17.45,17.12,17.91,17.15,125133.0,17.092,-3.0526
2019-02-11,17.36,17.2,17.9,17.76,29510.0,17.226,3.5569
2019-02-12,17.94,17.33,17.95,17.71,77303.0,17.428,-0.2815
2019-02-13,17.73,17.45,17.73,17.56,26905.0,17.574,-0.847
2019-02-14,17.55,17.32,18.02,17.81,55611.0,17.598,1.4237
2019-02-15,17.82,17.67,17.95,17.69,26182.0,17.706,-0.6738
2019-02-19,17.73,17.46,17.95,17.64,47011.0,17.682,-0.2826
2019-02-20,17.63,17.5,17.8,17.7,33465.0,17.68,0.3401
2019-02-21,17.56,17.32,17.72,17.67,44147.0,17.702,-0.1695
2019-02-22,17.71,17.49,17.83,17.62,20038.0,17.664,-0.283
2019-02-25,17.8,17.5,18.22,17.64,42968.0,17.654,0.1135
2019-02-26,17.64,17.64,18.43,18.22,71039.0,17.77,3.288
2019-02-27,18.23,18.14,19.4,18.43,44131.0,17.916,1.1526
2019-02-28,18.41,17.5,18.69,17.95,40212.0,17.972,-2.6044
2019-03-01,17.98,17.87,18.39,18.23,28134.0,18.094,1.5599
2019-03-04,18.25,17.51,18.47,17.92,25398.0,18.15,-1.7005
2019-03-05,17.91,17.52,18.04,17.57,47390.0,18.02,-1.9531
2019-03-06,17.54,16.86,17.6,16.96,62538.0,17.726,-3.4718
2019-03-07,16.77,15.3,17.21,16.18,51458.0,17.372,-4.5991
2019-03-08,15.92,15.85,16.41,15.93,32936.0,16.912,-1.5451
2019-03-11,16.2,16.2,17.355,16.56,32615.0,16.64,3.9548
2019-03-12,16.68,16.66,17.2,16.93,30244.0,16.512,2.2343
2019-03-13,17.07,17.01,17.72,17.57,24320.0,16.634,3.7803
2019-03-14,17.57,17.205,17.62,17.62,20667.0,16.922,0.2846
2019-03-15,17.67,17.33,17.87,17.5,525801.0,17.236,-0.681
2019-03-18,17.54,17.01,17.87,17.84,34982.0,17.492,1.9429
2019-03-19,17.85,17.49,18.05,18.04,21647.0,17.714,1.1211
2019-03-20,18.03,17.79,18.575,18.17,18061.0,17.834,0.7206
2019-03-21,18.05,17.15,18.17,17.36,25895.0,17.782,-4.4579
2019-03-22,17.25,15.9,17.5,15.96,38902.0,17.474,-8.0645
2019-03-25,15.88,15.63,16.66,16.44,16180.0,17.194,3.0075
2019-03-26,16.54,16.43,17.23,17.03,32410.0,16.992,3.5888
2019-03-27,17.02,16.12,17.02,16.6,14143.0,16.678,-2.525
2019-03-28,16.61,16.61,17.81,17.71,16413.0,16.748,6.6867
2019-03-29,17.8,16.9,18.22,18.06,79179.0,17.168,1.9763
2019-04-01,18.21,17.68,18.29,17.89,19625.0,17.458,-0.9413
2019-04-02,17.82,17.29,17.82,17.49,13287.0,17.55,-2.2359
2019-04-03,17.65,17.38,18.18,17.9,11161.0,17.81,2.3442
2019-04-04,17.91,17.78,18.05,17.78,11043.0,17.824,-0.6704
2019-04-05,17.83,17.83,21.47,20.39,55946.0,18.29,14.6794
2019-04-08,19.93,18.11,19.93,18.23,55758.0,18.358,-10.5934
2019-04-09,19.45,18.6,19.45,18.61,18288.0,18.582,2.0845
2019-04-10,18.55,18.02,18.82,18.65,18518.0,18.732,0.2149
2019-04-11,18.64,17.93,18.64,18.0,19969.0,18.776,-3.4853
2019-04-12,18.27,17.91,18.27,18.05,13879.0,18.308,0.2778
2019-04-15,18.15,16.6,18.15,17.02,28367.0,18.066,-5.7064
2019-04-16,17.1,16.62,17.28,16.62,20860.0,17.668,-2.3502
2019-04-17,16.76,16.0,16.98,16.2,45565.0,17.178,-2.5271
2019-04-18,16.03,16.03,17.0,16.46,16633.0,16.87,1.6049
2019-04-22,16.41,16.1,16.75,16.32,14099.0,16.524,-0.8505
2019-04-23,16.36,15.87,16.41,16.07,24229.0,16.334,-1.5319
2019-04-24,16.16,15.11,16.16,15.29,29879.0,16.068,-4.8538
2019-04-25,15.18,14.74,16.25,15.93,61425.0,16.014,4.1857
2019-04-26,15.94,15.94,16.39,16.16,11589.0,15.954,1.4438
2019-04-29,16.35,15.49,16.35,15.65,26185.0,15.82,-3.1559
2019-04-30,15.6,14.75,15.6,14.93,28926.0,15.592,-4.6006
2019-05-01,14.81,14.15,14.81,14.32,16924.0,15.398,-4.0857
2019-05-02,14.0,14.0,14.75,14.59,15116.0,15.13,1.8855
2019-05-03,14.64,14.64,15.54,15.5,27740.0,14.998,6.2371
2019-05-06,15.13,15.13,16.03,15.48,11980.0,14.964,-0.129
2019-05-07,15.14,14.5,15.14,14.69,17227.0,14.916,-5.1034
2019-05-08,14.81,14.81,15.45,14.98,16015.0,15.048,1.9741
2019-05-09,14.7,14.39,14.76,14.43,24072.0,15.016,-3.6716
2019-05-10,14.5,14.49,15.2,15.09,27803.0,14.934,4.5738
2019-05-13,14.78,14.78,15.62,15.41,14621.0,14.92,2.1206
2019-05-14,15.29,14.91,15.63,15.11,12880.0,15.004,-1.9468
2019-05-15,14.96,14.9,15.49,15.11,18089.0,15.03,0.0
2019-05-16,15.16,15.03,15.53,15.31,16851.0,15.206,1.3236
2019-05-17,15.11,14.87,15.39,15.0,16004.0,15.188,-2.0248
2019-05-20,15.0,14.88,15.84,15.49,16931.0,15.204,3.2667
2019-05-21,15.4,15.4,16.9,16.5,24231.0,15.482,6.5203
2019-05-22,16.38,16.22,16.64,16.43,27047.0,15.746,-0.4242
2019-05-23,16.08,15.0,16.09,15.08,19592.0,15.7,-8.2167
2019-05-24,15.17,15.17,15.67,15.67,17469.0,15.834,3.9125
2019-05-28,15.59,15.59,16.32,15.94,94463.0,15.924,1.723
2019-05-29,15.79,15.01,15.83,15.47,25311.0,15.718,-2.9486
2019-05-30,15.54,15.3,15.63,15.58,25354.0,15.548,0.7111
2019-05-31,15.3,14.92,15.49,15.25,84082.0,15.582,-2.1181
2019-06-03,15.23,15.03,15.84,15.65,28738.0,15.578,2.623
2019-06-04,15.33,15.33,15.94,15.9,29010.0,15.57,1.5974
2019-06-05,16.04,15.51,16.04,15.7,25795.0,15.616,-1.2579
2019-06-06,15.69,14.37,15.96,14.54,21075.0,15.408,-7.3885
2019-06-07,14.61,13.56,14.61,13.75,30671.0,15.108,-5.4333
2019-06-10,13.9,13.9,15.24,14.36,40689.0,14.85,4.4364
2019-06-11,14.37,13.05,14.37,13.2,32970.0,14.31,-8.078
2019-06-12,13.28,13.1,13.58,13.33,16154.0,13.836,0.9848
2019-06-13,13.53,13.53,14.65,14.44,29986.0,13.816,8.3271
2019-06-14,14.32,13.37,14.32,13.68,33336.0,13.802,-5.2632
2019-06-17,13.69,13.15,14.21,13.36,47503.0,13.602,-2.3392
2019-06-18,13.66,13.31,13.68,13.63,20717.0,13.688,2.021
2019-06-19,13.61,13.44,14.0,13.82,26794.0,13.786,1.394
2019-06-20,13.83,13.83,14.19,13.94,30352.0,13.686,0.8683
2019-06-21,13.81,13.52,13.9,13.86,55385.0,13.722,-0.5739
2019-06-24,13.71,13.57,14.21,13.74,31521.0,13.798,-0.8658
2019-06-25,13.82,13.73,14.41,14.17,31886.0,13.906,3.1295
2019-06-26,14.23,13.06,14.23,13.33,49933.0,13.808,-5.928
2019-06-27,13.48,13.18,13.9,13.48,34519.0,13.716,1.1253
2019-06-28,13.63,13.2,13.63,13.54,277854.0,13.652,0.4451
2019-07-01,13.88,13.21,14.07,13.35,44164.0,13.574,-1.4032
2019-07-02,13.35,13.35,14.08,13.88,36745.0,13.516,3.97
2019-07-03,13.88,13.69,14.74,14.61,24459.0,13.772,5.2594
2019-07-05,14.54,14.32,15.27,15.01,24035.0,14.078,2.7379
2019-07-08,14.87,13.66,14.89,13.98,21599.0,14.166,-6.8621
2019-07-09,13.89,13.84,16.98,15.88,132660.0,14.672,13.5908
2019-07-10,15.88,15.02,16.61,15.1,53640.0,14.916,-4.9118
2019-07-11,15.02,14.4,15.02,14.52,26923.0,14.898,-3.8411
2019-07-12,14.55,13.77,14.55,13.77,25472.0,14.65,-5.1653
2019-07-15,13.91,13.66,13.92,13.71,15724.0,14.596,-0.4357
2019-07-16,13.72,13.6,14.16,13.74,22869.0,14.168,0.2188
2019-07-17,13.9,13.79,14.33,14.0,22046.0,13.948,1.8923
2019-07-18,13.99,13.9,14.51,14.44,12122.0,13.932,3.1429
2019-07-19,14.22,13.45,14.32,13.59,42321.0,13.896,-5.8864
2019-07-22,13.67,13.28,13.74,13.33,27353.0,13.82,-1.9132
2019-07-23,13.4,12.945,13.55,13.28,29480.0,13.728,-0.3751
2019-07-24,13.23,12.69,13.29,13.04,26892.0,13.536,-1.8072
2019-07-25,12.94,12.27,12.94,12.34,17248.0,13.116,-5.3681
2019-07-26,12.44,12.4,12.63,12.52,18311.0,12.902,1.4587
2019-07-29,12.52,11.81,12.61,11.98,13979.0,12.632,-4.3131
2019-07-30,12.0,10.81,12.19,12.19,36895.0,12.414,1.7529
2019-07-31,12.06,11.63,12.43,11.8,23461.0,12.166,-3.1993
2019-08-01,11.8,11.66,12.18,11.8,14210.0,12.058,0.0
2019-08-02,11.75,11.18,11.76,11.36,19829.0,11.826,-3.7288
2019-08-05,11.1,10.97,11.44,11.14,21081.0,11.658,-1.9366
2019-08-06,11.23,10.95,11.44,11.24,15437.0,11.468,0.8977
2019-08-07,11.07,10.945,11.38,11.21,11900.0,11.35,-0.2669
2019-08-08,11.32,11.3,11.75,11.34,14139.0,11.258,1.1597
2019-08-09,11.28,11.16,11.43,11.37,6886.0,11.26,0.2646
2019-08-12,11.27,10.77,11.27,10.99,13323.0,11.23,-3.3421
2019-08-13,10.7,10.7,11.28,11.1,25154.0,11.202,1.0009
2019-08-14,10.46,10.1,10.91,10.69,26049.0,11.098,-3.6937
2019-08-15,10.75,9.08,10.8,9.41,28183.0,10.712,-11.9738
2019-08-16,9.5,9.12,10.1,9.99,36868.0,10.436,6.1637
2019-08-19,10.18,9.75,10.52,10.39,32462.0,10.316,4.004
2019-08-20,10.23,10.23,10.61,10.5,13789.0,10.196,1.0587
2019-08-21,10.55,10.15,10.81,10.36,23769.0,10.13,-1.3333
2019-08-22,10.39,9.86,10.39,9.86,18280.0,10.22,-4.8263
2019-08-23,9.83,8.85,10.02,8.87,38196.0,9.996,-10.0406
2019-08-26,8.99,8.95,9.32,9.29,16428.0,9.776,4.7351
2019-08-27,9.32,8.76,9.32,9.1,21770.0,9.496,-2.0452
2019-08-28,9.05,9.05,9.36,9.17,19683.0,9.258,0.7692
2019-08-29,9.3,9.2,9.33,9.26,5034.0,9.138,0.9815
2019-08-30,9.32,8.8,9.32,8.83,24181.0,9.13,-4.6436
2019-09-03,8.83,8.28,8.83,8.3,22604.0,8.932,-6.0023
2019-09-04,8.43,8.14,8.58,8.19,17647.0,8.75,-1.3253
2019-09-05,8.37,8.28,9.1,8.94,21988.0,8.704,9.1575
2019-09-06,8.98,8.91,9.76,9.34,15394.0,8.72,4.4743
2019-09-09,9.3,9.3,9.86,9.69,11153.0,8.892,3.7473
2019-09-10,9.82,9.45,10.05,9.9,40406.0,9.212,2.1672
2019-09-11,10.0,9.9,10.48,10.3,20835.0,9.634,4.0404
2019-09-12,10.35,9.15,10.35,9.5,28211.0,9.746,-7.767
2019-09-13,9.5,9.19,9.97,9.22,19493.0,9.722,-2.9474
2019-09-16,9.2,9.17,9.44,9.24,10975.0,9.632,0.2169
2019-09-17,9.24,8.79,9.42,8.83,16773.0,9.418,-4.4372
2019-09-18,8.82,8.75,9.18,9.17,23467.0,9.192,3.8505
2019-09-19,9.12,9.1,9.43,9.22,15459.0,9.136,0.5453
2019-09-20,9.2,9.08,9.45,9.22,57076.0,9.136,0.0
2019-09-23,9.09,8.72,9.23,8.8,23425.0,9.048,-4.5553
2019-09-24,8.85,8.1,8.94,8.15,31986.0,8.912,-7.3864
2019-09-25,8.15,8.1,8.64,8.42,43093.0,8.762,3.3129
2019-09-26,8.37,8.04,8.42,8.19,23195.0,8.556,-2.7316
2019-09-27,8.15,8.095,8.78,8.72,34453.0,8.456,6.4713
2019-09-30,8.74,8.44,8.88,8.51,26294.0,8.398,-2.4083
2019-10-01,8.48,8.08,8.64,8.17,26457.0,8.402,-3.9953
2019-10-02,8.11,7.36,8.11,7.5,61319.0,8.218,-8.2007
2019-10-03,7.5,7.15,7.54,7.5,27864.0,8.08,0.0
2019-10-04,7.5,7.27,7.58,7.32,16261.0,7.8,-2.4
2019-10-07,7.34,7.03,7.35,7.07,17334.0,7.512,-3.4153
2019-10-08,7.02,6.62,7.05,6.75,28723.0,7.228,-4.5262
2019-10-09,6.9,6.08,6.95,6.52,49538.0,7.032,-3.4074
2019-10-10,6.58,6.52,6.79,6.64,28793.0,6.86,1.8405
2019-10-11,6.76,6.35,6.78,6.37,33380.0,6.67,-4.0663
2019-10-14,6.25,5.84,6.26,5.95,67428.0,6.446,-6.5934
2019-10-15,5.99,5.85,6.01,5.88,69910.0,6.272,-1.1765
2019-10-16,5.88,5.59,5.93,5.59,56017.0,6.086,-4.932
2019-10-17,5.59,5.02,5.59,5.29,108306.0,5.816,-5.3667
2019-10-18,5.3,5.1,5.4,5.24,143233.0,5.59,-0.9452
2019-10-21,5.3,5.3,6.06,5.92,96964.0,5.584,12.9771
2019-10-22,5.92,5.67,6.15,5.77,47017.0,5.562,-2.5338
2019-10-23,5.71,5.71,6.18,6.09,64070.0,5.662,5.5459
2019-10-24,6.13,5.89,6.15,5.93,49527.0,5.79,-2.6273
2019-10-25,5.86,5.74,6.04,5.99,35296.0,5.94,1.0118
2019-10-28,6.0,5.97,6.33,6.2,40381.0,5.996,3.5058
2019-10-29,6.77,6.31,7.16,6.93,99049.0,6.228,11.7742
2019-10-30,7.04,6.91,7.34,7.09,69286.0,6.428,2.3088
2019-10-31,7.04,7.02,7.4,7.05,35113.0,6.652,-0.5642
2019-11-01,7.09,7.09,7.68,7.46,37214.0,6.946,5.8156
2019-11-04,7.48,7.21,7.91,7.27,55151.0,7.16,-2.5469
2019-11-05,7.27,7.19,7.46,7.3,40327.0,7.234,0.4127
2019-11-06,7.29,6.67,7.29,6.78,41512.0,7.172,-7.1233
2019-11-07,6.79,6.6,7.24,7.0,57867.0,7.162,3.2448
2019-11-08,6.98,6.86,7.415,7.32,35102.0,7.134,4.5714
2019-11-11,7.34,7.13,7.34,7.33,34007.0,7.146,0.1366
2019-11-12,7.23,6.64,7.64,6.75,51689.0,7.036,-7.9127
2019-11-13,6.74,6.36,6.74,6.63,32840.0,7.006,-1.7778
2019-11-14,6.62,6.42,6.68,6.45,22509.0,6.896,-2.7149
2019-11-15,6.45,6.4,6.63,6.54,28860.0,6.74,1.3953
2019-11-18,6.53,6.32,6.66,6.49,32897.0,6.572,-0.7645
2019-11-19,6.5,6.28,7.09,6.94,36704.0,6.61,6.9337
2019-11-20,8.98,8.08,9.48,8.93,428226.0,7.07,28.6744
2019-11-21,9.0,8.52,9.02,8.94,82282.0,7.568,0.112
2019-11-22,8.96,8.63,9.7,9.62,56842.0,8.184,7.6063
2019-11-25,9.78,9.75,10.7,10.61,78858.0,9.008,10.2911
2019-11-26,10.8,10.05,10.97,10.41,134495.0,9.702,-1.885
2019-11-27,10.43,10.3,10.89,10.83,59664.0,10.082,4.0346
2019-11-29,10.77,10.5,11.08,10.65,21765.0,10.424,-1.662
2019-12-02,10.63,9.33,10.63,10.14,61045.0,10.528,-4.7887
2019-12-03,10.13,9.95,11.09,11.07,51918.0,10.62,9.1716
2019-12-04,11.24,9.5,11.32,10.05,51103.0,10.548,-9.2141
2019-12-05,10.36,9.92,10.36,9.97,41284.0,10.376,-0.796
2019-12-06,11.54,10.42,11.65,10.61,123709.0,10.368,6.4193
2019-12-09,10.75,10.7,11.63,11.37,52316.0,10.614,7.1631
2019-12-10,11.4,11.4,14.5,12.92,170714.0,10.984,13.6324
2019-12-11,13.56,12.46,13.65,12.79,71961.0,11.532,-1.0062
2019-12-12,12.72,12.29,12.96,12.96,58033.0,12.13,1.3292
2019-12-13,12.86,12.25,13.04,12.57,44867.0,12.522,-3.0093
2019-12-16,12.7,12.21,12.81,12.31,61022.0,12.71,-2.0684
2019-12-17,12.35,11.77,12.58,12.45,71716.0,12.616,1.1373
2019-12-18,12.37,12.02,12.37,12.26,86525.0,12.51,-1.5261
2019-12-19,12.26,12.12,12.93,12.56,181209.0,12.43,2.447
2019-12-20,12.61,12.13,13.03,12.47,570155.0,12.41,-0.7166
2019-12-23,12.67,12.0,12.87,12.28,72455.0,12.404,-1.5237
2019-12-24,12.24,12.14,12.54,12.46,40011.0,12.406,1.4658
2019-12-26,12.46,12.02,12.7,12.11,55991.0,12.376,-2.809
2019-12-27,12.17,11.5,12.17,11.7,68400.0,12.204,-3.3856
2019-12-30,11.7,10.94,11.76,11.0,91341.0,11.91,-5.9829
2019-12-31,10.98,10.7,11.49,11.06,69383.0,11.666,0.5455
2020-01-02,11.11,10.92,11.32,11.19,104267.0,11.412,1.1754
2020-01-03,11.17,11.16,12.25,12.25,71836.0,11.44,9.4727
2020-01-06,12.15,12.12,13.73,13.29,138124.0,11.758,8.4898
2020-01-07,13.28,12.8,14.01,13.98,115757.0,12.354,5.1919
2020-01-08,13.99,13.64,15.43,15.15,117650.0,13.172,8.3691
2020-01-09,15.29,13.34,15.63,14.28,104293.0,13.79,-5.7426
2020-01-10,14.3,13.95,14.86,14.01,70303.0,14.142,-1.8908
2020-01-13,14.05,13.24,14.05,13.79,59081.0,14.242,-1.5703
2020-01-14,13.68,13.55,15.31,14.95,96443.0,14.436,8.4119
2020-01-15,14.92,14.57,15.47,14.7,105076.0,14.346,-1.6722
2020-01-16,14.88,14.3,15.9,15.62,84752.0,14.614,6.2585
2020-01-17,15.7,15.23,15.7,15.45,113285.0,14.902,-1.0883
2020-01-21,15.65,14.95,15.65,15.54,44910.0,15.252,0.5825
2020-01-22,15.6,15.24,15.8,15.29,52109.0,15.32,-1.6088
2020-01-23,15.2,14.77,15.265,14.93,73450.0,15.366,-2.3545
2020-01-24,14.98,14.48,14.98,14.62,39759.0,15.166,-2.0764
2020-01-27,14.17,14.15,14.62,14.49,25624.0,14.974,-0.8892
2020-01-28,14.57,14.57,15.16,15.01,46151.0,14.868,3.5887
2020-01-29,15.07,14.845,15.16,14.98,27613.0,14.806,-0.1999
2020-01-30,15.0,14.63,15.03,14.8,23147.0,14.78,-1.2016
2020-01-31,14.72,14.06,14.89,14.71,47738.0,14.798,-0.6081
2020-02-03,14.85,14.84,15.28,15.26,24724.0,14.952,3.739
2020-02-04,15.59,15.48,16.05,16.04,42953.0,15.158,5.1114
2020-02-05,16.17,15.92,16.38,16.23,44543.0,15.408,1.1845
2020-02-06,16.25,16.25,16.71,16.52,43338.0,15.752,1.7868
2020-02-07,16.52,16.36,16.68,16.64,42996.0,16.138,0.7264
2020-02-10,16.64,16.49,17.21,16.92,26662.0,16.47,1.6827
2020-02-11,17.0,16.75,17.42,17.32,43461.0,16.726,2.3641
2020-02-12,17.5,17.5,18.1,18.02,55105.0,17.084,4.0416
2020-02-13,18.0,17.99,18.4,18.26,40660.0,17.432,1.3319
2020-02-14,18.26,17.2,18.79,17.33,62380.0,17.57,-5.0931
2020-02-18,17.33,17.33,18.14,17.95,39767.0,17.776,3.5776
2020-02-19,18.2,18.02,18.36,18.26,65489.0,17.964,1.727
2020-02-20,18.3,18.25,19.4,18.77,77819.0,18.114,2.793
2020-02-21,18.91,18.58,19.26,19.17,64050.0,18.296,2.1311
2020-02-24,18.4,17.81,18.83,18.61,36579.0,18.552,-2.9212
2020-02-25,18.74,17.74,18.84,17.81,45768.0,18.524,-4.2988
2020-02-26,18.05,17.73,18.85,18.23,34051.0,18.518,2.3582
2020-02-27,18.25,17.69,19.54,17.69,61472.0,18.302,-2.9622
2020-02-28,17.16,17.16,18.82,18.46,60879.0,18.16,4.3527
2020-03-02,18.38,18.02,18.98,18.89,45206.0,18.216,2.3294
2020-03-03,18.96,18.53,19.66,19.39,56215.0,18.532,2.6469
2020-03-04,19.5,19.19,19.74,19.7,71324.0,18.826,1.5988
2020-03-05,19.26,19.23,19.88,19.65,36327.0,19.218,-0.2538
2020-03-06,19.14,19.14,20.0,19.76,116190.0,19.478,0.5598
2020-03-09,18.95,17.27,18.95,17.37,68473.0,19.174,-12.0951
2020-03-10,18.63,16.85,18.63,17.96,70423.0,18.888,3.3967
2020-03-11,17.75,15.73,17.85,16.1,62412.0,18.168,-10.3563
2020-03-12,14.99,14.23,15.27,15.01,167265.0,17.24,-6.7702
2020-03-13,15.89,14.39,15.89,15.52,53100.0,16.392,3.3977
2020-03-16,18.1,11.73,18.1,11.73,106511.0,15.264,-24.4201
2020-03-17,11.87,11.14,12.8,12.4,81842.0,14.152,5.7118
2020-03-18,11.96,10.36,12.82,11.0,73585.0,13.132,-11.2903
2020-03-19,11.31,11.04,13.59,12.57,126811.0,12.644,14.2727
2020-03-20,12.78,12.07,13.23,13.1,114293.0,12.16,4.2164
2020-03-23,13.33,11.7,13.33,12.3,49592.0,12.274,-6.1069
2020-03-24,13.26,12.935,13.7,13.57,57187.0,12.508,10.3252
2020-03-25,13.69,13.14,14.1,13.83,45766.0,13.074,1.916
2020-03-26,14.07,13.125,14.31,13.36,73520.0,13.232,-3.3984
2020-03-27,13.2,12.11,13.62,12.56,44105.0,13.124,-5.988
2020-03-30,12.43,11.62,12.625,12.22,58339.0,13.108,-2.707
2020-03-31,16.75,14.54,17.25,15.48,362293.0,13.49,26.6776
2020-04-01,15.46,14.53,16.6,15.08,158536.0,13.74,-2.584
2020-04-02,15.01,14.73,16.92,16.84,95247.0,14.436,11.6711
2020-04-03,16.83,16.83,18.19,17.91,118494.0,15.506,6.3539
2020-04-06,18.24,16.2,18.82,17.79,81252.0,16.62,-0.67
2020-04-07,18.45,16.56,18.45,17.08,83979.0,16.94,-3.991
2020-04-08,17.19,16.13,17.21,16.93,49356.0,17.31,-0.8782
2020-04-09,17.2,16.74,17.5,16.99,63279.0,17.34,0.3544
2020-04-13,16.82,16.35,17.25,17.11,63439.0,17.18,0.7063
2020-04-14,17.2,16.86,17.3,17.15,95126.0,17.052,0.2338
2020-04-15,17.0,16.92,17.74,17.61,94396.0,17.158,2.6822
2020-04-16,17.74,17.25,18.0,17.68,79362.0,17.308,0.3975
2020-04-17,18.0,17.71,18.49,18.38,75997.0,17.586,3.9593
2020-04-20,18.07,18.07,19.19,19.0,90730.0,17.964,3.3732
2020-04-21,18.59,18.46,20.77,20.45,65896.0,18.624,7.6316
2020-04-22,20.69,19.93,21.74,19.98,98538.0,19.098,-2.2983
2020-04-23,20.39,18.3,20.64,18.57,71172.0,19.276,-7.0571
2020-04-24,18.62,18.62,20.04,19.86,39506.0,19.572,6.9467
2020-04-27,19.87,19.17,21.0,21.0,149223.0,19.972,5.7402
2020-04-28,21.33,19.62,22.3,20.83,76872.0,20.048,-0.8095
2020-04-29,21.1,18.37,21.1,19.54,78511.0,19.96,-6.193
2020-04-30,19.19,18.92,20.26,19.95,43410.0,20.236,2.0983
2020-05-01,19.58,18.8,20.32,19.06,48303.0,20.076,-4.4612
2020-05-04,18.87,18.56,20.0,19.95,51408.0,19.866,4.6695
2020-05-05,20.2,20.05,20.85,20.3,113431.0,19.76,1.7544
2020-05-06,20.3,20.22,21.07,20.96,43976.0,20.044,3.2512
2020-05-07,21.2,20.33,21.37,20.39,51498.0,20.132,-2.7195
2020-05-08,20.55,20.11,21.09,20.43,52021.0,20.406,0.1962
2020-05-11,20.61,20.39,22.47,22.33,86072.0,20.882,9.3
2020-05-12,22.75,21.0,22.77,21.13,42351.0,21.048,-5.3739
2020-05-13,21.22,18.76,21.23,18.99,40463.0,20.654,-10.1278
2020-05-14,20.06,19.52,21.5,21.0,462066.0,20.776,10.5845
2020-05-15,21.04,20.825,21.81,21.46,144951.0,20.982,2.1905
2020-05-18,22.29,21.41,22.35,21.48,97950.0,20.812,0.0932
2020-05-19,21.79,19.84,22.07,19.9,66157.0,20.566,-7.3557
2020-05-20,19.82,19.8,22.28,21.66,85452.0,21.1,8.8442
2020-05-21,21.44,21.44,22.35,21.62,47662.0,21.224,-0.1847
2020-05-22,21.4,21.06,21.94,21.44,35249.0,21.22,-0.8326
2020-05-26,21.98,21.57,22.27,21.76,35758.0,21.276,1.4925
2020-05-27,21.85,19.85,21.85,20.82,56215.0,21.46,-4.3199
2020-05-28,20.81,20.8,21.61,20.87,51225.0,21.302,0.2402
2020-05-29,20.84,20.13,21.36,20.87,284718.0,21.152,0.0
2020-06-01,20.81,20.39,21.97,21.57,62800.0,21.178,3.3541
2020-06-02,21.56,19.82,21.6,20.89,55168.0,21.004,-3.1525
2020-06-03,20.96,20.61,21.42,21.15,53424.0,21.07,1.2446
2020-06-04,21.2,20.82,21.66,21.14,54195.0,21.124,-0.0473
2020-06-05,21.57,21.22,22.43,21.55,62164.0,21.26,1.9395
2020-06-08,21.55,21.265,24.51,23.99,152574.0,21.744,11.3225
2020-06-09,23.73,22.85,24.0,23.05,61297.0,22.176,-3.9183
2020-06-10,23.09,23.09,25.2,24.24,101990.0,22.794,5.1627
2020-06-11,23.42,20.49,23.54,20.64,84880.0,22.694,-14.8515
2020-06-12,21.05,21.01,21.9,21.52,60607.0,22.688,4.2636
2020-06-15,21.35,21.35,23.83,23.46,111833.0,22.582,9.0149
2020-06-16,24.45,23.4,24.69,23.63,88644.0,22.698,0.7246
2020-06-17,23.63,23.63,24.64,24.21,64395.0,22.692,2.4545
2020-06-18,24.06,24.06,24.94,24.53,78590.0,23.47,1.3218
2020-06-19,24.69,23.96,25.1,24.45,225700.0,24.056,-0.3261
2020-06-22,24.41,24.15,25.61,25.01,90982.0,24.366,2.2904
2020-06-23,25.16,24.12,25.4,24.4,70533.0,24.52,-2.439
2020-06-24,24.26,24.15,25.28,24.68,38612.0,24.614,1.1475
2020-06-25,24.7,24.67,25.42,25.19,70081.0,24.746,2.0665
2020-06-26,25.13,22.78,25.13,23.03,579429.0,24.462,-8.5748
2020-06-29,26.51,25.44,28.55,26.0,314333.0,24.66,12.8962
2020-06-30,26.97,24.72,27.13,25.48,187513.0,24.876,-2.0
2020-07-01,25.62,24.77,26.1,25.53,84749.0,25.046,0.1962
2020-07-02,24.99,23.25,25.24,23.73,130245.0,24.754,-7.0505
2020-07-06,24.23,23.02,24.62,23.05,102928.0,24.758,-2.8656
2020-07-07,22.94,22.36,23.13,22.85,69286.0,24.128,-0.8677
2020-07-08,22.89,22.89,23.99,23.27,115745.0,23.686,1.8381
2020-07-09,23.95,22.61,24.55,23.04,152546.0,23.188,-0.9884
2020-07-10,23.5,22.12,23.775,22.25,95688.0,22.892,-3.4288
2020-07-13,22.34,21.26,22.69,21.27,80255.0,22.536,-4.4045
2020-07-14,21.22,20.82,22.04,21.99,50904.0,22.364,3.385
2020-07-15,22.37,21.84,22.77,22.46,66849.0,22.202,2.1373
2020-07-16,22.18,21.56,22.48,22.12,112553.0,22.018,-1.5138
2020-07-17,22.38,22.09,23.68,23.43,108221.0,22.254,5.9222
2020-07-20,23.27,23.27,24.49,23.88,49927.0,22.776,1.9206
2020-07-21,21.84,21.015,22.06,21.65,308336.0,22.708,-9.3384
2020-07-22,22.7,21.11,22.98,21.35,814620.0,22.486,-1.3857
2020-07-23,21.85,20.42,21.85,20.73,186217.0,22.208,-2.904
2020-07-24,20.38,19.73,20.54,20.03,172702.0,21.528,-3.3767
2020-07-27,19.96,19.52,20.22,20.09,149474.0,20.77,0.2996
2020-07-28,19.97,19.68,20.39,20.09,89562.0,20.458,0.0
2020-07-29,20.16,19.11,20.3,19.36,115036.0,20.06,-3.6336
2020-07-30,19.4,19.16,19.88,19.62,110453.0,19.838,1.343
2020-07-31,19.6,19.125,19.99,19.52,122974.0,19.736,-0.5097
2020-08-03,19.53,19.13,19.73,19.65,88741.0,19.648,0.666
2020-08-04,19.54,19.0,19.56,19.12,89982.0,19.454,-2.6972
2020-08-05,19.24,18.965,19.8,19.77,79033.0,19.536,3.3996
2020-08-06,19.68,19.24,19.88,19.6,57338.0,19.532,-0.8599
2020-08-07,19.57,19.28,19.89,19.7,51430.0,19.568,0.5102
2020-08-10,19.79,19.78,20.49,20.0,73522.0,19.638,1.5228
2020-08-11,20.02,19.01,20.02,19.04,75223.0,19.622,-4.8
2020-08-12,19.16,18.25,19.41,18.31,106826.0,19.33,-3.834
2020-08-13,18.3,18.3,19.14,18.72,89682.0,19.154,2.2392
2020-08-14,18.6,17.58,18.6,17.7,78784.0,18.754,-5.4487
2020-08-17,17.7,17.3,17.99,17.47,192269.0,18.248,-1.2994
2020-08-18,17.7,17.25,18.1,17.9,174654.0,18.02,2.4614
2020-08-19,17.78,17.31,17.95,17.4,101812.0,17.838,-2.7933
2020-08-20,17.37,17.31,18.05,17.95,93720.0,17.684,3.1609
2020-08-21,17.81,17.19,17.89,17.64,92905.0,17.672,-1.727
2020-08-24,17.78,17.2,17.83,17.29,95471.0,17.636,-1.9841
2020-08-25,17.3,17.3,18.3,17.8,115796.0,17.616,2.9497
2020-08-26,17.72,17.02,17.98,17.07,87430.0,17.55,-4.1011
2020-08-27,17.18,16.09,17.2,16.29,96109.0,17.218,-4.5694
2020-08-28,16.14,16.0,16.69,16.515,122422.0,16.993,1.3812
2020-08-31,16.66,16.66,17.87,17.67,123736.0,17.069,6.9936
2020-09-01,17.67,16.39,17.825,16.6,91552.0,16.829,-6.0555
2020-09-02,16.48,16.09,16.59,16.53,96575.0,16.721,-0.4217
2020-09-03,16.5,15.66,16.79,15.71,112497.0,16.605,-4.9607
2020-09-04,15.78,14.54,15.82,15.37,133324.0,16.376,-2.1642
2020-09-08,15.07,15.01,15.85,15.56,106374.0,15.954,1.2362
2020-09-09,15.59,15.59,16.58,15.95,117015.0,15.824,2.5064
2020-09-10,15.95,15.49,16.39,15.5,82245.0,15.618,-2.8213
2020-09-11,15.52,15.52,16.14,15.88,91007.0,15.652,2.4516
2020-09-14,16.08,16.08,16.83,16.48,161439.0,15.874,3.7783
2020-09-15,16.79,16.7,17.88,17.34,125198.0,16.23,5.2184
2020-09-16,17.35,17.02,17.95,17.14,121476.0,16.468,-1.1534
2020-09-17,16.92,16.74,17.1,16.9,91487.0,16.748,-1.4002
2020-09-18,17.04,16.86,17.53,17.24,1069633.0,17.02,2.0118
2020-09-21,17.03,15.69,17.03,15.77,160458.0,16.878,-8.5267
2020-09-22,15.76,15.67,16.69,16.59,139443.0,16.728,5.1997
2020-09-23,16.6,15.7,16.6,15.75,84457.0,16.45,-5.0633
2020-09-24,15.63,14.96,15.85,15.21,95888.0,16.112,-3.4286
2020-09-25,15.21,15.17,15.925,15.82,103284.0,15.828,4.0105
2020-09-28,15.93,15.14,15.96,15.42,92952.0,15.758,-2.5284
2020-09-29,15.42,14.94,15.71,15.55,190937.0,15.55,0.8431
2020-09-30,15.55,14.92,15.67,15.32,237292.0,15.464,-1.4791
2020-10-01,15.32,14.87,15.45,15.325,151282.0,15.487,0.0326
2020-10-02,14.97,14.6,15.31,15.1,121337.0,15.343,-1.4682
2020-10-05,15.25,15.03,16.08,15.84,150252.0,15.427,4.9007
2020-10-06,16.95,16.4,19.84,18.74,526157.0,16.065,18.3081
2020-10-07,18.73,18.12,19.48,19.2,212601.0,16.841,2.4546
2020-10-08,19.5,19.425,20.7,20.28,179893.0,17.832,5.625
2020-10-09,20.28,20.055,21.01,20.95,108952.0,19.002,3.3037
2020-10-12,21.05,20.52,21.23,21.15,157316.0,20.064,0.9547
2020-10-13,21.0,20.19,21.0,20.62,79930.0,20.44,-2.5059
2020-10-14,20.81,19.37,20.81,19.41,102634.0,20.482,-5.8681
2020-10-15,19.33,18.32,19.33,18.55,94234.0,20.136,-4.4307
2020-10-16,18.56,18.33,18.98,18.41,65662.0,19.628,-0.7547
2020-10-19,18.53,18.03,18.84,18.2,114830.0,19.038,-1.1407
2020-10-20,18.32,17.05,18.32,17.35,85420.0,18.384,-4.6703
2020-10-21,17.42,17.21,17.76,17.32,83035.0,17.966,-0.1729
2020-10-22,17.4,17.4,18.15,17.93,67386.0,17.842,3.5219
2020-10-23,17.98,17.53,18.81,18.76,64360.0,17.912,4.6291
2020-10-26,18.71,17.96,18.99,18.21,69637.0,17.914,-2.9318
2020-10-27,18.25,18.105,18.55,18.43,58735.0,18.13,1.2081
2020-10-28,18.01,16.73,18.185,16.82,115713.0,18.03,-8.7358
2020-10-29,16.82,15.64,16.87,16.0,143071.0,17.644,-4.8751
2020-10-30,15.89,15.39,16.02,15.66,89196.0,17.024,-2.125
2020-11-02,15.85,15.16,15.98,15.42,76517.0,16.466,-1.5326
2020-11-03,15.67,15.16,15.67,15.46,137921.0,15.872,0.2594
2020-11-04,15.35,15.35,16.44,16.21,102745.0,15.75,4.8512
2020-11-05,16.05,15.99,16.66,16.22,62150.0,15.794,0.0617
2020-11-06,15.92,15.2,16.07,15.25,101254.0,15.712,-5.9803
2020-11-09,15.67,14.93,15.97,15.05,160771.0,15.638,-1.3115
2020-11-10,15.05,14.69,15.36,15.05,157122.0,15.556,0.0
2020-11-11,15.32,15.05,15.92,15.51,92961.0,15.416,3.0565
2020-11-12,15.35,15.21,15.99,15.55,134058.0,15.282,0.2579
2020-11-13,15.65,15.56,16.21,15.65,97095.0,15.362,0.6431
2020-11-16,15.97,15.59,16.76,15.92,141142.0,15.536,1.7252
2020-11-17,15.7,14.995,16.17,15.23,122554.0,15.572,-4.3342
2020-11-18,15.21,14.78,15.66,14.8,116009.0,15.43,-2.8234
2020-11-19,14.76,14.75,15.16,14.92,80142.0,15.304,0.8108
2020-11-20,14.87,14.56,15.17,14.88,175096.0,15.15,-0.2681
2020-11-23,15.66,15.17,15.94,15.5,130104.0,15.066,4.1667
2020-11-24,15.84,15.3,17.46,17.03,176119.0,15.426,9.871
2020-11-25,17.11,16.99,17.72,17.7,173241.0,16.006,3.9342
2020-11-27,17.7,17.67,18.38,18.26,75943.0,16.674,3.1638
2020-11-30,18.23,17.79,19.3,18.66,206457.0,17.43,2.1906
2020-12-01,18.8,18.46,19.085,18.88,142866.0,18.106,1.179
2020-12-02,18.67,17.8,19.16,19.0,110801.0,18.5,0.6356
2020-12-03,19.11,18.18,19.18,18.71,109045.0,18.702,-1.5263
2020-12-04,18.85,17.41,18.85,17.76,92770.0,18.602,-5.0775
2020-12-07,17.21,17.21,18.13,17.45,76519.0,18.36,-1.7455
2020-12-08,17.5,17.5,18.24,18.19,89747.0,18.222,4.2407
2020-12-09,18.27,16.69,18.32,17.14,116320.0,17.85,-5.7724
2020-12-10,17.06,17.06,18.27,18.09,78855.0,17.726,5.5426
2020-12-11,17.91,17.91,18.415,18.13,106863.0,17.8,0.2211
2020-12-14,18.51,18.51,20.09,19.475,98796.0,18.205,7.4186
2020-12-15,19.47,18.66,19.65,19.58,87897.0,18.483,0.5392
2020-12-16,19.45,19.45,19.98,19.6,73918.0,18.975,0.1021
2020-12-17,19.73,19.4,19.98,19.77,75765.0,19.311,0.8673
2020-12-18,19.86,18.79,20.1,19.4,1990998.0,19.565,-1.8715
2020-12-21,18.8,18.66,19.71,19.61,121255.0,19.592,1.0825
2020-12-22,19.56,19.4,19.98,19.57,94142.0,19.59,-0.204
2020-12-23,19.51,18.15,19.61,18.25,111475.0,19.32,-6.745
2020-12-24,18.1,18.1,19.3,19.0,92253.0,19.166,4.1096
2020-12-28,19.15,17.27,19.15,17.32,109084.0,18.75,-8.8421
2020-12-29,17.45,17.05,17.74,17.54,102324.0,18.336,1.2702
2020-12-30,17.58,17.26,17.82,17.56,60157.0,17.934,0.114
2020-12-31,17.52,17.11,18.02,17.67,115040.0,17.818,0.6264
2021-01-04,17.67,17.0,17.67,17.07,98540.0,17.432,-3.3956
2021-01-05,17.14,16.8,17.425,17.09,84567.0,17.386,0.1172
2021-01-06,17.05,16.67,17.51,17.4,121544.0,17.358,1.8139
2021-01-07,17.54,17.54,18.75,18.51,88271.0,17.548,6.3793
2021-01-08,18.6,18.56,19.55,18.98,98873.0,17.81,2.5392
2021-01-11,18.89,18.78,19.98,19.59,86609.0,18.314,3.2139
2021-01-12,19.59,18.59,19.89,18.87,70486.0,18.67,-3.6753
2021-01-13,18.73,18.16,18.91,18.32,71131.0,18.854,-2.9147
2021-01-14,18.55,18.5,19.85,19.57,81098.0,19.066,6.8231
2021-01-15,19.25,19.25,20.35,19.85,125630.0,19.24,1.4308
2021-01-19,20.0,20.0,21.59,20.22,156498.0,19.366,1.864
2021-01-20,20.26,18.63,20.27,18.7,78707.0,19.332,-7.5173
2021-01-21,18.74,17.37,18.99,17.47,140400.0,19.162,-6.5775
2021-01-22,17.27,16.9,18.32,18.27,116285.0,18.902,4.5793
2021-01-25,18.35,18.35,19.9,19.77,117845.0,18.886,8.2102
2021-01-26,20.06,19.18,20.48,19.72,147677.0,18.786,-0.2529
2021-01-27,19.34,18.42,20.3,19.44,136844.0,18.934,-1.4199
2021-01-28,19.75,18.7,20.0,19.04,64608.0,19.248,-2.0576
2021-01-29,19.25,18.79,19.79,19.69,104078.0,19.532,3.4139
2021-02-01,20.3,19.68,20.91,20.8,99276.0,19.738,5.6374
2021-02-02,21.0,20.555,21.82,21.55,97647.0,20.104,3.6058
2021-02-03,21.63,20.93,22.18,21.17,121394.0,20.45,-1.7633
2021-02-04,21.43,20.38,21.8,20.54,149902.0,20.75,-2.9759
2021-02-05,20.75,20.08,21.46,21.41,83743.0,21.094,4.2356
2021-02-08,21.7,21.41,23.03,23.03,103654.0,21.54,7.5666
2021-02-09,23.24,22.26,23.26,22.44,112556.0,21.718,-2.5619
2021-02-10,22.63,21.61,23.15,21.83,83964.0,21.85,-2.7184
2021-02-11,22.0,20.35,22.74,20.9,102284.0,21.922,-4.2602
2021-02-12,20.89,20.1,21.14,20.44,92497.0,21.728,-2.201
2021-02-16,21.01,20.65,22.04,21.86,159416.0,21.494,6.9472
2021-02-17,21.91,21.33,23.0,22.52,152792.0,21.51,3.0192
2021-02-18,23.4,22.81,24.45,23.9,236569.0,21.924,6.1279
2021-02-19,24.05,23.46,24.48,23.97,153284.0,22.538,0.2929
2021-02-22,23.97,23.0,24.69,23.34,138986.0,23.118,-2.6283
2021-02-23,23.0,21.65,23.22,21.84,204031.0,23.114,-6.4267
2021-02-24,21.9,21.2,22.17,21.87,219036.0,22.984,0.1374
2021-02-25,22.2,20.7,22.98,20.82,124659.0,22.368,-4.8011
2021-02-26,20.33,19.84,21.33,20.57,140107.0,21.688,-1.2008
2021-03-01,21.29,21.27,22.17,21.89,125630.0,21.398,6.4171
2021-03-02,22.13,21.03,22.13,21.17,270650.0,21.264,-3.2892
2021-03-03,21.2,20.7,22.15,21.75,178304.0,21.24,2.7397
2021-03-04,22.23,21.41,22.79,21.9,243951.0,21.456,0.6897
2021-03-05,22.55,20.67,22.55,22.37,323783.0,21.816,2.1461
2021-03-08,22.82,21.52,23.09,21.6,147891.0,21.758,-3.4421
2021-03-09,21.87,21.66,22.97,22.9,106777.0,22.104,6.0185
2021-03-10,23.76,22.47,23.78,22.85,130947.0,22.324,-0.2183
2021-03-11,23.6,23.1,24.14,23.91,208853.0,22.726,4.6389
2021-03-12,23.5,22.74,23.77,23.22,195761.0,22.896,-2.8858
2021-03-15,23.82,22.62,23.84,22.84,205200.0,23.144,-1.6365
2021-03-16,23.0,22.5,23.47,22.89,147993.0,23.142,0.2189
2021-03-17,22.55,22.05,22.99,22.46,294849.0,23.064,-1.8785
2021-03-18,22.62,21.65,22.95,21.72,651019.0,22.626,-3.2947
2021-03-19,23.5,19.77,23.55,20.14,1208236.0,22.01,-7.2744
2021-03-22,20.15,18.96,20.76,19.28,316555.0,21.298,-4.2701
2021-03-23,19.1,17.91,19.1,18.13,263586.0,20.346,-5.9647
2021-03-24,18.03,16.83,18.98,16.93,287774.0,19.24,-6.6189
2021-03-25,16.5,15.72,16.84,16.68,317121.0,18.232,-1.4767
2021-03-26,16.76,16.06,16.98,16.69,168423.0,17.542,0.06
2021-03-29,16.5,16.5,18.08,17.41,321578.0,17.168,4.314
2021-03-30,17.14,17.03,18.23,18.09,167026.0,17.16,3.9058
2021-03-31,18.24,18.05,18.74,18.51,195802.0,17.476,2.3217
2021-04-01,18.81,18.29,19.2,18.48,271629.0,17.836,-0.1621
2021-04-05,18.38,18.35,19.14,19.09,294548.0,18.316,3.3009
2021-04-06,18.91,17.89,19.24,17.89,127865.0,18.412,-6.286
2021-04-07,17.73,17.63,18.51,18.27,163022.0,18.448,2.1241
2021-04-08,18.45,17.59,18.71,18.13,176467.0,18.372,-0.7663
2021-04-09,18.12,17.51,18.12,17.69,138099.0,18.214,-2.4269
2021-04-12,17.69,15.91,17.71,16.15,203127.0,17.626,-8.7055
2021-04-13,16.15,15.5,16.65,15.7,128596.0,17.188,-2.7864
2021-04-14,15.57,15.57,16.835,16.24,163206.0,16.782,3.4395
2021-04-15,16.21,16.13,16.93,16.44,140452.0,16.444,1.2315
2021-04-16,16.44,15.4,16.44,15.63,194860.0,16.032,-4.927
2021-04-19,15.39,15.12,15.65,15.47,133286.0,15.896,-1.0237
2021-04-20,15.34,15.34,16.1,16.1,175178.0,15.976,4.0724
2021-04-21,16.17,15.91,16.51,16.51,127431.0,16.03,2.5466
2021-04-22,16.55,16.01,16.96,16.54,155280.0,16.05,0.1817
2021-04-23,16.78,16.25,17.04,16.43,129568.0,16.21,-0.6651
2021-04-26,16.41,16.07,16.97,16.9,113039.0,16.496,2.8606
2021-04-27,17.0,16.62,17.31,16.68,135212.0,16.612,-1.3018
2021-04-28,16.61,16.48,17.21,17.13,72492.0,16.736,2.6978
2021-04-29,17.32,16.49,17.32,16.88,71567.0,16.804,-1.4594
2021-04-30,16.63,16.35,17.34,16.46,90005.0,16.81,-2.4882
2021-05-03,16.7,16.14,16.7,16.52,76053.0,16.734,0.3645
2021-05-04,16.38,15.58,16.38,15.78,135780.0,16.554,-4.4794
2021-05-05,15.72,14.96,16.12,15.04,121230.0,16.136,-4.6895
2021-05-06,14.97,14.36,15.08,14.62,103735.0,15.684,-2.7926
2021-05-07,14.8,14.43,15.12,14.63,154540.0,15.318,0.0684
2021-05-10,14.61,14.15,14.88,14.71,128572.0,14.956,0.5468
2021-05-11,14.54,14.26,15.56,15.3,117776.0,14.86,4.0109
2021-05-12,15.3,14.58,15.35,14.73,99212.0,14.798,-3.7255
2021-05-13,14.97,13.77,15.09,13.83,212136.0,14.64,-6.11
2021-05-14,13.94,13.84,14.17,14.13,161051.0,14.54,2.1692
2021-05-17,14.06,13.91,14.47,14.0,88069.0,14.398,-0.92
2021-05-18,14.02,13.91,14.57,14.1,70056.0,14.158,0.7143
2021-05-19,14.15,13.84,14.47,13.98,93763.0,14.008,-0.8511
2021-05-20,13.99,13.96,14.55,14.4,80950.0,14.122,3.0043
2021-05-21,14.56,13.94,14.6,13.98,98030.0,14.092,-2.9167
2021-05-24,14.1,13.64,14.13,13.72,84693.0,14.036,-1.8598
2021-05-25,13.75,13.13,13.91,13.28,129576.0,13.872,-3.207
2021-05-26,13.3,13.01,13.5,13.22,124369.0,13.72,-0.4518
2021-05-27,13.37,13.27,13.68,13.54,101673.0,13.548,2.4206
2021-05-28,13.58,13.45,14.17,13.63,117292.0,13.478,0.6647
2021-06-01,13.6,13.16,13.74,13.24,131109.0,13.382,-2.8613
2021-06-02,13.17,13.11,13.5,13.3,149378.0,13.386,0.4532
2021-06-03,13.2,13.19,13.6,13.31,91997.0,13.404,0.0752
2021-06-04,13.4,13.26,13.45,13.34,89066.0,13.364,0.2254
2021-06-07,13.35,13.35,14.06,13.74,293562.0,13.386,2.9985
2021-06-08,13.76,13.6,14.31,14.19,268103.0,13.576,3.2751
2021-06-09,14.45,14.34,15.44,14.39,138121.0,13.794,1.4094
2021-06-10,14.29,14.29,15.04,14.83,169928.0,14.098,3.0577
2021-06-11,14.75,14.58,15.18,14.86,144240.0,14.402,0.2023
2021-06-14,15.0,14.94,15.29,15.24,153632.0,14.702,2.5572
2021-06-15,15.28,14.56,15.285,14.61,182389.0,14.786,-4.1339
2021-06-16,14.53,14.39,14.79,14.76,113791.0,14.86,1.0267
2021-06-17,14.73,14.6,15.12,14.76,87828.0,14.846,0.0
2021-06-18,14.54,14.47,15.07,15.02,1025830.0,14.878,1.7615
2021-06-21,15.0,13.92,15.03,14.22,151564.0,14.674,-5.3262
2021-06-22,14.09,13.96,14.34,14.29,93724.0,14.61,0.4923
2021-06-23,14.26,14.06,14.46,14.32,69990.0,14.522,0.2099
2021-06-24,14.39,14.39,14.85,14.77,95950.0,14.524,3.1425
2021-06-25,14.74,14.55,15.12,15.03,339964.0,14.526,1.7603
2021-06-28,15.06,14.51,15.28,14.55,86997.0,14.592,-3.1936
2021-06-29,14.6,14.07,14.65,14.33,108589.0,14.6,-1.512
2021-06-30,14.2,13.87,14.3,13.93,111087.0,14.522,-2.7913
2021-07-01,13.98,13.96,14.5,14.49,125648.0,14.466,4.0201
2021-07-02,14.5,14.0,14.615,14.08,89047.0,14.276,-2.8295
2021-07-06,14.15,13.72,14.23,13.75,100171.0,14.116,-2.3438
2021-07-07,13.75,13.49,14.39,14.1,171860.0,14.07,2.5455
2021-07-08,13.86,13.86,14.5,14.13,118167.0,14.11,0.2128
2021-07-09,14.25,13.91,14.52,14.52,100134.0,14.116,2.7601
2021-07-12,14.5,13.94,14.55,14.28,131449.0,14.156,-1.6529
2021-07-13,14.19,13.5,14.19,13.82,80645.0,14.17,-3.2213
2021-07-14,13.96,13.34,13.96,13.44,127631.0,14.038,-2.7496
2021-07-15,13.43,13.16,13.59,13.52,122201.0,13.916,0.5952
2021-07-16,13.65,13.29,14.06,13.53,124240.0,13.718,0.074
2021-07-19,13.28,13.13,13.6,13.57,106846.0,13.576,0.2956
2021-07-20,13.58,13.49,13.99,13.93,136202.0,13.598,2.6529
2021-07-21,13.85,13.75,14.19,14.14,57038.0,13.738,1.5075
2021-07-22,13.91,13.84,14.47,14.15,116855.0,13.864,0.0707
2021-07-23,14.23,14.1,14.6,14.5,76218.0,14.058,2.4735
2021-07-26,14.51,13.94,14.51,14.15,183592.0,14.174,-2.4138
2021-07-27,14.11,13.8,14.84,14.6,279606.0,14.308,3.1802
2021-07-28,14.67,14.61,15.41,15.36,171859.0,14.552,5.2055
2021-07-29,15.42,14.8,16.34,14.93,214901.0,14.708,-2.7995
2021-07-30,15.0,15.0,15.61,15.33,158391.0,14.874,2.6792
2021-08-02,15.51,15.2,16.65,16.23,270866.0,15.29,5.8708
2021-08-03,15.89,12.66,15.89,13.69,589477.0,15.108,-15.65
2021-08-04,14.06,12.73,14.06,12.83,401140.0,14.602,-6.282
2021-08-05,12.9,12.65,13.54,13.5,312759.0,14.316,5.2221
2021-08-06,13.41,13.02,13.41,13.13,124146.0,13.876,-2.7407
2021-08-09,13.13,12.83,13.31,12.95,176007.0,13.22,-1.3709
2021-08-10,12.97,12.52,12.97,12.58,111130.0,12.998,-2.8571
2021-08-11,12.52,12.35,12.62,12.44,103274.0,12.92,-1.1129
2021-08-12,12.37,12.02,12.52,12.44,153522.0,12.708,0.0
2021-08-13,12.44,12.17,12.52,12.24,143217.0,12.53,-1.6077
2021-08-16,12.15,11.7,12.15,11.76,123804.0,12.292,-3.9216
2021-08-17,11.58,11.52,12.375,12.34,112638.0,12.244,4.932
2021-08-18,12.26,12.04,12.51,12.04,86781.0,12.164,-2.4311
2021-08-19,11.99,11.64,12.1,11.66,192994.0,12.008,-3.1561
2021-08-20,11.56,11.535,12.46,12.2,182544.0,12.0,4.6312
2021-08-23,12.29,12.29,13.09,12.55,354822.0,12.158,2.8689
2021-08-24,12.57,12.57,13.2,13.11,150032.0,12.312,4.4622
2021-08-25,13.17,12.75,13.22,12.89,128904.0,12.482,-1.6781
2021-08-26,12.85,12.5,13.3,12.72,127957.0,12.694,-1.3189
2021-08-27,12.65,12.545,13.18,12.79,207292.0,12.812,0.5503
2021-08-30,12.64,12.16,12.78,12.26,164600.0,12.754,-4.1439
2021-08-31,12.23,12.23,12.64,12.58,102768.0,12.648,2.6101
2021-09-01,12.69,12.5,12.84,12.81,124876.0,12.632,1.8283
2021-09-02,12.84,12.73,12.99,12.97,102055.0,12.682,1.249
2021-09-03,12.96,12.14,12.96,12.32,132073.0,12.588,-5.0116
2021-09-07,12.3,12.26,12.77,12.55,116769.0,12.646,1.8669
2021-09-08,12.58,12.24,12.75,12.43,187039.0,12.616,-0.9562
2021-09-09,12.38,12.38,13.24,12.91,103587.0,12.636,3.8616
2021-09-10,13.02,12.38,13.02,12.4,86745.0,12.522,-3.9504
2021-09-13,12.41,12.09,12.79,12.39,178955.0,12.536,-0.0806
2021-09-14,12.44,12.04,12.44,12.14,88170.0,12.454,-2.0178
2021-09-15,12.04,11.85,12.29,11.95,102461.0,12.358,-1.5651
2021-09-16,11.86,11.57,11.96,11.94,90873.0,12.164,-0.0837
2021-09-17,12.03,11.83,12.5,12.19,695898.0,12.122,2.0938
2021-09-20,12.09,11.56,12.31,11.83,140347.0,12.01,-2.9532
2021-09-21,11.78,11.65,11.9,11.82,129417.0,11.946,-0.0845
2021-09-22,11.96,11.56,11.96,11.61,91332.0,11.878,-1.7766
2021-09-23,11.57,11.55,11.86,11.79,135670.0,11.848,1.5504
2021-09-24,11.68,11.4,11.75,11.62,180219.0,11.734,-1.4419
2021-09-27,11.59,11.51,12.17,12.1,130956.0,11.788,4.1308
2021-09-28,12.04,11.63,12.18,11.66,189729.0,11.756,-3.6364
2021-09-29,11.72,11.315,11.72,11.39,103085.0,11.712,-2.3156
2021-09-30,11.47,11.38,11.59,11.39,94842.0,11.632,0.0
2021-10-01,11.63,11.28,11.72,11.48,171678.0,11.604,0.7902
2021-10-04,11.42,10.88,11.42,10.91,114619.0,11.366,-4.9652
2021-10-05,10.92,10.7,10.98,10.94,90642.0,11.222,0.275
2021-10-06,10.8,10.67,11.0,10.78,110214.0,11.1,-1.4625
2021-10-07,10.78,10.71,11.4,11.36,103229.0,11.094,5.3803
2021-10-08,11.36,11.04,11.41,11.19,66785.0,11.036,-1.4965
2021-10-11,11.25,11.25,11.5,11.39,61951.0,11.132,1.7873
2021-10-12,11.47,11.44,11.8,11.48,59343.0,11.24,0.7902
2021-10-13,11.49,11.49,11.84,11.67,85051.0,11.418,1.6551
2021-10-14,11.63,11.31,11.825,11.47,134805.0,11.44,-1.7138
2021-10-15,11.61,11.42,11.78,11.45,88583.0,11.492,-0.1744
2021-10-18,11.34,10.62,11.34,10.69,211609.0,11.352,-6.6376
2021-10-19,10.75,10.66,11.07,10.97,93940.0,11.25,2.6193
2021-10-20,10.92,10.8,11.05,10.87,58666.0,11.09,-0.9116
2021-10-21,10.9,10.85,11.05,10.96,57955.0,10.988,0.828
2021-10-22,10.97,10.61,10.97,10.72,80643.0,10.842,-2.1898
2021-10-25,10.67,10.47,10.86,10.74,74142.0,10.852,0.1866
2021-10-26,10.74,10.4,10.82,10.6,106362.0,10.778,-1.3035
2021-10-27,10.55,10.55,10.91,10.77,86273.0,10.758,1.6038
2021-10-28,10.77,10.69,11.02,10.94,172845.0,10.754,1.5785
2021-10-29,10.86,10.3,10.86,10.39,128498.0,10.688,-5.0274
2021-11-01,10.99,10.77,13.54,12.73,359472.0,11.086,22.5217
2021-11-02,12.9,12.78,15.24,15.15,416965.0,11.996,19.0102
2021-11-03,14.63,14.38,15.1,15.06,227111.0,12.854,-0.5941
2021-11-04,14.38,14.07,15.15,14.87,207594.0,13.64,-1.2616
2021-11-05,14.83,14.5,15.12,14.73,174465.0,14.508,-0.9415
2021-11-08,14.8,14.5,15.14,14.59,139786.0,14.88,-0.9504
2021-11-09,14.67,14.22,14.67,14.31,117455.0,14.712,-1.9191
2021-11-10,14.1,13.69,14.39,13.72,114127.0,14.444,-4.123
2021-11-11,13.75,13.07,13.77,13.24,129584.0,14.118,-3.4985
2021-11-12,13.27,13.05,13.41,13.39,75649.0,13.85,1.1329
2021-11-15,13.39,12.94,13.39,13.03,87449.0,13.538,-2.6886
2021-11-16,13.0,12.77,13.11,12.88,91105.0,13.252,-1.1512
2021-11-17,12.82,12.7,13.24,12.89,132692.0,13.086,0.0776
2021-11-18,13.1,12.62,13.11,12.63,137634.0,12.964,-2.0171
2021-11-19,12.56,11.9,12.62,12.2,134804.0,12.726,-3.4046
2021-11-22,12.32,11.53,12.32,11.55,189483.0,12.43,-5.3279
2021-11-23,11.42,11.35,11.83,11.8,174461.0,12.214,2.1645
2021-11-24,11.85,11.66,12.19,12.13,138672.0,12.062,2.7966
2021-11-26,11.89,11.28,12.09,11.65,142432.0,11.866,-3.9571
2021-11-29,11.91,11.42,12.0,11.42,129920.0,11.71,-1.9742
2021-11-30,11.35,11.26,11.78,11.62,187185.0,11.724,1.7513
2021-12-01,11.74,11.3,12.09,11.3,160875.0,11.624,-2.7539
2021-12-02,11.33,11.18,11.98,11.94,184627.0,11.586,5.6637
2021-12-03,12.02,11.73,12.15,11.85,196177.0,11.626,-0.7538
2021-12-06,11.95,11.82,12.48,12.21,127546.0,11.784,3.038
2021-12-07,12.35,12.35,13.5,13.38,204782.0,12.136,9.5823
2021-12-08,13.34,12.89,13.9,13.8,139924.0,12.636,3.139
2021-12-09,13.75,13.64,14.1,13.71,194102.0,12.99,-0.6522
2021-12-10,13.82,13.0,13.91,13.09,98896.0,13.238,-4.5222
2021-12-13,13.01,12.27,13.07,12.96,148376.0,13.388,-0.9931
2021-12-14,12.57,12.24,12.86,12.39,130884.0,13.19,-4.3981
2021-12-15,12.44,12.1,13.34,13.18,293141.0,13.066,6.3761
2021-12-16,13.25,12.84,13.5,13.05,184329.0,12.934,-0.9863
2021-12-17,13.01,12.98,14.22,13.62,1322986.0,13.04,4.3678
2021-12-20,13.5,13.09,13.76,13.28,207101.0,13.104,-2.4963
2021-12-21,13.41,12.57,13.47,12.81,157750.0,13.188,-3.5392
2021-12-22,12.67,12.25,13.075,12.98,135645.0,13.148,1.3271
2021-12-23,13.0,12.82,13.19,13.14,123806.0,13.166,1.2327
2021-12-27,13.17,12.24,13.17,12.49,122987.0,12.94,-4.9467
2021-12-28,11.03,11.01,12.49,12.13,376218.0,12.71,-2.8823
2021-12-29,12.07,11.58,12.33,12.11,125726.0,12.57,-0.1649
2021-12-30,11.97,11.87,12.51,11.97,139529.0,12.368,-1.1561
2021-12-31,12.03,11.49,12.08,11.77,89968.0,12.094,-1.6708
2022-01-03,11.82,11.68,12.39,12.37,161039.0,12.07,5.0977
2022-01-04,12.38,11.525,12.38,11.7,126225.0,11.984,-5.4163
2022-01-05,11.66,11.26,11.99,11.26,136758.0,11.814,-3.7607
2022-01-06,11.24,11.08,11.54,11.26,115703.0,11.672,0.0
2022-01-07,11.25,10.92,11.36,10.96,97256.0,11.51,-2.6643
2022-01-10,10.96,10.61,11.19,11.11,128620.0,11.258,1.3686
2022-01-11,11.4,11.4,12.24,11.99,241104.0,11.316,7.9208
2022-01-12,12.15,11.27,12.15,11.31,127122.0,11.326,-5.6714
2022-01-13,11.32,10.84,11.33,10.89,112009.0,11.252,-3.7135
2022-01-14,10.81,10.74,11.37,11.33,133135.0,11.326,4.0404
2022-01-18,11.3,10.88,11.32,10.91,179882.0,11.286,-3.707
2022-01-19,10.89,10.89,11.56,11.08,124361.0,11.104,1.5582
2022-01-20,11.19,10.54,11.41,10.65,139646.0,10.972,-3.8809
2022-01-21,10.58,10.36,10.94,10.37,215102.0,10.868,-2.6291
2022-01-24,10.2,9.97,10.77,10.7,239528.0,10.742,3.1823
2022-01-25,10.53,10.25,11.06,10.9,157699.0,10.74,1.8692
2022-01-26,11.14,10.94,11.73,11.16,198064.0,10.756,2.3853
2022-01-27,11.2,10.49,11.44,10.61,163053.0,10.748,-4.9283
2022-01-28,10.68,10.37,11.14,11.1,135536.0,10.894,4.6183
2022-01-31,11.12,11.02,11.51,11.23,158967.0,11.0,1.1712
2022-02-01,11.23,10.93,11.6,11.44,98917.0,11.108,1.87
2022-02-02,11.33,10.84,11.33,10.93,105756.0,11.062,-4.458
2022-02-03,10.82,10.45,11.03,10.45,111853.0,11.03,-4.3916
2022-02-04,10.38,10.12,10.7,10.3,165045.0,10.87,-1.4354
2022-02-07,10.3,10.3,11.09,10.8,109984.0,10.784,4.8544
2022-02-08,10.76,10.39,10.88,10.79,106828.0,10.654,-0.0926
2022-02-09,10.94,10.94,11.4,11.18,115410.0,10.704,3.6145
2022-02-10,10.88,10.64,11.53,10.77,128714.0,10.768,-3.6673
2022-02-11,10.78,10.6,11.02,10.71,76375.0,10.85,-0.5571
2022-02-14,10.68,10.47,10.99,10.53,87895.0,10.796,-1.6807
2022-02-15,10.69,10.69,11.41,11.37,131797.0,10.912,7.9772
2022-02-16,11.24,10.9,11.65,11.36,104088.0,10.948,-0.088
2022-02-17,11.18,10.83,11.41,10.94,125484.0,10.982,-3.6972
2022-02-18,10.85,10.68,11.13,10.72,98651.0,10.984,-2.011
2022-02-22,10.86,10.37,10.86,10.62,146299.0,11.002,-0.9328
2022-02-23,10.68,9.99,10.685,9.99,178484.0,10.726,-5.9322
2022-02-24,9.55,9.55,10.48,10.46,169910.0,10.546,4.7047
2022-02-25,10.57,10.12,10.6,10.36,122326.0,10.43,-0.956
2022-02-28,10.3,10.205,10.73,10.24,176119.0,10.334,-1.1583
2022-03-01,10.24,10.24,10.85,10.39,147092.0,10.288,1.4648
2022-03-02,10.45,10.34,10.65,10.39,68734.0,10.368,0.0
2022-03-03,10.44,9.7,10.44,9.86,161754.0,10.248,-5.1011
2022-03-04,9.76,9.53,9.91,9.57,89750.0,10.09,-2.9412
2022-03-07,9.55,9.38,9.79,9.69,111105.0,9.98,1.2539
2022-03-08,9.64,9.46,10.17,9.81,97097.0,9.864,1.2384
2022-03-09,10.01,9.85,10.31,9.95,182134.0,9.776,1.4271
2022-03-10,9.8,9.59,9.91,9.89,77362.0,9.782,-0.603
2022-03-11,10.0,9.55,10.18,9.64,103906.0,9.796,-2.5278
2022-03-14,9.59,9.18,9.62,9.3,240007.0,9.718,-3.527
2022-03-15,9.18,9.05,9.5,9.5,190835.0,9.656,2.1505
2022-03-16,9.7,9.5,10.14,10.13,196565.0,9.692,6.6316
2022-03-17,10.11,10.09,10.85,10.85,175395.0,9.884,7.1076
2022-03-18,10.85,10.81,11.27,10.98,1605399.0,10.152,1.1982
2022-03-21,10.96,10.26,10.96,10.28,87762.0,10.348,-6.3752
2022-03-22,10.33,10.2,10.55,10.35,66952.0,10.518,0.6809
2022-03-23,10.25,9.9,10.25,9.93,147055.0,10.478,-4.058
2022-03-24,10.14,9.75,10.14,9.95,139885.0,10.298,0.2014
2022-03-25,9.96,9.69,9.96,9.7,104628.0,10.042,-2.5126
2022-03-28,9.69,9.67,9.81,9.81,81902.0,9.948,1.134
2022-03-29,9.91,9.9,10.31,10.09,95457.0,9.896,2.8542
2022-03-30,10.09,9.95,10.365,10.02,61421.0,9.914,-0.6938
2022-03-31,9.99,9.93,10.17,9.94,53192.0,9.912,-0.7984
2022-04-01,9.97,9.97,10.94,10.75,93965.0,10.122,8.1489
2022-04-04,10.77,10.77,11.1,10.91,71163.0,10.342,1.4884
2022-04-05,10.84,10.84,11.18,10.87,80368.0,10.498,-0.3666
2022-04-06,10.75,10.61,11.18,11.12,64740.0,10.718,2.2999
2022-04-07,11.05,10.98,11.25,11.1,70907.0,10.95,-0.1799
2022-04-08,11.06,10.96,11.48,11.41,112856.0,11.082,2.7928
2022-04-11,11.36,10.79,11.36,10.82,129398.0,11.064,-5.1709
2022-04-12,10.91,10.4,10.99,10.44,123622.0,10.978,-3.512
2022-04-13,10.34,10.34,11.14,11.1,89795.0,10.974,6.3218
2022-04-14,11.11,10.97,11.29,11.23,46486.0,11.0,1.1712
2022-04-18,11.17,10.43,11.17,10.52,63272.0,10.822,-6.3224
2022-04-19,10.57,10.245,11.15,11.07,86818.0,10.872,5.2281
2022-04-20,11.12,10.73,11.24,11.0,50167.0,10.984,-0.6323
2022-04-21,11.12,10.19,11.23,10.25,96798.0,10.814,-6.8182
2022-04-22,10.16,10.02,10.33,10.08,109232.0,10.584,-1.6585
2022-04-25,10.0,9.59,10.18,10.18,103984.0,10.516,0.9921
2022-04-26,10.03,9.99,10.35,9.99,115214.0,10.3,-1.8664
2022-04-27,9.96,9.76,10.24,9.92,94432.0,10.084,-0.7007
2022-04-28,10.0,9.29,10.0,9.77,97586.0,9.988,-1.5121
2022-04-29,9.63,9.25,9.94,9.33,113642.0,9.838,-4.5036
2022-05-02,9.34,9.035,9.65,9.41,101768.0,9.684,0.8574
2022-05-03,9.39,9.34,10.385,10.11,181301.0,9.708,7.4389
2022-05-04,10.12,9.71,10.24,9.89,114906.0,9.702,-2.1761
2022-05-05,9.73,9.09,9.9,9.28,112122.0,9.604,-6.1678
2022-05-06,9.32,8.77,9.32,8.77,89363.0,9.492,-5.4957
2022-05-09,8.51,7.85,8.73,7.9,125880.0,9.19,-9.9202
2022-05-10,8.16,7.92,8.51,8.03,128868.0,8.774,1.6456
2022-05-11,7.98,7.56,8.12,7.76,146079.0,8.348,-3.3624
2022-05-12,7.66,7.66,8.18,7.99,91188.0,8.09,2.9639
2022-05-13,8.22,8.11,8.76,8.22,140970.0,7.98,2.8786
2022-05-16,8.22,8.01,8.54,8.35,80448.0,8.07,1.5815
2022-05-17,8.49,8.29,8.76,8.7,111551.0,8.204,4.1916
2022-05-18,8.49,7.93,8.84,8.06,99978.0,8.264,-7.3563
2022-05-19,7.97,7.84,8.32,8.18,130272.0,8.302,1.4888
2022-05-20,8.32,8.04,8.67,8.64,108408.0,8.386,5.6235
2022-05-23,8.71,8.4,8.71,8.46,72546.0,8.408,-2.0833
2022-05-24,8.39,8.16,8.53,8.38,61686.0,8.344,-0.9456
2022-05-25,8.27,8.09,8.36,8.14,63263.0,8.36,-2.864
2022-05-26,8.19,7.9,8.22,7.91,88772.0,8.306,-2.8256
2022-05-27,7.91,7.67,8.16,8.07,77859.0,8.192,2.0228
2022-05-31,8.02,7.59,8.12,7.66,132075.0,8.032,-5.0805
2022-06-01,7.66,7.36,7.74,7.6,150066.0,7.876,-0.7833
2022-06-02,7.6,7.45,7.815,7.68,73370.0,7.784,1.0526
2022-06-03,7.68,7.65,8.11,8.0,79881.0,7.802,4.1667
2022-06-06,8.12,7.95,8.23,8.15,67608.0,7.818,1.875
2022-06-07,8.06,8.06,8.68,8.65,140155.0,8.016,6.135
2022-06-08,8.54,8.44,9.17,8.58,77761.0,8.212,-0.8092
2022-06-09,8.52,8.44,8.85,8.68,86381.0,8.412,1.1655
2022-06-10,8.49,8.2,8.57,8.36,57050.0,8.484,-3.6866
2022-06-13,8.09,7.81,8.24,8.13,92185.0,8.48,-2.7512
2022-06-14,8.24,7.96,8.33,8.29,63425.0,8.408,1.968
2022-06-15,8.29,8.29,8.81,8.54,131727.0,8.4,3.0157
2022-06-16,8.3,7.94,8.3,8.09,111928.0,8.282,-5.2693
2022-06-17,8.14,8.14,9.18,9.12,300736.0,8.434,12.7318
2022-06-21,9.17,9.1,10.33,10.08,202953.0,8.824,10.5263
2022-06-22,9.88,9.88,10.48,10.11,113861.0,9.188,0.2976
2022-06-23,10.1,9.99,10.7,10.68,133858.0,9.616,5.638
2022-06-24,10.75,10.215,10.92,10.3,237153.0,10.058,-3.5581
2022-06-27,10.35,10.09,10.57,10.34,57789.0,10.302,0.3883
2022-06-28,10.32,9.67,10.36,9.79,94066.0,10.244,-5.3191
2022-06-29,9.69,9.62,9.9,9.88,46507.0,10.198,0.9193
2022-06-30,9.68,9.6,9.94,9.69,58499.0,10.0,-1.9231
2022-07-01,9.69,9.69,10.26,10.12,77037.0,9.964,4.4376
2022-07-05,10.04,10.01,11.1,11.07,98172.0,10.11,9.3874
2022-07-06,11.06,10.9,11.43,11.12,92852.0,10.376,0.4517
2022-07-07,11.24,11.18,11.65,11.27,76451.0,10.654,1.3489
2022-07-08,11.09,10.63,11.35,11.07,71690.0,10.93,-1.7746
2022-07-11,10.92,10.39,10.96,10.43,65237.0,10.992,-5.7814
2022-07-12,10.39,9.79,10.52,10.43,97926.0,10.864,0.0
2022-07-13,10.3,10.3,10.99,10.88,135391.0,10.816,4.3145
2022-07-14,10.84,10.84,11.42,11.18,110282.0,10.798,2.7574
2022-07-15,11.37,10.88,11.37,11.25,68022.0,10.834,0.6261
2022-07-18,11.38,11.18,11.85,11.3,118435.0,11.008,0.4444
2022-07-19,11.47,10.94,11.52,11.46,140113.0,11.214,1.4159
2022-07-20,11.46,11.22,11.755,11.59,84469.0,11.356,1.1344
2022-07-21,11.59,11.22,11.85,11.66,68268.0,11.452,0.604
2022-07-22,11.68,10.9,11.68,10.98,51427.0,11.398,-5.8319
2022-07-25,10.91,10.61,11.16,10.96,79254.0,11.33,-0.1821
2022-07-26,10.89,10.57,11.12,10.9,72885.0,11.218,-0.5474
2022-07-27,11.04,10.4,11.04,10.67,75727.0,11.034,-2.1101
2022-07-28,10.73,10.14,10.73,10.29,55226.0,10.76,-3.5614
2022-07-29,10.21,9.75,10.36,9.91,104277.0,10.546,-3.6929
2022-08-01,9.76,9.63,10.12,9.76,87002.0,10.306,-1.5136
2022-08-02,9.67,9.65,10.11,9.97,74642.0,10.12,2.1516
2022-08-03,10.59,10.24,11.68,10.68,496121.0,10.122,7.1214
2022-08-04,10.82,10.73,11.92,11.69,281723.0,10.402,9.4569
2022-08-05,11.64,11.55,13.74,13.41,282684.0,11.102,14.7134
2022-08-08,13.33,12.67,13.41,12.95,185281.0,11.74,-3.4303
2022-08-09,12.54,12.4,13.1,12.83,142295.0,12.312,-0.9266
2022-08-10,13.02,12.71,13.2,12.92,109990.0,12.76,0.7015
2022-08-11,12.9,11.87,12.95,12.16,111273.0,12.854,-5.8824
2022-08-12,12.22,12.02,12.6,12.41,103783.0,12.654,2.0559
2022-08-15,12.34,12.14,12.5,12.46,73465.0,12.556,0.4029
2022-08-16,12.49,12.05,12.49,12.18,83313.0,12.426,-2.2472
2022-08-17,12.1,11.81,12.15,11.98,57619.0,12.238,-1.642
2022-08-18,11.89,11.52,12.0,11.64,92417.0,12.134,-2.8381
2022-08-19,11.53,11.48,11.84,11.65,73421.0,11.982,0.0859
2022-08-22,11.55,11.32,11.81,11.42,71130.0,11.774,-1.9742
2022-08-23,11.39,11.28,11.66,11.57,68332.0,11.652,1.3135
2022-08-24,11.58,11.58,12.76,12.66,102526.0,11.788,9.4209
2022-08-25,12.74,12.59,12.975,12.79,71306.0,12.018,1.0269
2022-08-26,12.77,12.08,12.77,12.22,65319.0,12.132,-4.4566
2022-08-29,11.98,11.8,12.22,11.8,60150.0,12.208,-3.437
2022-08-30,11.84,11.3,11.84,11.5,83827.0,12.194,-2.5424
2022-08-31,11.61,11.6,11.93,11.72,59013.0,12.006,1.913
2022-09-01,11.59,11.45,12.07,11.97,52940.0,11.842,2.1331
2022-09-02,12.07,11.37,12.07,11.44,71561.0,11.686,-4.4277
2022-09-06,11.38,11.03,11.38,11.06,86950.0,11.538,-3.3217
2022-09-07,11.13,11.05,11.6,11.56,73654.0,11.55,4.5208
2022-09-08,11.44,11.07,11.48,11.18,87420.0,11.442,-3.2872
2022-09-09,11.18,10.81,11.22,10.92,82821.0,11.232,-2.3256
2022-09-12,11.15,10.9,11.33,11.03,109292.0,11.15,1.0073
2022-09-13,10.72,10.24,10.88,10.54,87485.0,11.046,-4.4424
2022-09-14,10.54,10.33,10.815,10.77,101777.0,10.888,2.1822
2022-09-15,10.68,10.34,10.77,10.47,105757.0,10.746,-2.7855
2022-09-16,10.23,10.14,10.66,10.53,356143.0,10.668,0.5731
2022-09-19,10.46,10.19,10.71,10.59,107366.0,10.58,0.5698
2022-09-20,10.43,10.37,11.36,11.28,130698.0,10.728,6.5156
2022-09-21,11.33,11.1,11.72,11.22,106304.0,10.818,-0.5319
2022-09-22,11.22,11.04,11.5,11.45,66310.0,11.014,2.0499
2022-09-23,11.35,10.79,11.35,10.93,72360.0,11.094,-4.5415
2022-09-26,10.86,10.86,11.43,11.06,67442.0,11.188,1.1894
2022-09-27,11.18,11.11,11.58,11.51,59725.0,11.234,4.0687
2022-09-28,11.73,11.71,12.08,11.97,72668.0,11.384,3.9965
2022-09-29,11.92,11.62,12.0,11.96,62201.0,11.486,-0.0835
2022-09-30,11.87,11.86,13.03,12.84,191141.0,11.868,7.3579
2022-10-03,12.92,12.84,13.57,13.44,218835.0,12.344,4.6729
2022-10-04,13.6,13.6,14.26,14.23,181689.0,12.888,5.878
2022-10-05,14.1,13.28,14.29,13.81,139646.0,13.256,-2.9515
2022-10-06,13.7,13.7,14.16,14.03,105657.0,13.67,1.593
2022-10-07,13.89,13.58,14.0,13.89,104599.0,13.88,-0.9979
2022-10-10,13.86,13.71,14.5,13.99,150126.0,13.99,0.7199
2022-10-11,13.99,12.85,14.38,13.16,244198.0,13.776,-5.9328
2022-10-12,13.21,13.03,13.61,13.57,85942.0,13.728,3.1155
2022-10-13,13.28,13.2,14.01,13.88,75569.0,13.698,2.2845
2022-10-14,13.92,13.49,14.08,13.57,75866.0,13.634,-2.2334
2022-10-17,13.71,13.21,13.89,13.27,94601.0,13.49,-2.2108
2022-10-18,13.41,13.03,13.57,13.07,93857.0,13.472,-1.5072
2022-10-19,13.0,12.2,13.05,12.46,112446.0,13.25,-4.6672
2022-10-20,12.45,12.26,12.7,12.32,75776.0,12.938,-1.1236
2022-10-21,12.44,12.2,12.76,12.51,89203.0,12.726,1.5422
2022-10-24,12.54,12.12,12.58,12.18,77997.0,12.508,-2.6379
2022-10-25,12.17,11.97,12.28,12.09,96570.0,12.312,-0.7389
2022-10-26,12.08,12.0,12.52,12.09,82258.0,12.238,0.0
2022-10-27,12.16,11.4,12.16,11.46,122313.0,12.066,-5.2109
2022-10-28,11.5,11.2,11.72,11.72,127894.0,11.908,2.2688
2022-10-31,11.75,11.36,11.92,11.42,149580.0,11.756,-2.5597
2022-11-01,12.77,12.0,13.34,12.8,312897.0,11.898,12.0841
2022-11-02,12.79,12.22,13.05,12.4,193895.0,11.96,-3.125
2022-11-03,12.44,12.44,13.305,13.24,158334.0,12.316,6.7742
2022-11-04,13.45,13.45,14.38,13.895,172947.0,12.751,4.9471
2022-11-07,14.02,14.02,15.47,15.24,304788.0,13.515,9.6797
2022-11-08,15.22,14.38,15.22,14.64,242514.0,13.883,-3.937
2022-11-09,14.62,14.62,15.78,14.89,176976.0,14.381,1.7077
2022-11-10,15.11,14.52,15.27,14.89,147027.0,14.711,0.0
2022-11-11,14.95,14.62,15.4,15.39,163971.0,15.01,3.358
2022-11-14,15.69,15.52,16.39,15.59,189275.0,15.08,1.2995
2022-11-15,15.88,15.38,16.24,15.76,144681.0,15.304,1.0904
2022-11-16,15.76,15.53,16.65,15.85,152936.0,15.496,0.5711
2022-11-17,15.79,15.44,16.1,15.72,104972.0,15.662,-0.8202
2022-11-18,15.98,15.71,16.6,16.11,115022.0,15.806,2.4809
2022-11-21,16.03,15.86,16.16,15.94,98047.0,15.876,-1.0552
2022-11-22,15.99,15.17,15.99,15.86,116893.0,15.896,-0.5019
2022-11-23,16.02,15.54,16.71,15.6,120051.0,15.846,-1.6393
2022-11-25,15.53,15.53,16.21,15.76,71573.0,15.854,1.0256
2022-11-28,15.75,15.62,16.08,15.84,82881.0,15.8,0.5076
2022-11-29,15.86,15.84,16.27,16.09,92593.0,15.83,1.5783
2022-11-30,16.23,15.97,16.93,16.83,263145.0,16.024,4.5991
2022-12-01,16.78,16.61,17.185,17.05,107504.0,16.314,1.3072
2022-12-02,16.78,16.15,16.9,16.67,91970.0,16.496,-2.2287
2022-12-05,16.76,15.6,16.88,15.73,135113.0,16.474,-5.6389
2022-12-06,15.65,15.35,15.67,15.36,111391.0,16.328,-2.3522
2022-12-07,15.34,15.12,15.52,15.34,87295.0,16.03,-0.1302
2022-12-08,15.41,14.95,15.41,15.24,94790.0,15.668,-0.6519
2022-12-09,15.18,14.91,15.76,15.6,148204.0,15.454,2.3622
2022-12-12,15.61,15.5,16.2,15.66,162207.0,15.44,0.3846
2022-12-13,16.03,15.73,16.17,15.85,137983.0,15.538,1.2133
2022-12-14,15.84,15.35,16.0,15.64,263996.0,15.598,-1.3249
2022-12-15,15.39,15.37,16.15,15.78,142353.0,15.706,0.8951
2022-12-16,15.74,15.6,16.05,15.87,1368518.0,15.76,0.5703
2022-12-19,15.86,14.65,15.86,14.82,172886.0,15.592,-6.6163
2022-12-20,14.71,14.71,15.58,15.47,161986.0,15.516,4.386
2022-12-21,15.49,15.11,15.69,15.43,118972.0,15.474,-0.2586
2022-12-22,15.38,15.35,15.66,15.62,89650.0,15.442,1.2314
2022-12-23,15.73,15.325,15.89,15.46,104987.0,15.36,-1.0243
2022-12-27,15.46,14.94,15.5,14.97,103440.0,15.39,-3.1695
2022-12-28,15.0,14.75,15.24,14.88,116074.0,15.272,-0.6012
2022-12-29,14.97,14.91,15.63,15.36,130795.0,15.258,3.2258
2022-12-30,15.28,14.755,15.36,14.98,344103.0,15.13,-2.474
2023-01-03,15.11,14.33,15.21,14.44,141286.0,14.926,-3.6048
2023-01-04,14.53,14.14,15.145,14.97,160188.0,14.926,3.6704
2023-01-05,14.91,14.91,15.48,15.41,132786.0,15.032,2.9392
2023-01-06,15.57,15.39,16.39,15.79,156332.0,15.118,2.4659
2023-01-09,15.88,14.21,15.88,14.56,233687.0,15.034,-7.7897
2023-01-10,14.66,14.57,15.02,14.85,215533.0,15.116,1.9918
2023-01-11,14.78,14.59,14.99,14.73,146708.0,15.068,-0.8081
2023-01-12,14.72,14.58,15.25,15.23,109380.0,15.032,3.3944
2023-01-13,15.17,14.32,15.4,14.55,244003.0,14.784,-4.4649
2023-01-17,14.55,14.36,14.72,14.42,112246.0,14.756,-0.8935
2023-01-18,14.51,13.92,14.51,13.99,180498.0,14.584,-2.982
2023-01-19,14.0,13.8,14.14,13.93,108464.0,14.424,-0.4289
2023-01-20,14.1,13.91,14.11,14.05,128141.0,14.188,0.8615
2023-01-23,14.07,13.98,14.22,14.0,147366.0,14.078,-0.3559
2023-01-24,13.97,13.81,14.1,13.93,135476.0,13.98,-0.5
2023-01-25,13.93,13.86,14.06,13.96,135914.0,13.974,0.2154
2023-01-26,13.99,13.745,13.99,13.77,101723.0,13.942,-1.361
2023-01-27,13.81,13.75,14.03,13.99,66915.0,13.93,1.5977
2023-01-30,13.94,13.67,14.08,13.91,130752.0,13.912,-0.5718
2023-01-31,13.93,13.93,14.55,14.46,136729.0,14.018,3.954
2023-02-01,14.43,14.32,14.64,14.52,154250.0,14.13,0.4149
2023-02-02,14.7,13.74,14.7,14.17,181762.0,14.21,-2.4105
2023-02-03,14.08,14.005,14.3,14.1,187018.0,14.232,-0.494
2023-02-06,14.01,14.01,14.69,14.24,212497.0,14.298,0.9929
2023-02-07,14.24,13.83,14.34,14.14,132385.0,14.234,-0.7022
2023-02-08,14.18,13.55,14.18,13.77,111523.0,14.084,-2.6167
2023-02-09,13.91,13.74,14.04,13.86,100091.0,14.022,0.6536
2023-02-10,13.87,13.71,14.05,13.89,122161.0,13.98,0.2165
2023-02-13,13.9,13.56,13.95,13.76,83381.0,13.884,-0.9359
2023-02-14,13.78,13.48,13.945,13.5,130337.0,13.756,-1.8895
2023-02-15,13.41,13.32,13.525,13.48,98964.0,13.698,-0.1481
2023-02-16,13.37,13.26,13.73,13.58,123909.0,13.642,0.7418
2023-02-17,13.65,13.51,14.44,14.21,157939.0,13.706,4.6392
2023-02-21,14.1,13.11,14.1,13.15,152765.0,13.584,-7.4595
2023-02-22,13.16,13.02,13.5,13.4,123378.0,13.564,1.9011
2023-02-23,13.41,13.21,13.565,13.36,108746.0,13.54,-0.2985
2023-02-24,13.3,12.83,13.34,12.93,142807.0,13.41,-3.2186
2023-02-27,13.14,13.14,13.55,13.32,105992.0,13.232,3.0162
2023-02-28,13.36,12.59,14.0,12.86,165140.0,13.174,-3.4535
2023-03-01,12.87,12.54,13.25,12.57,153895.0,13.008,-2.2551
2023-03-02,12.39,12.22,12.69,12.34,169826.0,12.804,-1.8298
2023-03-03,12.37,12.205,12.44,12.28,130632.0,12.674,-0.4862
2023-03-06,12.3,12.11,12.48,12.48,122999.0,12.506,1.6287
2023-03-07,12.46,12.46,12.93,12.77,99776.0,12.488,2.3237
2023-03-08,12.8,12.36,12.88,12.58,147035.0,12.49,-1.4879
2023-03-09,12.83,12.1,13.1,12.25,264598.0,12.472,-2.6232
2023-03-10,12.26,11.71,12.32,11.99,199603.0,12.414,-2.1224
2023-03-13,12.06,11.62,12.315,11.68,347364.0,12.254,-2.5855
2023-03-14,11.79,11.1,12.05,11.29,294465.0,11.958,-3.339
2023-03-15,11.15,11.08,11.52,11.42,194478.0,11.726,1.1515
2023-03-16,11.33,11.1,11.61,11.46,149820.0,11.568,0.3503
2023-03-17,11.41,11.14,11.56,11.41,921351.0,11.452,-0.4363
2023-03-20,11.38,11.02,11.44,11.12,148897.0,11.34,-2.5416
2023-03-21,11.14,11.14,11.44,11.32,151607.0,11.346,1.7986
2023-03-22,11.31,11.1,11.33,11.11,193811.0,11.284,-1.8551
2023-03-23,11.16,10.85,11.27,11.23,151205.0,11.238,1.0801
2023-03-24,11.22,11.04,11.47,11.41,118628.0,11.238,1.6028
2023-03-27,11.42,11.34,11.48,11.36,112318.0,11.286,-0.4382
2023-03-28,11.31,10.92,11.335,10.94,137768.0,11.21,-3.6972
2023-03-29,11.01,11.01,11.23,11.15,137898.0,11.218,1.9196
2023-03-30,11.18,10.4,11.31,10.7,160009.0,11.112,-4.0359
2023-03-31,10.76,10.64,11.04,10.76,399027.0,10.982,0.5607
2023-04-03,10.85,10.61,11.03,10.97,165860.0,10.904,1.9517
2023-04-04,11.0,10.41,11.0,10.55,120445.0,10.826,-3.8286
2023-04-05,10.56,10.32,10.605,10.44,108936.0,10.684,-1.0427
2023-04-06,10.46,10.29,10.74,10.71,121982.0,10.686,2.5862
2023-04-10,10.67,10.31,10.85,10.8,159557.0,10.694,0.8403
2023-04-11,10.7,10.5,10.79,10.76,122912.0,10.652,-0.3704
2023-04-12,10.82,10.61,10.87,10.66,91502.0,10.674,-0.9294
2023-04-13,10.74,10.74,11.77,11.63,164636.0,10.912,9.0994
2023-04-14,11.59,11.26,11.71,11.35,101205.0,11.04,-2.4076
2023-04-17,11.47,11.47,12.03,11.83,192314.0,11.246,4.2291
2023-04-18,11.83,11.44,11.83,11.76,92324.0,11.446,-0.5917
2023-04-19,11.7,11.41,11.89,11.82,99681.0,11.678,0.5102
2023-04-20,11.62,11.43,11.645,11.45,137527.0,11.642,-3.1303
2023-04-21,11.43,11.43,11.84,11.66,213612.0,11.704,1.8341
2023-04-24,11.61,11.35,11.71,11.54,125650.0,11.646,-1.0292
2023-04-25,11.48,11.01,11.49,11.07,131143.0,11.508,-4.0728
2023-04-26,11.03,11.0,11.33,11.15,88892.0,11.374,0.7227
2023-04-27,11.12,10.7,11.14,10.76,85760.0,11.236,-3.4978
2023-04-28,10.72,10.65,10.825,10.75,85094.0,11.054,-0.0929
2023-05-01,10.76,10.68,11.26,10.98,133535.0,10.942,2.1395
2023-05-02,11.01,11.01,13.06,12.59,349498.0,11.246,14.663
2023-05-03,12.77,12.77,13.78,13.64,334612.0,11.744,8.34
2023-05-04,13.55,12.74,13.74,13.56,250336.0,12.304,-0.5865
2023-05-05,13.77,13.33,14.15,13.69,214672.0,12.892,0.9587
2023-05-08,13.7,12.94,14.0,13.14,325708.0,13.324,-4.0175
2023-05-09,13.13,13.1,13.81,13.76,228515.0,13.558,4.7184
2023-05-10,13.99,13.91,14.51,14.17,224752.0,13.664,2.9797
2023-05-11,14.18,13.63,14.28,13.91,208515.0,13.734,-1.8349
2023-05-12,14.0,13.53,14.0,13.65,127852.0,13.726,-1.8692
2023-05-15,13.67,13.66,14.51,14.35,191678.0,13.968,5.1282
2023-05-16,14.05,13.66,14.28,13.89,210184.0,13.994,-3.2056
2023-05-17,13.89,13.54,13.89,13.65,136348.0,13.89,-1.7279
2023-05-18,13.57,13.02,13.645,13.21,171529.0,13.75,-3.2234
2023-05-19,13.34,13.26,13.58,13.37,120365.0,13.694,1.2112
2023-05-22,13.44,13.37,13.7,13.56,102636.0,13.536,1.4211
2023-05-23,13.52,13.52,13.81,13.7,115959.0,13.498,1.0324
2023-05-24,13.62,13.6,14.27,14.12,131456.0,13.592,3.0657
2023-05-25,14.21,13.695,14.21,13.77,158629.0,13.704,-2.4788
2023-05-26,13.77,13.52,14.12,14.07,123456.0,13.844,2.1786
2023-05-30,14.08,13.505,14.27,13.67,100643.0,13.866,-2.8429
2023-05-31,13.73,13.65,14.25,13.86,120425.0,13.898,1.3899
2023-06-01,13.86,13.86,14.24,14.16,66899.0,13.906,2.1645
