date,PX_OPEN,PX_LOW,PX_HIGH,PX_LAST,VOLUME,MOV_AVG_5D,CHG_PCT_1D
2015-01-02,97.4,95.5,97.69,96.18,54652.0,97.546,-1.0697
2015-01-05,95.85,95.1,95.96,95.44,75158.0,97.072,-0.7694
2015-01-06,95.8,94.56,95.96,94.6,74685.0,96.376,-0.8801
2015-01-07,95.19,94.56,95.96,95.72,55565.0,95.832,1.1839
2015-01-08,96.57,96.57,99.01,97.97,181658.0,95.982,2.3506
2015-01-09,98.05,96.28,98.5,96.62,90035.0,96.07,-1.378
2015-01-12,97.01,94.52,97.01,94.91,71463.0,95.964,-1.7698
2015-01-13,95.66,95.1,97.17,96.13,83285.0,96.27,1.2854
2015-01-14,95.08,94.02,95.91,94.5,67493.0,96.026,-1.6956
2015-01-15,94.5,94.0,95.42,95.0,70762.0,95.432,0.5291
2015-01-16,95.08,95.08,96.48,96.4,69297.0,95.388,1.4737
2015-01-20,96.6,94.79,96.77,95.56,73784.0,95.518,-0.8714
2015-01-21,95.51,94.97,96.17,95.83,86244.0,95.458,0.2825
2015-01-22,96.37,95.83,97.95,97.84,50066.0,96.126,2.0975
2015-01-23,97.59,96.27,98.23,96.34,46910.0,96.394,-1.5331
2015-01-26,96.34,95.14,97.45,96.96,84446.0,96.506,0.6436
2015-01-27,96.26,96.01,97.92,97.63,43510.0,96.92,0.691
2015-01-28,98.0,96.49,98.04,96.62,48916.0,97.078,-1.0345
2015-01-29,96.39,95.57,97.18,97.17,43975.0,96.944,0.5692
2015-01-30,96.28,95.18,96.66,95.63,93363.0,96.802,-1.5849
2015-02-02,95.65,95.2,97.01,96.84,58015.0,96.778,1.2653
2015-02-03,97.28,96.93,98.79,98.67,99497.0,96.986,1.8897
2015-02-04,96.72,96.72,102.56,102.05,127866.0,98.072,3.4256
2015-02-05,102.79,102.07,103.77,103.41,82198.0,99.32,1.3327
2015-02-06,104.34,103.14,104.34,103.38,96450.0,100.87,-0.029
2015-02-09,103.28,102.9,103.63,103.23,57871.0,102.148,-0.1451
2015-02-10,104.0,103.01,104.0,103.25,71107.0,103.064,0.0194
2015-02-11,103.17,102.66,103.63,103.25,101181.0,103.304,0.0
2015-02-12,103.41,103.41,104.56,104.44,60978.0,103.51,1.1525
2015-02-13,104.19,103.58,104.72,103.8,63336.0,103.594,-0.6128
2015-02-17,104.66,103.07,104.66,103.18,84143.0,103.584,-0.5973
2015-02-18,103.28,102.52,103.52,103.44,124395.0,103.622,0.252
2015-02-19,103.17,102.15,103.2,102.3,164414.0,103.432,-1.1021
2015-02-20,101.95,100.85,102.71,102.23,130105.0,102.99,-0.0684
2015-02-23,101.84,101.44,102.28,101.9,80942.0,102.61,-0.3228
2015-02-24,101.68,101.68,103.33,102.98,80422.0,102.57,1.0599
2015-02-25,102.91,102.25,103.31,102.53,63529.0,102.388,-0.437
2015-02-26,102.59,102.51,103.54,103.18,60715.0,102.564,0.634
2015-02-27,102.55,102.53,103.35,102.53,175335.0,102.624,-0.63
2015-03-02,102.46,101.97,103.04,102.47,1023205.0,102.738,-0.0585
2015-03-03,102.25,101.47,102.8,102.05,148009.0,102.552,-0.4099
2015-03-04,101.62,100.51,101.63,100.54,73808.0,102.154,-1.4797
2015-03-05,100.95,100.03,101.49,101.23,117162.0,101.764,0.6863
2015-03-06,101.17,100.28,101.95,101.05,187114.0,101.468,-0.1778
2015-03-09,101.04,100.87,102.47,102.0,111226.0,101.374,0.9401
2015-03-10,101.66,100.22,101.66,100.65,71021.0,101.094,-1.3235
2015-03-11,100.51,100.11,102.13,102.08,161967.0,101.402,1.4208
2015-03-12,102.05,101.41,102.76,102.28,102515.0,101.612,0.1959
2015-03-13,101.81,101.07,102.05,101.84,69789.0,101.77,-0.4302
2015-03-16,102.33,101.99,102.85,102.02,81043.0,101.774,0.1767
2015-03-17,101.62,101.62,102.52,101.81,102438.0,102.006,-0.2058
2015-03-18,101.87,100.71,102.05,101.85,113876.0,101.96,0.0393
2015-03-19,101.86,99.86,102.2,100.91,79472.0,101.686,-0.9229
2015-03-20,101.12,100.63,101.22,101.01,276792.0,101.52,0.0991
2015-03-23,100.8,100.8,102.5,102.08,100226.0,101.532,1.0593
2015-03-24,102.27,101.48,102.35,101.76,118849.0,101.522,-0.3135
2015-03-25,102.15,101.11,102.33,101.49,103163.0,101.45,-0.2653
2015-03-26,101.31,100.15,101.31,100.18,148775.0,101.304,-1.2908
2015-03-27,100.19,99.18,100.28,99.89,91121.0,101.08,-0.2895
2015-03-30,100.41,100.41,101.41,100.93,88890.0,100.85,1.0411
2015-03-31,100.91,99.59,100.97,99.73,152955.0,100.444,-1.1889
2015-04-01,99.73,99.34,100.7,100.7,122965.0,100.286,0.9726
2015-04-02,100.63,99.46,100.93,99.73,82658.0,100.196,-0.9633
2015-04-06,99.32,99.32,100.64,100.62,103516.0,100.342,0.8924
2015-04-07,100.99,100.24,101.16,100.24,59662.0,100.204,-0.3777
2015-04-08,100.32,100.29,101.01,100.84,58743.0,100.426,0.5986
2015-04-09,100.84,100.37,101.42,100.82,62099.0,100.45,-0.0198
2015-04-10,100.91,100.81,102.44,102.06,84198.0,100.916,1.2299
2015-04-13,102.06,101.77,102.29,101.93,67639.0,101.178,-0.1274
2015-04-14,101.71,101.46,103.48,102.95,108375.0,101.72,1.0007
2015-04-15,103.05,103.05,103.75,103.12,96797.0,102.176,0.1651
2015-04-16,102.81,102.45,103.42,102.91,40463.0,102.594,-0.2036
2015-04-17,102.2,101.04,102.47,101.55,42011.0,102.492,-1.3215
2015-04-20,103.02,101.89,103.48,103.0,88545.0,102.706,1.4279
2015-04-21,103.27,101.33,103.27,101.87,54131.0,102.49,-1.0971
2015-04-22,101.89,100.97,102.21,102.2,61236.0,102.306,0.3239
2015-04-23,102.01,101.87,102.86,102.75,59413.0,102.274,0.5382
2015-04-24,102.37,102.06,102.81,102.75,49615.0,102.514,0.0
2015-04-27,102.91,101.48,102.91,102.05,80086.0,102.324,-0.6813
2015-04-28,101.71,101.71,103.43,103.4,49463.0,102.63,1.3229
2015-04-29,102.91,101.88,103.01,102.7,75207.0,102.73,-0.677
2015-04-30,102.75,102.12,102.98,102.49,108775.0,102.678,-0.2045
2015-05-01,102.54,102.27,103.25,103.09,45819.0,102.746,0.5854
2015-05-04,103.0,102.83,103.66,103.35,45221.0,103.006,0.2522
2015-05-05,103.28,102.45,104.28,102.47,77799.0,102.82,-0.8515
2015-05-06,103.23,102.15,104.0,103.93,85903.0,103.066,1.4248
2015-05-07,103.58,103.26,104.25,103.68,80458.0,103.304,-0.2405
2015-05-08,104.46,103.34,104.71,103.71,61935.0,103.428,0.0289
2015-05-11,103.53,103.31,104.94,104.87,56026.0,103.732,1.1185
2015-05-12,104.48,104.11,104.76,104.5,68368.0,104.138,-0.3528
2015-05-13,104.49,104.33,104.96,104.64,50854.0,104.28,0.134
2015-05-14,105.0,104.6,105.39,105.0,116064.0,104.544,0.344
2015-05-15,105.14,104.2,105.17,104.6,51912.0,104.722,-0.381
2015-05-18,104.6,104.47,104.95,104.91,49998.0,104.73,0.2964
2015-05-19,104.91,104.37,104.91,104.65,51155.0,104.76,-0.2478
2015-05-20,105.0,104.41,105.05,104.62,73676.0,104.756,-0.0287
2015-05-21,104.34,104.24,104.85,104.34,49206.0,104.624,-0.2676
2015-05-22,104.09,103.87,104.47,103.99,35472.0,104.502,-0.3354
2015-05-26,103.5,102.63,103.71,102.85,44336.0,104.09,-1.0963
2015-05-27,102.73,102.4,103.1,102.93,69096.0,103.746,0.0778
2015-05-28,102.62,102.37,102.96,102.87,55947.0,103.396,-0.0583
2015-05-29,103.12,102.1,103.16,102.11,116697.0,102.95,-0.7388
2015-06-01,102.3,102.04,103.02,102.99,91548.0,102.75,0.8618
2015-06-02,102.5,102.27,103.46,103.2,38505.0,102.82,0.2039
2015-06-03,103.45,103.05,103.92,103.91,56842.0,103.016,0.688
2015-06-04,103.21,102.96,103.83,103.53,52060.0,103.148,-0.3657
2015-06-05,103.89,102.76,103.89,103.21,98873.0,103.368,-0.3091
2015-06-08,103.28,102.67,103.51,102.67,47627.0,103.304,-0.5232
2015-06-09,102.55,101.88,102.73,101.89,62345.0,103.042,-0.7597
2015-06-10,102.39,102.39,103.19,102.88,58378.0,102.836,0.9716
2015-06-11,102.44,102.11,103.81,103.76,68793.0,102.882,0.8554
2015-06-12,103.5,102.83,103.56,103.25,72820.0,102.89,-0.4915
2015-06-15,102.75,101.96,103.04,102.85,47592.0,102.926,-0.3874
2015-06-16,102.85,102.4,104.17,103.75,47106.0,103.298,0.8751
2015-06-17,103.69,103.47,104.16,103.64,39588.0,103.45,-0.106
2015-06-18,104.11,104.11,105.01,104.76,51960.0,103.65,1.0807
2015-06-19,104.81,104.57,105.33,105.04,291882.0,104.008,0.2673
2015-06-22,105.26,104.96,105.49,105.43,66326.0,104.524,0.3713
2015-06-23,105.69,105.25,105.86,105.44,56014.0,104.862,0.0095
2015-06-24,105.43,103.89,105.49,103.93,72463.0,104.92,-1.4321
2015-06-25,103.93,103.33,104.19,103.36,47670.0,104.64,-0.5484
2015-06-26,103.36,103.14,103.81,103.21,118954.0,104.274,-0.1451
2015-06-29,102.7,101.37,103.01,101.39,46831.0,103.466,-1.7634
2015-06-30,101.91,101.32,102.37,101.51,92270.0,102.68,0.1184
2015-07-01,102.75,102.26,104.3,104.04,90055.0,102.702,2.4924
2015-07-02,103.8,103.71,104.9,103.84,75483.0,102.798,-0.1922
2015-07-06,103.08,103.08,104.01,103.98,84037.0,102.952,0.1348
2015-07-07,103.87,102.99,104.24,104.08,64221.0,103.49,0.0962
2015-07-08,103.42,103.18,103.79,103.24,39472.0,103.836,-0.8071
2015-07-09,104.58,101.97,104.58,102.52,63886.0,103.532,-0.6974
2015-07-10,103.61,102.85,104.23,103.34,58424.0,103.432,0.7998
2015-07-13,104.11,103.25,104.13,103.68,59790.0,103.372,0.329
2015-07-14,103.71,103.47,104.4,104.2,63811.0,103.396,0.5015
2015-07-15,104.43,103.89,105.31,105.07,70714.0,103.762,0.8349
2015-07-16,105.42,105.36,106.28,106.25,72307.0,104.508,1.1231
2015-07-17,106.45,105.55,106.45,105.98,59939.0,105.036,-0.2541
2015-07-20,106.25,106.07,106.71,106.58,55390.0,105.616,0.5661
2015-07-21,106.65,106.65,107.2,107.04,70491.0,106.184,0.4316
2015-07-22,107.14,105.98,107.25,106.63,54601.0,106.496,-0.383
2015-07-23,106.62,105.5,106.62,105.67,56836.0,106.38,-0.9003
2015-07-24,105.43,105.05,105.54,105.14,53049.0,106.212,-0.5016
2015-07-27,104.55,104.24,104.99,104.64,53925.0,105.824,-0.4756
2015-07-28,104.79,103.6,104.79,104.38,93344.0,105.292,-0.2485
2015-07-29,103.49,102.33,106.52,106.45,74855.0,105.256,1.9831
2015-07-30,106.4,106.4,107.69,107.47,55086.0,105.616,0.9582
2015-07-31,108.09,107.26,108.09,107.3,80479.0,106.048,-0.1582
2015-08-03,107.59,106.26,107.59,107.2,61329.0,106.56,-0.0932
2015-08-04,107.3,106.21,107.3,106.47,67270.0,106.978,-0.681
2015-08-05,107.09,106.39,107.35,106.68,49568.0,107.024,0.1972
2015-08-06,106.8,105.76,106.95,105.81,38741.0,106.692,-0.8155
2015-08-07,105.89,105.84,106.52,106.33,42534.0,106.498,0.4914
2015-08-10,106.81,106.68,107.48,107.1,55506.0,106.478,0.7242
2015-08-11,106.36,106.36,107.33,107.04,45331.0,106.592,-0.056
2015-08-12,106.3,105.87,106.74,106.7,53990.0,106.596,-0.3176
2015-08-13,106.94,105.84,107.7,107.19,55146.0,106.872,0.4592
2015-08-14,107.05,107.04,108.14,108.07,33337.0,107.22,0.821
2015-08-17,107.81,107.25,108.71,108.54,54044.0,107.508,0.4349
2015-08-18,108.54,108.0,108.54,108.33,33129.0,107.766,-0.1935
2015-08-19,107.77,107.15,107.96,107.55,39358.0,107.936,-0.72
2015-08-20,106.75,105.76,107.05,105.77,35344.0,107.652,-1.655
2015-08-21,104.95,104.23,105.61,104.23,72104.0,106.884,-1.456
2015-08-24,101.22,99.84,102.79,99.88,126766.0,105.152,-4.1735
2015-08-25,101.71,99.35,101.97,99.35,87781.0,103.356,-0.5306
2015-08-26,100.97,99.35,101.44,100.87,65505.0,102.02,1.5299
2015-08-27,101.82,100.96,102.52,102.0,63488.0,101.266,1.1203
2015-08-28,101.85,101.08,102.05,101.88,80009.0,100.796,-0.1176
2015-08-31,101.69,101.09,102.04,101.95,83431.0,101.21,0.0687
2015-09-01,100.0,100.0,102.04,101.31,89544.0,101.602,-0.6278
2015-09-02,102.19,100.82,102.19,101.6,62106.0,101.748,0.2863
2015-09-03,101.99,101.64,102.49,101.87,56224.0,101.722,0.2657
2015-09-04,100.96,100.46,101.64,100.87,62859.0,101.52,-0.9816
2015-09-08,101.73,101.73,104.05,104.0,99052.0,101.93,3.103
2015-09-09,104.5,102.69,104.99,102.78,103314.0,102.224,-1.1731
2015-09-10,103.19,102.84,104.78,104.29,106853.0,102.762,1.4692
2015-09-11,103.14,103.14,105.15,105.09,102221.0,103.406,0.7671
2015-09-14,105.14,104.88,105.46,105.16,69481.0,104.264,0.0666
2015-09-15,105.4,105.08,105.68,105.4,63318.0,104.544,0.2282
2015-09-16,105.35,104.93,106.26,105.91,39552.0,105.17,0.4839
2015-09-17,106.06,105.39,106.77,105.53,54270.0,105.418,-0.3588
2015-09-18,104.59,104.43,105.58,104.69,222572.0,105.338,-0.796
2015-09-21,105.19,105.19,106.31,106.09,61790.0,105.524,1.3373
2015-09-22,104.88,104.31,105.58,105.06,48473.0,105.456,-0.9709
2015-09-23,105.12,104.88,105.98,105.41,63470.0,105.356,0.3331
2015-09-24,104.92,104.92,106.3,105.98,49845.0,105.446,0.5407
2015-09-25,106.77,106.5,107.92,106.72,72368.0,105.852,0.6982
2015-09-28,106.57,105.87,106.7,105.91,70267.0,105.816,-0.759
2015-09-29,105.86,105.27,106.27,106.15,88781.0,106.034,0.2266
2015-09-30,106.86,106.01,106.86,106.32,84626.0,106.216,0.1602
2015-10-01,106.17,104.84,106.4,105.99,70004.0,106.218,-0.3104
2015-10-02,105.03,105.03,107.14,107.1,66772.0,106.294,1.0473
2015-10-05,107.71,107.47,108.22,107.54,82480.0,106.62,0.4108
2015-10-06,107.42,106.75,107.52,107.05,53989.0,106.8,-0.4556
2015-10-07,107.39,107.16,108.2,107.92,110096.0,107.12,0.8127
2015-10-08,107.89,107.86,108.68,107.99,65654.0,107.52,0.0649
2015-10-09,108.01,107.72,108.5,107.79,38382.0,107.658,-0.1852
2015-10-12,107.79,107.79,108.45,108.2,61351.0,107.79,0.3804
2015-10-13,107.99,107.54,109.06,108.34,91835.0,108.048,0.1294
2015-10-14,108.92,107.99,108.92,108.27,57146.0,108.118,-0.0646
2015-10-15,108.69,108.21,109.18,109.15,41802.0,108.35,0.8128
2015-10-16,109.37,109.29,110.0,109.61,41849.0,108.714,0.4214
2015-10-19,109.48,109.12,110.0,109.27,30462.0,108.928,-0.3102
2015-10-20,109.47,109.46,111.05,110.9,65624.0,109.44,1.4917
2015-10-21,111.16,109.83,111.17,109.92,26339.0,109.77,-0.8837
2015-10-22,110.33,110.33,111.3,111.1,37810.0,110.16,1.0735
2015-10-23,111.59,110.16,111.76,110.49,39930.0,110.336,-0.5491
2015-10-26,110.5,110.29,110.97,110.74,30829.0,110.63,0.2263
2015-10-27,110.33,109.47,110.76,109.99,91172.0,110.448,-0.6773
2015-10-28,110.12,109.78,111.24,111.24,37473.0,110.712,1.1365
2015-10-29,110.58,109.93,111.46,111.33,26840.0,110.758,0.0809
2015-10-30,111.15,109.44,111.23,109.63,40207.0,110.586,-1.527
2015-11-02,109.66,109.4,110.68,110.64,46360.0,110.566,0.9213
2015-11-03,110.29,110.16,110.82,110.48,37958.0,110.664,-0.1446
2015-11-04,110.53,109.29,110.57,109.49,49562.0,110.314,-0.8961
2015-11-05,110.0,109.98,111.84,110.96,59872.0,110.24,1.3426
2015-11-06,111.45,110.06,111.45,110.97,32913.0,110.508,0.009
2015-11-09,110.64,110.49,111.1,110.92,53869.0,110.564,-0.0451
2015-11-10,110.87,110.38,111.33,110.63,97313.0,110.594,-0.2614
2015-11-11,110.93,110.61,111.4,111.13,41962.0,110.922,0.452
2015-11-12,110.72,109.37,110.72,109.37,36211.0,110.604,-1.5837
2015-11-13,109.32,108.32,109.55,108.52,35931.0,110.114,-0.7772
2015-11-16,108.42,108.06,109.28,109.25,32421.0,109.78,0.6727
2015-11-17,109.39,109.03,110.07,109.07,33298.0,109.468,-0.1648
2015-11-18,109.24,109.14,110.79,110.76,46644.0,109.394,1.5495
2015-11-19,110.91,110.16,111.06,110.57,29792.0,109.634,-0.1715
2015-11-20,111.21,110.46,111.26,110.82,25368.0,110.094,0.2261
2015-11-23,110.89,110.52,111.38,110.72,18579.0,110.388,-0.0902
2015-11-24,109.9,109.26,111.11,110.65,89376.0,110.704,-0.0632
2015-11-25,110.94,109.87,111.02,110.33,18650.0,110.618,-0.2892
2015-11-27,110.25,109.9,111.25,111.05,20698.0,110.714,0.6526
2015-11-30,111.01,110.68,111.89,110.76,131392.0,110.702,-0.2611
2015-12-01,110.92,110.77,112.5,112.5,47174.0,111.058,1.571
2015-12-02,112.5,111.56,112.68,111.66,35026.0,111.26,-0.7467
2015-12-03,111.91,110.73,111.93,111.6,74076.0,111.514,-0.0537
2015-12-04,111.66,111.6,113.67,113.59,39649.0,112.022,1.7832
2015-12-07,113.99,112.95,114.26,113.36,50295.0,112.542,-0.2025
2015-12-08,112.81,112.04,113.4,112.45,85030.0,112.532,-0.8028
2015-12-09,112.29,111.21,113.11,111.4,47955.0,112.48,-0.9337
2015-12-10,111.59,110.9,111.93,111.22,41218.0,112.404,-0.1616
2015-12-11,109.59,108.26,111.33,110.5,48194.0,111.786,-0.6474
2015-12-14,110.27,109.99,111.04,110.62,49715.0,111.238,0.1086
2015-12-15,111.32,110.01,111.6,110.05,45028.0,110.758,-0.5153
2015-12-16,110.3,109.35,110.56,110.07,31136.0,110.492,0.0182
2015-12-17,110.08,110.03,111.58,111.02,54665.0,110.452,0.8631
2015-12-18,110.86,110.29,111.45,110.8,526654.0,110.512,-0.1982
2015-12-21,111.33,110.82,111.91,111.86,40564.0,110.76,0.9567
2015-12-22,112.15,111.44,113.7,113.55,39106.0,111.46,1.5108
2015-12-23,113.96,113.48,114.39,114.33,46953.0,112.312,0.6869
2015-12-24,114.22,113.84,114.9,114.69,21264.0,113.046,0.3149
2015-12-28,114.5,113.68,114.5,114.37,29670.0,113.76,-0.279
2015-12-29,115.0,114.82,115.56,115.47,42245.0,114.482,0.9618
2015-12-30,115.25,114.78,115.92,114.78,44354.0,114.728,-0.5976
2015-12-31,114.28,113.18,114.88,113.19,65081.0,114.5,-1.3853
2016-01-04,112.53,111.4,112.53,112.35,85896.0,114.032,-0.7421
2016-01-05,112.35,111.95,113.55,113.35,60994.0,113.828,0.8901
2016-01-06,112.54,112.54,113.62,113.34,73028.0,113.402,-0.0088
2016-01-07,111.99,111.8,113.39,112.38,187950.0,112.922,-0.847
2016-01-08,112.86,111.26,112.91,111.42,122181.0,112.568,-0.8542
2016-01-11,111.85,111.16,112.44,111.83,46268.0,112.464,0.368
2016-01-12,112.51,111.09,112.81,111.93,92487.0,112.18,0.0894
2016-01-13,112.16,110.68,112.17,111.19,113369.0,111.75,-0.6611
2016-01-14,111.2,110.88,111.75,111.1,110950.0,111.494,-0.0809
2016-01-15,109.97,109.23,111.34,110.49,83283.0,111.308,-0.5491
2016-01-19,111.84,110.48,111.84,110.9,85048.0,111.122,0.3711
2016-01-20,109.83,107.48,110.45,108.93,86874.0,110.522,-1.7764
2016-01-21,109.12,108.35,110.66,110.04,74240.0,110.292,1.019
2016-01-22,110.87,110.14,111.53,111.53,49432.0,110.378,1.3541
2016-01-25,111.18,109.77,111.18,109.88,93731.0,110.256,-1.4794
2016-01-26,110.07,110.07,112.43,112.14,78167.0,110.504,2.0568
2016-01-27,112.02,110.77,112.02,110.94,53408.0,110.906,-1.0701
2016-01-28,111.59,110.24,111.7,111.52,61802.0,111.202,0.5228
2016-01-29,111.85,111.76,112.95,112.65,617849.0,111.426,1.0133
2016-02-01,112.31,112.31,115.45,115.05,110527.0,112.46,2.1305
2016-02-02,114.02,112.1,114.54,112.16,88714.0,112.464,-2.512
2016-02-03,112.8,108.85,114.09,111.27,108662.0,112.53,-0.7935
2016-02-04,110.84,108.57,111.34,109.58,84139.0,112.142,-1.5188
2016-02-05,109.58,108.83,110.05,110.05,99855.0,111.622,0.4289
2016-02-08,108.95,108.95,113.25,112.6,102912.0,111.132,2.3171
2016-02-09,111.94,111.81,113.6,113.15,48402.0,111.33,0.4885
2016-02-10,113.65,113.15,115.04,113.21,54996.0,111.718,0.053
2016-02-11,112.03,111.08,112.4,111.15,62243.0,112.032,-1.8196
2016-02-12,112.13,111.74,113.44,113.01,59749.0,112.624,1.6734
2016-02-16,114.02,112.73,114.02,113.23,47518.0,112.75,0.1947
2016-02-17,113.69,112.62,114.31,113.51,157906.0,112.822,0.2473
2016-02-18,113.67,113.31,114.37,114.33,49780.0,113.046,0.7224
2016-02-19,114.18,114.18,115.6,115.2,52890.0,113.856,0.761
2016-02-22,116.49,115.42,116.49,115.62,50845.0,114.378,0.3646
2016-02-23,115.49,114.62,115.75,114.72,38965.0,114.676,-0.7784
2016-02-24,114.23,114.23,115.41,115.19,31931.0,115.012,0.4097
2016-02-25,115.43,115.12,115.94,115.9,39447.0,115.326,0.6164
2016-02-26,116.25,114.15,116.75,114.37,53342.0,115.16,-1.3201
2016-02-29,114.21,113.17,114.28,113.2,115434.0,114.676,-1.023
2016-03-01,113.55,113.47,114.89,114.78,114631.0,114.688,1.3958
2016-03-02,114.64,114.21,115.6,114.93,77625.0,114.636,0.1307
2016-03-03,114.68,114.62,115.34,115.07,53472.0,114.47,0.1218
2016-03-04,115.36,114.0,115.36,114.61,86910.0,114.518,-0.3998
2016-03-07,114.09,113.24,114.71,113.87,106050.0,114.652,-0.6457
2016-03-08,113.4,112.95,113.61,113.11,65946.0,114.318,-0.6674
2016-03-09,113.3,112.75,113.44,113.22,80350.0,113.976,0.0973
2016-03-10,113.58,112.42,113.8,113.43,37734.0,113.648,0.1855
2016-03-11,114.13,113.53,114.13,113.91,32872.0,113.508,0.4232
2016-03-14,113.68,113.37,114.35,114.04,53225.0,113.542,0.1141
2016-03-15,113.97,113.19,114.02,113.67,51635.0,113.654,-0.3244
2016-03-16,113.4,113.34,114.54,114.2,32367.0,113.85,0.4663
2016-03-17,114.31,113.98,115.61,114.8,64772.0,114.124,0.5254
2016-03-18,114.4,114.4,115.93,115.28,367938.0,114.398,0.4181
2016-03-21,115.0,114.92,116.62,116.17,51738.0,114.824,0.772
2016-03-22,116.56,115.73,117.82,116.96,48584.0,115.482,0.68
2016-03-23,116.73,116.47,117.58,117.22,40037.0,116.086,0.2223
2016-03-24,116.61,115.81,116.75,116.01,55135.0,116.328,-1.0322
2016-03-28,116.58,116.58,118.5,118.39,72880.0,116.95,2.0515
2016-03-29,118.21,118.21,119.25,119.08,80533.0,117.532,0.5828
2016-03-30,119.71,119.42,120.59,119.99,50379.0,118.138,0.7642
2016-03-31,120.17,119.46,120.31,119.83,246522.0,118.66,-0.1333
2016-04-01,119.0,119.0,120.74,120.53,58773.0,119.564,0.5842
2016-04-04,120.94,119.49,121.38,119.69,69326.0,119.824,-0.6969
2016-04-05,119.19,118.18,119.85,118.24,112788.0,119.656,-1.2115
2016-04-06,118.15,117.04,118.32,117.38,62255.0,119.134,-0.7273
2016-04-07,117.01,116.28,117.4,116.64,91055.0,118.496,-0.6304
2016-04-08,117.34,116.39,117.66,116.87,71070.0,117.764,0.1972
2016-04-11,116.82,115.69,117.25,115.79,76148.0,116.984,-0.9241
2016-04-12,115.98,115.84,117.25,116.99,72423.0,116.734,1.0364
2016-04-13,117.49,116.83,117.87,117.86,54261.0,116.83,0.7437
2016-04-14,117.63,116.56,117.87,116.6,65079.0,116.822,-1.0691
2016-04-15,116.6,116.6,117.49,116.88,65936.0,116.824,0.2401
2016-04-18,117.03,116.22,117.24,117.15,46722.0,117.096,0.231
2016-04-19,117.47,117.17,117.89,117.21,44707.0,117.14,0.0512
2016-04-20,117.28,116.09,117.52,117.19,30828.0,117.006,-0.0171
2016-04-21,116.71,113.89,116.71,114.16,55537.0,116.518,-2.5855
2016-04-22,114.25,114.25,115.79,115.79,66203.0,116.3,1.4278
2016-04-25,115.3,114.8,115.78,115.76,64299.0,116.022,-0.0259
2016-04-26,115.56,114.26,116.34,114.53,68476.0,115.486,-1.0625
2016-04-27,110.25,109.22,110.37,109.7,151616.0,113.988,-4.2172
2016-04-28,107.27,107.27,111.17,110.26,99683.0,113.208,0.5105
2016-04-29,110.18,109.7,111.26,110.91,161733.0,112.232,0.5895
2016-05-02,111.01,110.79,112.72,112.46,102051.0,111.572,1.3975
2016-05-03,112.0,110.53,112.34,111.88,77579.0,111.042,-0.5157
2016-05-04,111.11,110.93,112.36,111.98,61672.0,111.498,0.0894
2016-05-05,112.26,111.77,112.71,111.93,49751.0,111.832,-0.0447
2016-05-06,111.12,111.12,112.55,112.24,73535.0,112.098,0.277
2016-05-09,111.94,111.94,113.86,113.79,118637.0,112.364,1.381
2016-05-10,113.83,113.55,114.84,114.32,114924.0,112.852,0.4658
2016-05-11,114.23,113.33,115.21,113.33,61957.0,113.122,-0.866
2016-05-12,113.03,112.95,113.82,113.51,64674.0,113.438,0.1588
2016-05-13,113.3,112.93,114.07,113.52,56458.0,113.694,0.0088
2016-05-16,113.4,113.16,114.48,113.91,46012.0,113.718,0.3436
2016-05-17,114.41,112.75,115.06,113.14,85451.0,113.482,-0.676
2016-05-18,112.82,112.82,115.11,114.27,78111.0,113.67,0.9988
2016-05-19,113.73,113.17,114.31,113.8,57058.0,113.728,-0.4113
2016-05-20,113.97,113.97,115.43,114.59,56539.0,113.942,0.6942
2016-05-23,114.52,113.91,114.99,114.03,41539.0,113.966,-0.4887
2016-05-24,114.53,114.53,115.87,115.8,52520.0,114.498,1.5522
2016-05-25,115.95,115.53,116.31,115.6,62446.0,114.764,-0.1727
2016-05-26,115.4,114.93,115.41,115.05,32247.0,115.014,-0.4758
2016-05-27,114.81,113.61,115.89,115.38,63084.0,115.172,0.2868
2016-05-31,115.68,114.73,115.99,115.51,119228.0,115.468,0.1127
2016-06-01,115.21,115.21,116.19,115.99,37684.0,115.506,0.4155
2016-06-02,115.63,115.53,116.25,116.17,40963.0,115.62,0.1552
2016-06-03,115.95,115.1,116.17,115.79,40588.0,115.768,-0.3271
2016-06-06,115.69,115.59,116.13,115.88,34234.0,115.868,0.0777
2016-06-07,115.83,114.88,115.83,114.94,41381.0,115.754,-0.8112
2016-06-08,114.81,114.81,116.64,115.78,92778.0,115.712,0.7308
2016-06-09,115.54,115.45,116.13,115.86,84820.0,115.65,0.0691
2016-06-10,115.43,114.63,115.48,114.93,48736.0,115.478,-0.8027
2016-06-13,114.55,112.54,114.55,112.56,46945.0,114.814,-2.0621
2016-06-14,112.35,111.98,112.58,112.21,41930.0,114.268,-0.3109
2016-06-15,112.64,111.5,112.64,111.56,48490.0,113.424,-0.5793
2016-06-16,111.25,111.25,112.53,112.3,36005.0,112.712,0.6633
2016-06-17,111.9,111.79,113.19,113.1,189106.0,112.346,0.7124
2016-06-20,113.98,113.22,114.57,113.36,44018.0,112.506,0.2299
2016-06-21,113.67,113.45,114.38,114.22,83374.0,112.908,0.7586
2016-06-22,114.24,114.24,115.04,114.99,88885.0,113.594,0.6741
2016-06-23,116.0,115.38,116.36,116.31,57944.0,114.396,1.1479
2016-06-24,113.12,112.78,114.44,113.69,126948.0,114.514,-2.2526
2016-06-27,112.78,111.5,113.14,111.69,186613.0,114.18,-1.7592
2016-06-28,112.18,112.18,113.35,113.01,108299.0,113.938,1.1818
2016-06-29,113.36,113.36,114.88,114.66,101472.0,113.872,1.46
2016-06-30,115.15,114.83,117.44,117.44,132705.0,114.098,2.4246
2016-07-01,116.76,116.05,117.96,116.07,56772.0,114.574,-1.1666
2016-07-05,114.81,114.8,115.75,115.08,92632.0,115.252,-0.8529
2016-07-06,114.72,114.42,115.83,115.83,63112.0,115.816,0.6517
2016-07-07,115.81,114.69,115.95,115.23,58063.0,115.93,-0.518
2016-07-08,115.72,114.34,116.14,115.98,42441.0,115.638,0.6509
2016-07-11,115.6,115.23,116.33,115.82,74128.0,115.588,-0.138
2016-07-12,116.32,115.59,116.5,115.65,71870.0,115.702,-0.1468
2016-07-13,115.75,115.75,116.15,116.02,45440.0,115.74,0.3199
2016-07-14,116.45,115.96,116.84,116.1,30856.0,115.914,0.069
2016-07-15,116.5,115.85,116.5,116.31,47561.0,115.98,0.1809
2016-07-18,116.02,115.54,116.38,115.6,48624.0,115.936,-0.6104
2016-07-19,115.11,114.78,115.63,115.6,47497.0,115.926,0.0
2016-07-20,115.88,115.78,116.21,115.83,31270.0,115.888,0.199
2016-07-21,115.69,115.44,116.27,116.17,34886.0,115.902,0.2935
2016-07-22,116.55,116.55,117.64,117.05,39112.0,116.05,0.7575
2016-07-25,117.17,116.18,117.17,116.25,81665.0,116.18,-0.6835
2016-07-26,116.4,115.49,117.09,115.65,48301.0,116.19,-0.5161
2016-07-27,115.88,115.14,117.29,117.03,61726.0,116.43,1.1933
2016-07-28,117.03,117.03,118.05,117.07,66348.0,116.61,0.0342
2016-07-29,117.01,116.76,117.78,117.52,122179.0,116.704,0.3844
2016-08-01,117.2,116.91,117.74,116.97,41347.0,116.848,-0.468
2016-08-02,116.97,116.74,117.46,116.83,53342.0,117.084,-0.1197
2016-08-03,117.22,117.22,117.65,117.55,27160.0,117.188,0.6163
2016-08-04,117.32,117.32,117.71,117.38,31053.0,117.25,-0.1446
2016-08-05,117.81,117.39,117.99,117.99,44481.0,117.344,0.5197
2016-08-08,117.99,117.35,118.37,117.4,104636.0,117.43,-0.5
2016-08-09,117.19,117.19,118.08,117.97,62902.0,117.658,0.4855
2016-08-10,118.14,118.06,118.76,118.51,61945.0,117.85,0.4577
2016-08-11,118.55,117.3,118.68,117.34,36162.0,117.842,-0.9873
2016-08-12,116.98,116.98,117.73,117.41,28435.0,117.726,0.0597
2016-08-15,117.31,117.29,118.24,117.77,65788.0,117.8,0.3066
2016-08-16,117.28,117.06,117.99,117.11,36536.0,117.628,-0.5604
2016-08-17,117.09,116.27,117.23,116.55,57995.0,117.236,-0.4782
2016-08-18,116.69,116.52,117.41,117.41,35357.0,117.25,0.7379
2016-08-19,116.84,116.57,117.27,117.0,51018.0,117.168,-0.3492
2016-08-22,116.7,116.7,117.56,117.56,28237.0,117.126,0.4786
2016-08-23,117.76,116.28,117.76,116.4,117300.0,116.984,-0.9867
2016-08-24,116.29,116.29,116.9,116.75,61233.0,117.024,0.3007
2016-08-25,116.48,116.48,117.25,116.82,48463.0,116.906,0.06
2016-08-26,117.31,116.75,117.39,116.98,26088.0,116.902,0.137
2016-08-29,117.15,117.07,118.06,118.05,97236.0,117.0,0.9147
2016-08-30,118.33,118.33,119.47,119.45,84749.0,117.61,1.1859
2016-08-31,119.36,118.66,119.82,119.7,67798.0,118.2,0.2093
2016-09-01,119.47,118.65,119.84,119.54,63172.0,118.744,-0.1337
2016-09-02,120.0,119.0,120.72,120.59,88801.0,119.466,0.8784
2016-09-06,120.28,119.89,121.03,121.01,104200.0,120.058,0.3483
2016-09-07,120.76,120.41,121.67,121.67,65336.0,120.502,0.5454
2016-09-08,121.48,121.0,121.93,121.09,46542.0,120.78,-0.4767
2016-09-09,120.55,118.99,120.67,118.99,85452.0,120.67,-1.7342
2016-09-12,118.49,117.98,120.35,120.08,58390.0,120.568,0.916
2016-09-13,119.28,118.23,119.28,118.61,47975.0,120.088,-1.2242
2016-09-14,118.99,117.92,118.99,118.05,30931.0,119.364,-0.4721
2016-09-15,118.12,117.82,118.74,118.38,42749.0,118.822,0.2795
2016-09-16,118.05,117.37,118.27,117.57,299274.0,118.538,-0.6842
2016-09-19,118.04,117.82,118.76,118.64,44176.0,118.25,0.9101
2016-09-20,119.05,118.85,119.43,118.92,47582.0,118.312,0.236
2016-09-21,119.2,119.2,121.82,121.63,79649.0,119.028,2.2788
2016-09-22,121.96,121.96,122.97,122.71,56248.0,119.894,0.8879
2016-09-23,122.05,120.44,122.7,120.5,72809.0,120.48,-1.801
2016-09-26,120.23,119.58,120.23,119.74,48542.0,120.7,-0.6307
2016-09-27,119.78,118.87,120.34,120.34,74068.0,120.984,0.5011
2016-09-28,120.66,120.17,121.57,121.4,42946.0,120.938,0.8808
2016-09-29,121.01,119.8,121.23,120.18,43807.0,120.432,-1.0049
2016-09-30,120.74,119.45,120.74,120.16,101633.0,120.364,-0.0166
2016-10-03,120.0,119.47,120.3,119.82,52045.0,120.38,-0.283
2016-10-04,119.33,118.28,122.26,121.87,111854.0,120.686,1.7109
2016-10-05,122.67,119.97,122.9,120.41,108694.0,120.488,-1.198
2016-10-06,120.13,117.47,120.13,118.06,102256.0,120.064,-1.9517
2016-10-07,118.6,118.2,121.44,120.94,98583.0,120.22,2.4394
2016-10-10,121.21,121.0,122.06,122.02,50070.0,120.66,0.893
2016-10-11,121.73,120.57,122.08,120.83,57272.0,120.452,-0.9752
2016-10-12,121.11,121.01,123.15,123.05,79494.0,120.98,1.8373
2016-10-13,122.17,122.15,123.8,123.53,94732.0,122.074,0.3901
2016-10-14,124.02,123.32,124.42,123.78,48512.0,122.642,0.2024
2016-10-17,123.8,123.17,124.0,123.46,75847.0,122.93,-0.2585
2016-10-18,124.61,123.15,124.61,123.34,47976.0,123.432,-0.0972
2016-10-19,123.25,122.8,123.25,123.11,58813.0,123.444,-0.1865
2016-10-20,122.75,121.73,122.75,122.04,56242.0,123.146,-0.8691
2016-10-21,121.5,120.89,122.03,121.92,75987.0,122.774,-0.0983
2016-10-24,122.58,121.93,122.78,122.15,66823.0,122.512,0.1886
2016-10-25,122.54,122.08,125.0,124.61,120068.0,122.766,2.0139
2016-10-26,124.39,123.66,124.52,123.78,53121.0,122.9,-0.6661
2016-10-27,124.16,121.98,124.16,122.94,76981.0,123.08,-0.6786
2016-10-28,122.94,122.79,123.72,123.5,51171.0,123.396,0.4555
2016-10-31,123.75,123.32,124.58,124.29,145570.0,123.824,0.6397
2016-11-01,123.9,123.23,124.44,124.19,82913.0,123.74,-0.0805
2016-11-02,123.94,122.07,124.67,124.05,72622.0,123.794,-0.1127
2016-11-03,124.46,122.9,124.6,123.61,75792.0,123.928,-0.3547
2016-11-04,123.54,123.54,124.66,124.14,91251.0,124.056,0.4288
2016-11-07,125.0,124.7,126.39,125.49,115825.0,124.296,1.0875
2016-11-08,123.73,123.73,126.36,126.15,70867.0,124.688,0.5259
2016-11-09,126.19,125.52,126.7,126.65,84374.0,125.208,0.3964
2016-11-10,126.93,126.38,128.09,127.89,71759.0,126.064,0.9791
2016-11-11,128.61,128.09,129.14,129.08,62455.0,127.052,0.9305
2016-11-14,129.29,129.29,130.67,130.57,79229.0,128.068,1.1543
2016-11-15,130.32,130.15,131.74,131.72,113313.0,129.182,0.8808
2016-11-16,131.6,130.66,132.1,131.82,87741.0,130.216,0.0759
2016-11-17,132.05,131.4,132.33,131.87,74537.0,131.012,0.0379
2016-11-18,131.76,131.6,132.2,131.78,58023.0,131.552,-0.0682
2016-11-21,130.87,130.33,131.66,131.09,79709.0,131.656,-0.5236
2016-11-22,131.12,130.29,131.68,130.29,76222.0,131.37,-0.6103
2016-11-23,130.03,130.0,131.32,130.6,79655.0,131.126,0.2379
2016-11-25,130.02,130.02,131.63,131.63,37769.0,131.078,0.7887
2016-11-28,131.4,130.97,132.02,131.32,70486.0,130.986,-0.2355
2016-11-29,131.66,131.0,131.66,131.02,85753.0,130.972,-0.2284
2016-11-30,131.28,130.43,131.28,130.56,217634.0,131.026,-0.3511
2016-12-01,130.56,130.3,131.11,130.64,108208.0,131.034,0.0613
2016-12-02,130.5,130.07,131.02,130.6,73370.0,130.828,-0.0306
2016-12-05,130.69,129.87,131.33,130.23,86160.0,130.61,-0.2833
2016-12-06,131.14,130.5,131.57,131.26,84810.0,130.658,0.7909
2016-12-07,131.19,131.09,132.02,131.82,46444.0,130.91,0.4266
2016-12-08,132.08,131.73,132.91,132.59,52763.0,131.3,0.5841
2016-12-09,132.89,132.13,132.89,132.44,71280.0,131.668,-0.1131
2016-12-12,132.13,132.02,133.37,133.21,64701.0,132.264,0.5814
2016-12-13,133.76,132.07,133.76,132.35,50010.0,132.482,-0.6456
2016-12-14,132.82,130.96,133.32,131.4,79492.0,132.398,-0.7178
2016-12-15,130.47,130.46,131.73,130.49,98202.0,131.978,-0.6925
2016-12-16,130.39,129.12,131.27,129.48,252570.0,131.386,-0.774
2016-12-19,130.3,130.3,134.38,134.35,99112.0,131.614,3.7612
2016-12-20,134.99,133.83,135.19,135.19,92778.0,132.182,0.6252
2016-12-21,134.7,133.75,135.19,134.9,66863.0,132.882,-0.2145
2016-12-22,134.99,134.56,136.0,135.84,58955.0,133.952,0.6968
2016-12-23,136.15,135.79,136.54,136.45,22669.0,135.346,0.4491
2016-12-27,136.59,135.81,136.74,136.12,37981.0,135.7,-0.2418
2016-12-28,136.14,135.17,136.2,135.33,42492.0,135.728,-0.5804
2016-12-29,134.95,134.95,136.33,135.89,35949.0,135.926,0.4138
2016-12-30,136.4,135.4,136.79,136.22,64183.0,136.002,0.2428
2017-01-03,135.95,134.73,136.27,135.86,70237.0,135.884,-0.2643
2017-01-04,136.52,136.52,138.13,137.54,81294.0,136.168,1.2366
2017-01-05,137.66,136.5,137.66,137.3,70354.0,136.562,-0.1745
2017-01-06,137.13,136.4,137.31,136.47,58327.0,136.678,-0.6045
2017-01-09,136.32,135.37,136.33,135.67,64981.0,136.568,-0.5862
2017-01-10,136.04,135.96,137.68,137.32,83163.0,136.86,1.2162
2017-01-11,137.2,136.65,138.33,137.72,66694.0,136.896,0.2913
2017-01-12,138.18,136.3,138.39,138.28,47016.0,137.092,0.4066
2017-01-13,138.78,137.9,139.22,138.0,42557.0,137.398,-0.2025
2017-01-17,136.79,136.79,138.32,137.17,54077.0,137.698,-0.6014
2017-01-18,137.82,137.09,137.94,137.64,65711.0,137.762,0.3426
2017-01-19,137.73,135.85,137.73,136.52,42055.0,137.522,-0.8137
2017-01-20,136.81,136.18,137.16,136.23,45887.0,137.112,-0.2124
2017-01-23,135.86,135.83,136.55,136.07,55427.0,136.726,-0.1174
2017-01-24,136.74,136.09,136.87,136.8,81200.0,136.652,0.5365
2017-01-25,137.0,137.0,138.43,137.73,89121.0,136.67,0.6798
2017-01-26,138.05,137.59,138.58,138.41,36865.0,137.048,0.4937
2017-01-27,138.15,137.62,138.15,137.81,23824.0,137.364,-0.4335
2017-01-30,136.79,136.38,137.33,136.66,93533.0,137.482,-0.8345
2017-01-31,137.3,135.74,137.64,136.32,202234.0,137.386,-0.2488
2017-02-01,140.0,137.94,142.21,141.5,161320.0,138.14,3.7999
2017-02-02,141.79,141.34,143.08,141.79,92464.0,138.816,0.2049
2017-02-03,142.83,140.93,142.83,141.15,84950.0,139.484,-0.4514
2017-02-06,141.51,139.71,141.51,140.47,104377.0,140.246,-0.4818
2017-02-07,141.03,140.05,141.97,140.39,123075.0,141.06,-0.057
2017-02-08,140.21,139.58,141.41,141.41,98879.0,141.042,0.7265
2017-02-09,140.82,140.82,142.65,142.65,126463.0,141.214,0.8769
2017-02-10,142.72,141.96,143.56,143.21,112729.0,141.626,0.3926
2017-02-13,142.66,142.66,144.22,143.83,79159.0,142.298,0.4329
2017-02-14,143.12,142.89,143.83,143.3,102917.0,142.88,-0.3685
2017-02-15,141.18,141.18,144.59,144.51,69606.0,143.5,0.8444
2017-02-16,144.36,144.36,146.22,146.17,55259.0,144.204,1.1487
2017-02-17,146.4,145.16,146.4,146.04,36548.0,144.77,-0.0889
2017-02-21,146.15,145.74,146.71,146.56,41416.0,145.316,0.3561
2017-02-22,146.71,146.12,146.98,146.93,27296.0,146.042,0.2525
2017-02-23,146.05,146.05,147.88,146.72,52238.0,146.484,-0.1429
2017-02-24,146.22,146.06,147.31,146.28,63688.0,146.506,-0.2999
2017-02-27,146.24,145.99,146.62,146.47,56430.0,146.592,0.1299
2017-02-28,146.05,145.97,147.84,147.64,131121.0,146.808,0.7988
2017-03-01,148.96,148.64,150.43,150.35,83891.0,147.492,1.8355
2017-03-02,150.12,149.34,150.13,149.34,79080.0,148.016,-0.6718
2017-03-03,148.35,148.08,149.31,149.13,69206.0,148.586,-0.1406
2017-03-06,149.11,147.77,149.11,147.78,50660.0,148.848,-0.9053
2017-03-07,147.5,146.97,148.69,148.5,58160.0,149.02,0.4872
2017-03-08,148.2,147.81,148.61,148.03,74717.0,148.556,-0.3165
2017-03-09,148.17,148.01,149.32,148.12,38210.0,148.312,0.0608
2017-03-10,148.31,148.31,149.34,149.06,49658.0,148.298,0.6346
2017-03-13,148.75,148.46,149.64,149.52,37865.0,148.646,0.3086
2017-03-14,149.8,148.94,149.97,149.5,48282.0,148.846,-0.0134
2017-03-15,149.31,148.88,150.27,149.3,52942.0,149.1,-0.1338
2017-03-16,149.8,147.83,149.8,147.99,60537.0,149.074,-0.8774
2017-03-17,147.86,146.92,148.19,148.09,196811.0,148.88,0.0676
2017-03-20,148.17,147.33,148.17,147.34,42321.0,148.444,-0.5064
2017-03-21,147.84,146.23,147.84,146.44,49564.0,147.832,-0.6108
2017-03-22,146.14,146.01,147.04,147.02,75328.0,147.376,0.3961
2017-03-23,147.05,146.39,147.79,146.53,53379.0,147.084,-0.3333
2017-03-24,146.58,145.57,147.66,145.69,48521.0,146.604,-0.5733
2017-03-27,144.41,144.41,145.24,144.73,62966.0,146.082,-0.6589
2017-03-28,144.36,144.36,146.05,145.77,51648.0,145.948,0.7186
2017-03-29,145.77,144.76,145.77,144.84,45183.0,145.512,-0.638
2017-03-30,144.84,144.84,145.66,145.54,39940.0,145.314,0.4833
2017-03-31,144.84,144.62,145.57,144.65,97246.0,145.106,-0.6115
2017-04-03,144.78,143.56,145.13,143.83,64632.0,144.926,-0.5669
2017-04-04,143.7,143.7,144.96,144.49,98448.0,144.67,0.4589
2017-04-05,144.7,142.16,145.62,142.62,76416.0,144.226,-1.2942
2017-04-06,142.67,140.88,143.43,141.3,104404.0,143.378,-0.9255
2017-04-07,141.05,140.52,141.63,140.64,107716.0,142.576,-0.4671
2017-04-10,140.56,140.36,141.24,140.83,74653.0,141.976,0.1351
2017-04-11,141.25,140.93,142.05,141.94,79131.0,141.466,0.7882
2017-04-12,142.33,140.87,142.33,141.25,64102.0,141.192,-0.4861
2017-04-13,140.52,139.01,140.52,139.06,65393.0,140.744,-1.5504
2017-04-17,138.96,138.61,140.83,140.77,49705.0,140.77,1.2297
2017-04-18,140.18,139.71,140.32,140.0,46009.0,140.604,-0.547
2017-04-19,140.22,139.6,140.42,139.91,65982.0,140.198,-0.0643
2017-04-20,140.41,139.0,140.41,139.84,63228.0,139.916,-0.05
2017-04-21,139.88,138.99,139.88,138.99,57167.0,139.902,-0.6078
2017-04-24,140.0,139.39,140.69,140.36,77305.0,139.82,0.9857
2017-04-25,141.33,140.96,142.22,141.89,56300.0,140.198,1.0901
2017-04-26,141.62,141.62,143.95,143.06,72211.0,140.828,0.8246
2017-04-27,142.72,141.4,142.85,142.41,84506.0,141.342,-0.4544
2017-04-28,142.49,141.5,142.49,142.17,185300.0,141.978,-0.1685
2017-05-01,142.67,141.31,142.67,141.9,49926.0,142.286,-0.1899
2017-05-02,141.52,140.72,142.08,141.31,67843.0,142.17,-0.4158
2017-05-03,136.7,136.15,140.24,139.11,114817.0,141.38,-1.5569
2017-05-04,139.33,139.19,140.56,140.38,86867.0,140.974,0.9129
2017-05-05,140.19,139.52,140.42,140.32,72922.0,140.604,-0.0427
2017-05-08,140.87,139.56,141.13,139.7,76657.0,140.164,-0.4418
2017-05-09,139.72,138.72,140.28,139.01,77385.0,139.704,-0.4939
2017-05-10,138.95,138.95,139.85,139.26,74438.0,139.734,0.1798
2017-05-11,138.25,137.76,138.77,138.07,84691.0,139.272,-0.8545
2017-05-12,137.66,136.77,138.355,136.91,57631.0,138.59,-0.8402
2017-05-15,137.22,136.63,137.75,136.67,68025.0,137.984,-0.1753
2017-05-16,136.38,135.62,136.78,135.86,106873.0,137.354,-0.5927
2017-05-17,134.94,134.08,135.94,135.51,54291.0,136.604,-0.2576
2017-05-18,135.51,135.51,137.44,136.77,90032.0,136.344,0.9298
2017-05-19,136.9,136.84,138.09,137.56,104223.0,136.474,0.5776
2017-05-22,137.85,137.26,138.58,138.31,86429.0,136.802,0.5452
2017-05-23,138.48,137.35,139.49,139.27,59679.0,137.484,0.6941
2017-05-24,139.68,139.48,140.48,140.18,70481.0,138.418,0.6534
2017-05-25,140.08,140.08,141.53,140.99,49860.0,139.262,0.5778
2017-05-26,140.87,140.69,141.51,141.18,34623.0,139.986,0.1348
2017-05-30,140.79,140.655,141.13,140.81,60128.0,140.486,-0.2621
2017-05-31,141.01,141.01,142.99,142.86,121404.0,141.204,1.4559
2017-06-01,143.36,142.65,144.81,144.7,82044.0,142.108,1.288
2017-06-02,144.81,143.23,145.02,144.25,57536.0,142.76,-0.311
2017-06-05,143.85,142.74,144.07,142.78,44986.0,143.08,-1.0191
2017-06-06,142.39,141.25,142.49,141.44,48179.0,143.206,-0.9385
2017-06-07,141.26,140.82,141.88,141.11,56957.0,142.856,-0.2333
2017-06-08,141.07,140.59,141.68,141.23,41152.0,142.162,0.085
2017-06-09,141.42,141.2,142.58,142.43,37961.0,141.798,0.8497
2017-06-12,141.96,140.46,142.84,140.59,109789.0,141.36,-1.2919
2017-06-13,140.51,139.97,140.75,140.3,66943.0,141.132,-0.2063
2017-06-14,140.37,139.93,140.83,140.65,44382.0,141.04,0.2495
2017-06-15,140.24,139.38,140.81,140.67,118453.0,140.928,0.0142
2017-06-16,140.93,140.13,141.98,141.94,167133.0,140.83,0.9028
2017-06-19,142.29,141.49,142.34,141.79,30021.0,141.07,-0.1057
2017-06-20,141.58,140.74,141.72,140.95,40664.0,141.2,-0.5924
2017-06-21,141.13,140.37,141.13,140.58,31373.0,141.186,-0.2625
2017-06-22,140.59,139.8,140.85,139.85,50414.0,141.022,-0.5193
2017-06-23,139.96,139.83,140.55,140.17,111757.0,140.668,0.2288
2017-06-26,140.46,139.95,140.95,140.31,23114.0,140.372,0.0999
2017-06-27,140.13,139.65,140.54,139.73,60953.0,140.128,-0.4134
2017-06-28,140.36,140.31,141.2,140.59,52142.0,140.13,0.6155
2017-06-29,140.94,139.98,140.94,140.27,51993.0,140.214,-0.2276
2017-06-30,140.36,138.88,140.36,139.05,65575.0,139.99,-0.8698
2017-07-03,139.88,139.3,142.62,141.27,76506.0,140.182,1.5965
2017-07-05,141.34,140.06,141.34,140.26,56862.0,140.288,-0.7149
2017-07-06,140.17,139.12,140.57,140.16,86814.0,140.202,-0.0713
2017-07-07,140.54,140.49,141.91,141.78,50886.0,140.504,1.1558
2017-07-10,141.41,140.81,142.09,140.92,72322.0,140.878,-0.6066
2017-07-11,140.98,139.93,141.03,140.54,49033.0,140.732,-0.2697
2017-07-12,141.21,140.71,141.27,140.88,44096.0,140.856,0.2419
2017-07-13,141.53,140.42,141.73,141.65,82560.0,141.154,0.5466
2017-07-14,141.15,140.79,141.86,141.26,43617.0,141.05,-0.2753
2017-07-17,141.28,140.59,141.78,141.16,51856.0,141.098,-0.0708
2017-07-18,140.75,140.56,141.47,141.11,51759.0,141.212,-0.0354
2017-07-19,141.57,141.11,142.0,141.79,51645.0,141.394,0.4819
2017-07-20,142.04,142.04,143.34,143.1,38981.0,141.684,0.9239
2017-07-21,143.28,142.9,145.01,145.01,79507.0,142.434,1.3347
2017-07-24,145.0,144.4,145.89,145.4,63065.0,143.282,0.2689
2017-07-25,146.06,144.59,146.77,146.08,142823.0,144.276,0.4677
2017-07-26,148.0,145.43,152.0,147.45,115090.0,145.408,0.9378
2017-07-27,147.42,142.795,147.42,143.03,96510.0,145.394,-2.9976
2017-07-28,141.88,141.73,145.43,144.94,91373.0,145.38,1.3354
2017-07-31,145.02,145.02,147.59,146.91,83070.0,145.682,1.3592
2017-08-01,147.6,146.83,148.5,148.25,75979.0,146.116,0.9121
2017-08-02,147.79,147.35,148.74,148.44,58919.0,146.314,0.1282
2017-08-03,147.93,147.55,148.64,148.22,44488.0,147.352,-0.1482
2017-08-04,148.63,147.62,148.63,147.87,30515.0,147.938,-0.2361
2017-08-07,147.81,146.83,147.81,147.51,76972.0,148.058,-0.2435
2017-08-08,147.43,147.34,148.69,148.48,61138.0,148.104,0.6576
2017-08-09,147.65,147.08,148.38,148.23,50775.0,148.062,-0.1684
2017-08-10,147.37,147.37,148.65,148.41,36730.0,148.1,0.1214
2017-08-11,147.81,147.62,148.47,147.98,44402.0,148.122,-0.2897
2017-08-14,148.85,147.76,148.85,148.2,70006.0,148.26,0.1487
2017-08-15,148.31,147.74,148.58,148.08,59948.0,148.18,-0.081
2017-08-16,148.62,147.83,148.79,147.94,52180.0,148.122,-0.0945
2017-08-17,147.69,145.72,148.07,146.26,45658.0,147.692,-1.1356
2017-08-18,146.1,145.51,146.29,145.54,77355.0,147.204,-0.4923
2017-08-21,145.54,144.64,146.08,145.43,55278.0,146.65,-0.0756
2017-08-22,145.52,145.43,146.75,146.69,48136.0,146.372,0.8664
2017-08-23,146.03,145.8,146.83,145.93,51807.0,145.97,-0.5181
2017-08-24,146.12,143.16,146.12,143.52,64655.0,145.422,-1.6515
2017-08-25,144.15,143.16,144.69,144.61,62912.0,145.236,0.7595
2017-08-28,144.12,141.51,144.12,142.01,123471.0,144.552,-1.7979
2017-08-29,141.29,141.02,141.84,141.38,64039.0,143.49,-0.4436
2017-08-30,141.36,141.0,141.9,141.24,53780.0,142.552,-0.099
2017-08-31,141.23,138.94,141.23,139.16,105804.0,141.68,-1.4727
2017-09-01,139.23,137.69,139.8,137.75,74706.0,140.308,-1.0132
2017-09-05,136.25,127.75,136.46,127.92,146691.0,137.49,-7.1361
2017-09-06,127.93,126.72,129.75,127.96,217489.0,134.806,0.0313
2017-09-07,128.16,120.55,128.16,123.88,207922.0,131.334,-3.1885
2017-09-08,123.84,123.25,131.0,129.0,213801.0,129.302,4.133
2017-09-11,133.56,133.56,139.61,134.96,234832.0,128.744,4.6202
2017-09-12,135.2,134.79,137.1,136.88,115188.0,130.536,1.4226
2017-09-13,136.72,135.33,137.37,136.93,129809.0,132.33,0.0365
2017-09-14,136.78,133.37,136.78,134.33,125806.0,134.42,-1.8988
2017-09-15,134.5,133.96,136.07,135.88,177689.0,135.796,1.1539
2017-09-18,136.11,133.6,136.11,133.73,91820.0,135.55,-1.5823
2017-09-19,134.4,130.82,134.4,130.99,130429.0,134.372,-2.0489
2017-09-20,131.21,129.05,131.21,130.38,243182.0,133.062,-0.4657
2017-09-21,130.72,130.72,133.22,132.41,100343.0,132.678,1.557
2017-09-22,131.91,131.58,132.76,132.08,80331.0,131.918,-0.2492
2017-09-25,131.91,130.87,132.64,131.93,105517.0,131.558,-0.1136
2017-09-26,131.3,129.0,132.38,131.04,130352.0,131.568,-0.6746
2017-09-27,131.93,131.81,133.67,133.12,129200.0,132.116,1.5873
2017-09-28,132.95,132.4,134.77,133.78,138251.0,132.39,0.4958
2017-09-29,133.78,133.78,136.71,135.14,230780.0,133.002,1.0166
2017-10-02,134.79,133.98,137.26,137.2,154083.0,134.056,1.5243
2017-10-03,136.55,136.15,138.22,138.2,148824.0,135.488,0.7289
2017-10-04,136.21,135.94,138.1,137.81,222678.0,136.426,-0.2822
2017-10-05,137.0,137.0,138.68,137.85,142085.0,137.24,0.029
2017-10-06,138.06,136.46,138.32,137.72,148407.0,137.756,-0.0943
2017-10-09,137.94,136.73,138.35,136.79,95899.0,137.674,-0.6753
2017-10-10,136.71,136.35,137.48,136.47,117920.0,137.328,-0.2339
2017-10-11,136.52,135.56,137.8,137.73,87639.0,137.312,0.9233
2017-10-12,138.04,137.42,139.06,138.84,121789.0,137.51,0.8059
2017-10-13,138.64,138.64,141.06,139.55,120398.0,137.876,0.5114
2017-10-16,139.67,138.12,140.26,138.21,99725.0,138.16,-0.9602
2017-10-17,138.01,137.71,139.02,138.92,84988.0,138.65,0.5137
2017-10-18,139.57,138.19,139.57,138.51,66357.0,138.806,-0.2951
2017-10-19,138.04,137.68,139.44,139.44,69078.0,138.926,0.6714
2017-10-20,140.15,139.26,140.885,139.49,151136.0,138.914,0.0359
2017-10-23,140.03,138.81,140.21,138.92,64286.0,139.056,-0.4086
2017-10-24,139.08,138.14,141.17,138.37,88946.0,138.946,-0.3959
2017-10-25,138.58,137.56,139.13,138.21,88740.0,138.886,-0.1156
2017-10-26,138.58,137.23,139.08,138.25,91760.0,138.648,0.0289
2017-10-27,138.21,137.09,139.14,138.87,80075.0,138.524,0.4485
2017-10-30,138.89,138.89,141.39,140.15,86147.0,138.77,0.9217
2017-10-31,140.89,138.295,140.97,138.36,189197.0,138.768,-1.2772
2017-11-01,135.23,134.51,137.35,136.08,164117.0,138.342,-1.6479
2017-11-02,137.22,133.1,138.71,135.07,161307.0,137.706,-0.7422
2017-11-03,135.3,135.3,139.81,139.37,168555.0,137.806,3.1835
2017-11-06,138.96,138.6,140.96,140.6,105917.0,137.896,0.8825
2017-11-07,140.41,139.09,141.77,139.09,86348.0,138.042,-1.074
2017-11-08,139.24,137.41,139.37,137.52,105153.0,138.33,-1.1288
2017-11-09,136.84,136.84,139.61,138.66,99098.0,139.048,0.829
2017-11-10,138.67,138.01,140.06,139.7,110910.0,139.114,0.75
2017-11-13,139.98,138.51,139.98,138.8,89580.0,138.754,-0.6442
2017-11-14,138.1,137.74,139.02,138.5,63182.0,138.636,-0.2161
2017-11-15,138.0,137.48,139.43,138.59,71116.0,138.85,0.065
2017-11-16,138.63,135.66,138.63,135.76,102057.0,138.27,-2.042
2017-11-17,135.69,135.37,136.64,136.24,75820.0,137.578,0.3536
2017-11-20,136.14,135.64,136.51,135.67,100137.0,136.952,-0.4184
2017-11-21,135.6,134.01,136.29,134.5,134260.0,136.152,-0.8624
2017-11-22,134.29,133.1,134.73,133.11,110106.0,135.056,-1.0335
2017-11-24,133.58,132.99,134.34,133.74,56214.0,134.652,0.4733
2017-11-27,133.59,133.59,136.71,135.34,94807.0,134.472,1.1964
2017-11-28,135.62,135.25,136.35,135.92,70822.0,134.522,0.4286
2017-11-29,135.92,135.59,137.12,136.44,111144.0,134.91,0.3826
2017-11-30,136.64,131.88,136.7,132.65,324789.0,134.818,-2.7778
2017-12-01,133.08,129.66,133.2,131.35,110892.0,134.34,-0.98
2017-12-04,132.32,131.61,133.02,131.86,132314.0,133.644,0.3883
2017-12-05,132.14,128.42,132.14,129.34,158784.0,132.328,-1.9111
2017-12-06,129.27,127.85,130.1,128.15,98018.0,130.67,-0.9201
2017-12-07,127.65,125.66,128.59,125.69,175940.0,129.278,-1.9196
2017-12-08,125.53,124.96,126.95,126.72,90655.0,128.352,0.8195
2017-12-11,126.34,125.69,126.83,126.71,82167.0,127.322,-0.0079
2017-12-12,126.72,126.32,128.55,128.0,158734.0,127.054,1.0181
2017-12-13,127.9,125.08,127.9,125.44,131847.0,126.512,-2.0
2017-12-14,125.62,123.86,126.01,124.42,160551.0,126.258,-0.8131
2017-12-15,124.53,124.53,127.77,127.6,269861.0,126.434,2.5559
2017-12-18,127.89,126.35,128.52,127.34,118555.0,126.56,-0.2038
2017-12-19,127.37,126.5,127.69,127.03,131662.0,126.366,-0.2434
2017-12-20,127.13,126.4,127.74,127.0,89065.0,126.678,-0.0236
2017-12-21,126.99,124.3,127.17,125.56,84014.0,126.906,-1.1339
2017-12-22,124.71,124.61,126.33,125.83,74912.0,126.552,0.215
2017-12-26,126.11,126.09,127.11,126.63,48662.0,126.41,0.6358
2017-12-27,126.67,125.78,126.73,126.26,74084.0,126.256,-0.2922
2017-12-28,126.4,125.81,126.8,126.47,65197.0,126.15,0.1663
2017-12-29,126.58,125.44,126.58,125.59,76679.0,126.156,-0.6958
2018-01-02,126.62,121.19,126.62,121.65,152914.0,125.32,-3.1372
2018-01-03,121.16,120.23,121.6,121.46,137115.0,124.286,-0.1562
2018-01-04,122.13,122.13,124.86,124.39,209343.0,123.912,2.4123
2018-01-05,124.95,123.26,124.95,123.98,71392.0,123.414,-0.3296
2018-01-08,123.49,121.1,123.49,121.16,132561.0,122.528,-2.2746
2018-01-09,120.79,117.97,121.38,118.11,203318.0,121.82,-2.5173
2018-01-10,118.58,116.5,118.75,116.61,123582.0,120.85,-1.27
2018-01-11,116.99,116.91,118.84,118.77,88315.0,119.726,1.8523
2018-01-12,119.4,118.41,120.92,120.51,146447.0,119.032,1.465
2018-01-16,120.96,120.65,122.89,121.93,147682.0,119.186,1.1783
2018-01-17,122.49,121.82,123.44,122.92,121302.0,120.148,0.8119
2018-01-18,122.77,120.68,122.77,121.26,98894.0,121.078,-1.3505
2018-01-19,121.7,121.41,122.95,122.85,76440.0,121.894,1.3112
2018-01-22,126.0,126.0,132.72,128.2,190193.0,123.432,4.3549
2018-01-23,128.05,127.4,130.21,130.16,169346.0,125.078,1.5289
2018-01-24,130.64,128.87,130.72,129.81,120975.0,126.456,-0.2689
2018-01-25,130.06,129.52,131.21,131.08,131664.0,128.42,0.9784
2018-01-26,131.34,128.85,131.34,129.31,107765.0,129.712,-1.3503
2018-01-29,128.96,128.54,129.27,128.93,142263.0,129.858,-0.2939
2018-01-30,128.25,127.7,128.93,127.78,186221.0,129.382,-0.892
2018-01-31,128.16,125.9,128.5,127.14,277971.0,128.848,-0.5009
2018-02-01,130.83,129.03,133.4,130.7,129969.0,128.772,2.8001
2018-02-02,130.06,129.44,131.04,129.9,102257.0,128.89,-0.6121
2018-02-05,129.57,127.7,130.57,128.47,152958.0,128.798,-1.1008
2018-02-06,127.1,126.24,129.56,129.39,158801.0,129.12,0.7161
2018-02-07,128.95,127.96,133.2,131.92,177031.0,130.076,1.9553
2018-02-08,132.41,127.815,132.92,127.85,116793.0,129.506,-3.0852
2018-02-09,128.66,128.66,130.41,129.61,150209.0,129.448,1.3766
2018-02-12,130.23,127.77,130.85,129.11,90862.0,129.576,-0.3858
2018-02-13,128.67,127.72,128.91,128.34,80737.0,129.366,-0.5964
2018-02-14,128.4,128.4,130.45,129.59,130381.0,128.9,0.974
2018-02-15,130.43,129.325,130.5,129.98,51365.0,129.326,0.3009
2018-02-16,129.8,129.64,131.58,131.29,195162.0,129.662,1.0078
2018-02-20,130.79,128.6,131.05,130.89,59968.0,130.018,-0.3047
2018-02-21,131.13,129.49,132.8,129.54,76503.0,130.258,-1.0314
2018-02-22,129.82,128.01,130.54,128.29,95153.0,129.998,-0.965
2018-02-23,128.96,128.68,129.95,129.85,49954.0,129.972,1.216
2018-02-26,129.81,129.63,130.7,130.42,50339.0,129.798,0.439
2018-02-27,130.36,128.72,131.04,129.16,73984.0,129.452,-0.9661
2018-02-28,129.48,128.28,130.75,128.28,99107.0,129.2,-0.6813
2018-03-01,128.63,126.32,128.8,127.29,94060.0,129.0,-0.7717
2018-03-02,126.33,126.14,127.51,126.29,92439.0,128.288,-0.7856
2018-03-05,128.94,128.94,136.71,135.75,124027.0,129.354,7.4907
2018-03-06,136.37,135.32,137.74,137.03,116978.0,130.928,0.9429
2018-03-07,136.38,135.39,136.74,136.14,99744.0,132.5,-0.6495
2018-03-08,136.57,134.55,136.57,135.3,97590.0,134.102,-0.617
2018-03-09,136.01,134.62,137.25,137.05,70000.0,136.254,1.2934
2018-03-12,137.35,136.16,137.85,136.54,67981.0,136.412,-0.3721
2018-03-13,136.76,136.17,137.49,137.13,61968.0,136.432,0.4321
2018-03-14,137.29,135.54,137.29,136.02,76934.0,136.408,-0.8095
2018-03-15,136.0,135.08,136.16,135.97,54737.0,136.542,-0.0368
2018-03-16,135.99,135.99,138.05,137.41,208650.0,136.614,1.0591
2018-03-19,137.64,136.89,138.65,138.2,88531.0,136.946,0.5749
2018-03-20,138.68,137.86,138.68,138.03,53620.0,137.126,-0.123
2018-03-21,138.2,138.09,139.73,138.79,61167.0,137.68,0.5506
2018-03-22,137.83,136.34,138.43,136.44,73854.0,137.774,-1.6932
2018-03-23,136.68,134.0,136.93,134.11,73122.0,137.114,-1.7077
2018-03-26,135.39,133.72,135.59,135.3,49215.0,136.534,0.8873
2018-03-27,135.59,133.51,135.65,133.97,77819.0,135.722,-0.983
2018-03-28,134.46,134.19,138.32,138.07,93039.0,135.578,3.0604
2018-03-29,138.61,137.26,138.76,138.51,69821.0,135.992,0.3187
2018-04-02,138.91,136.88,139.79,138.06,77033.0,136.782,-0.3249
2018-04-03,138.99,138.08,140.61,139.8,97586.0,137.682,1.2603
2018-04-04,138.69,137.62,139.47,139.27,106334.0,138.742,-0.3791
2018-04-05,140.07,138.45,140.1,139.31,45376.0,138.99,0.0287
2018-04-06,138.77,137.43,139.36,138.11,92214.0,138.91,-0.8614
2018-04-09,139.15,137.11,140.0,138.35,57532.0,138.968,0.1738
2018-04-10,139.74,137.21,139.74,137.52,56585.0,138.512,-0.5999
2018-04-11,137.57,137.41,138.86,138.2,72450.0,138.298,0.4945
2018-04-12,138.86,135.74,139.02,136.06,87120.0,137.648,-1.5485
2018-04-13,136.77,135.01,136.77,135.53,70172.0,137.132,-0.3895
2018-04-16,136.12,135.64,137.45,137.04,42654.0,136.87,1.1141
2018-04-17,137.77,136.09,137.93,136.53,53097.0,136.672,-0.3722
2018-04-18,136.75,135.6,137.52,135.85,54540.0,136.202,-0.4981
2018-04-19,135.31,135.21,137.08,136.73,71798.0,136.336,0.6478
2018-04-20,136.92,136.92,138.47,138.04,78356.0,136.838,0.9581
2018-04-23,138.4,136.59,138.92,136.82,42639.0,136.794,-0.8838
2018-04-24,136.69,136.08,138.13,136.62,75925.0,136.812,-0.1462
2018-04-25,136.75,136.17,137.18,136.76,61656.0,136.994,0.1025
2018-04-26,136.81,135.75,137.45,137.1,86675.0,137.068,0.2486
2018-04-27,137.07,137.07,139.01,137.68,62779.0,136.996,0.423
2018-04-30,137.66,135.94,137.72,136.04,267781.0,136.84,-1.1912
2018-05-01,135.85,134.98,136.22,135.52,87134.0,136.62,-0.3822
2018-05-02,139.25,128.88,139.25,129.35,121195.0,135.138,-4.5528
2018-05-03,127.96,124.43,128.16,125.49,121198.0,132.816,-2.9842
2018-05-04,125.74,124.83,127.96,127.33,74378.0,130.746,1.4663
2018-05-07,127.48,126.52,128.45,128.27,102553.0,129.192,0.7382
2018-05-08,128.26,126.77,128.26,127.45,78321.0,127.578,-0.6393
2018-05-09,127.52,126.53,127.68,127.31,73931.0,127.17,-0.1098
2018-05-10,127.66,127.2,128.22,127.89,59304.0,127.65,0.4556
2018-05-11,127.7,127.7,128.7,128.0,40113.0,127.784,0.086
2018-05-14,127.91,127.09,128.18,127.32,58631.0,127.594,-0.5313
2018-05-15,127.16,126.92,128.46,128.11,67755.0,127.726,0.6205
2018-05-16,128.01,127.89,128.93,128.63,53495.0,127.99,0.4059
2018-05-17,128.66,126.81,128.66,127.23,52684.0,127.858,-1.0884
2018-05-18,127.24,126.0,127.24,126.01,95963.0,127.46,-0.9589
2018-05-21,126.51,126.51,127.1,127.0,47355.0,127.396,0.7857
2018-05-22,126.98,126.19,127.59,127.05,60705.0,127.184,0.0394
2018-05-23,126.84,124.41,127.36,124.57,85124.0,126.372,-1.952
2018-05-24,123.73,122.81,124.29,123.75,102645.0,125.676,-0.6583
2018-05-25,123.11,123.11,125.0,124.87,73187.0,125.448,0.9051
2018-05-29,124.24,122.78,124.39,123.99,85002.0,124.846,-0.7047
2018-05-30,124.23,123.4,125.18,124.77,122158.0,124.39,0.6291
2018-05-31,124.54,122.65,124.54,122.77,295471.0,124.03,-1.6029
2018-06-01,123.88,122.34,123.93,123.14,65831.0,123.908,0.3014
2018-06-04,123.28,122.57,124.16,123.92,70431.0,123.718,0.6334
2018-06-05,123.94,123.3,124.78,124.15,94995.0,123.75,0.1856
2018-06-06,124.17,123.81,125.7,125.57,92066.0,123.91,1.1438
2018-06-07,126.07,125.96,127.54,126.78,97547.0,124.712,0.9636
2018-06-08,126.84,126.25,130.0,127.64,65174.0,125.612,0.6783
2018-06-11,127.71,126.37,128.25,126.52,53103.0,126.132,-0.8775
2018-06-12,126.45,123.4,127.04,124.01,108325.0,126.104,-1.9839
2018-06-13,123.77,123.75,125.45,123.88,95764.0,125.766,-0.1048
2018-06-14,123.98,123.08,124.28,123.95,91229.0,125.2,0.0565
2018-06-15,124.12,122.81,124.66,123.91,223596.0,124.454,-0.0323
2018-06-18,123.16,122.33,124.22,123.16,59961.0,123.782,-0.6053
2018-06-19,122.46,122.37,124.25,123.77,87442.0,123.734,0.4953
2018-06-20,123.88,123.6,125.24,124.31,72803.0,123.82,0.4363
2018-06-21,123.9,121.82,124.07,121.99,41152.0,123.428,-1.8663
2018-06-22,122.47,121.9,122.69,122.62,134978.0,123.17,0.5164
2018-06-25,122.56,122.36,123.95,123.36,58879.0,123.21,0.6035
2018-06-26,123.25,121.62,123.25,121.79,67401.0,122.814,-1.2727
2018-06-27,121.76,118.6,121.76,118.65,74489.0,121.682,-2.5782
2018-06-28,118.51,117.41,120.15,119.95,76724.0,121.274,1.0957
2018-06-29,120.34,119.72,121.79,120.32,87189.0,120.814,0.3085
2018-07-02,120.29,119.64,120.64,120.35,78951.0,120.212,0.0249
2018-07-03,120.8,119.7,120.92,120.05,56664.0,119.864,-0.2493
2018-07-05,120.52,119.68,121.32,121.2,144649.0,120.374,0.9579
2018-07-06,121.21,120.97,122.46,121.32,51190.0,120.648,0.099
2018-07-09,122.11,121.82,124.54,124.34,115581.0,121.452,2.4893
2018-07-10,124.77,124.04,124.84,124.75,55539.0,122.332,0.3297
2018-07-11,124.58,123.76,125.04,124.0,56659.0,123.122,-0.6012
2018-07-12,123.77,121.86,124.16,122.08,74041.0,123.298,-1.5484
2018-07-13,122.37,121.46,122.37,122.19,58603.0,123.472,0.0901
2018-07-16,122.63,121.77,123.43,123.22,50675.0,123.248,0.8429
2018-07-17,123.08,123.08,124.0,123.37,31972.0,122.972,0.1217
2018-07-18,123.51,123.51,124.84,124.67,50593.0,123.106,1.0537
2018-07-19,124.4,123.2,124.4,123.48,48666.0,123.386,-0.9545
2018-07-20,122.85,121.59,124.17,124.13,54471.0,123.774,0.5264
2018-07-23,123.85,122.75,123.93,123.67,26996.0,123.864,-0.3706
2018-07-24,123.75,123.65,124.87,124.07,60019.0,124.004,0.3234
2018-07-25,130.09,123.88,132.46,127.43,141705.0,124.556,2.7081
2018-07-26,128.15,127.22,130.98,130.91,69012.0,126.042,2.7309
2018-07-27,130.87,130.87,132.62,132.18,67265.0,127.652,0.9701
2018-07-30,132.02,132.0,133.9,132.05,49104.0,129.328,-0.0984
2018-07-31,132.25,131.41,132.25,131.85,234305.0,130.884,-0.1515
2018-08-01,131.5,131.16,132.5,131.82,64841.0,131.762,-0.0228
2018-08-02,131.4,131.11,131.94,131.64,98329.0,131.908,-0.1365
2018-08-03,131.67,130.59,131.67,131.33,92090.0,131.738,-0.2355
2018-08-06,131.14,129.86,131.39,130.1,73415.0,131.348,-0.9366
2018-08-07,130.18,128.84,130.18,128.92,82473.0,130.762,-0.907
2018-08-08,128.97,127.71,128.97,128.52,45179.0,130.102,-0.3103
2018-08-09,128.41,127.79,128.92,127.9,38232.0,129.354,-0.4824
2018-08-10,126.94,125.83,128.03,127.78,46209.0,128.644,-0.0938
2018-08-13,127.95,127.34,128.64,127.51,34874.0,128.126,-0.2113
2018-08-14,127.9,127.44,128.78,128.52,30847.0,128.046,0.7921
2018-08-15,128.49,128.49,130.8,129.33,40625.0,128.208,0.6303
2018-08-16,129.6,129.6,131.3,130.38,67419.0,128.704,0.8119
2018-08-17,130.27,130.27,131.61,131.3,31861.0,129.408,0.7056
2018-08-20,131.67,131.28,132.32,131.41,39459.0,130.188,0.0838
2018-08-21,131.24,130.71,131.88,131.58,34498.0,130.8,0.1294
2018-08-22,131.75,130.7,131.78,130.93,49053.0,131.12,-0.494
2018-08-23,131.02,130.09,131.19,130.94,19459.0,131.232,0.0076
2018-08-24,131.37,131.37,133.01,132.8,29376.0,131.532,1.4205
2018-08-27,132.92,132.25,133.75,132.98,38930.0,131.846,0.1355
2018-08-28,133.56,133.4,134.38,134.0,42674.0,132.33,0.767
2018-08-29,134.05,133.72,134.42,134.13,44497.0,132.97,0.097
2018-08-30,132.0,131.51,133.0,132.76,48860.0,133.334,-1.0214
2018-08-31,132.55,132.08,133.25,132.96,107909.0,133.366,0.1506
2018-09-04,132.97,131.55,133.21,132.26,43129.0,133.222,-0.5265
2018-09-05,132.03,132.03,133.82,132.51,71640.0,132.924,0.189
2018-09-06,132.9,130.99,133.43,131.06,111994.0,132.31,-1.0943
2018-09-07,131.05,125.61,131.05,125.84,91146.0,130.926,-3.9829
2018-09-10,126.12,124.76,126.26,125.86,86648.0,129.506,0.0159
2018-09-11,124.95,124.59,127.25,127.08,54695.0,128.47,0.9693
2018-09-12,127.16,126.8,128.49,127.87,74072.0,127.542,0.6217
2018-09-13,128.25,128.25,132.64,130.95,106874.0,127.52,2.4087
2018-09-14,130.82,130.82,132.92,132.74,66570.0,128.9,1.3669
2018-09-17,132.39,131.45,133.18,131.92,57560.0,130.112,-0.6177
2018-09-18,132.47,131.72,132.64,132.52,36753.0,131.2,0.4548
2018-09-19,132.84,132.84,134.69,134.18,61445.0,132.462,1.2526
2018-09-20,134.68,134.54,135.45,135.39,47887.0,133.35,0.9018
2018-09-21,135.38,135.0,136.04,135.43,185706.0,133.888,0.0295
2018-09-24,135.37,133.86,135.46,134.95,68760.0,134.494,-0.3544
2018-09-25,134.71,134.12,134.85,134.29,64528.0,134.848,-0.4891
2018-09-26,134.37,133.0,134.37,133.2,83054.0,134.652,-0.8117
2018-09-27,133.5,132.39,134.41,133.19,58398.0,134.212,-0.0075
2018-09-28,132.6,132.35,134.08,133.58,70808.0,133.842,0.2928
2018-10-01,133.7,132.2,134.45,132.43,44794.0,133.338,-0.8609
2018-10-02,141.0,138.02,141.42,138.9,212804.0,134.26,4.8856
2018-10-03,139.39,137.21,139.76,139.31,101050.0,135.482,0.2952
2018-10-04,139.0,137.53,139.44,139.22,69325.0,136.688,-0.0646
2018-10-05,139.33,139.33,140.64,139.55,45326.0,137.882,0.237
2018-10-08,139.1,138.53,140.36,138.71,80317.0,139.138,-0.6019
2018-10-09,138.05,137.96,139.05,138.65,50205.0,139.088,-0.0433
2018-10-10,138.0,135.12,138.0,135.72,136691.0,138.37,-2.1132
2018-10-11,135.36,132.91,136.17,133.11,96182.0,137.148,-1.9231
2018-10-12,134.51,129.37,134.51,131.57,97073.0,135.552,-1.1569
2018-10-15,131.36,131.36,132.83,131.49,86078.0,134.108,-0.0608
2018-10-16,131.93,130.76,132.42,132.38,50497.0,132.854,0.6769
2018-10-17,132.07,131.74,134.11,133.04,71308.0,132.318,0.4986
2018-10-18,132.23,129.46,132.31,129.62,93078.0,131.62,-2.5707
2018-10-19,129.27,128.38,132.57,132.34,76875.0,131.774,2.0984
2018-10-22,132.04,129.02,132.04,129.3,55992.0,131.336,-2.2971
2018-10-23,127.17,126.22,128.15,126.37,91225.0,130.134,-2.266
2018-10-24,125.9,125.37,128.0,127.0,64833.0,128.926,0.4985
2018-10-25,127.5,126.31,128.52,127.3,77344.0,128.462,0.2362
2018-10-26,126.59,125.25,127.46,126.15,92630.0,127.224,-0.9034
2018-10-29,126.95,124.7,127.62,125.3,54472.0,126.424,-0.6738
2018-10-30,125.52,125.52,128.65,128.37,72696.0,126.824,2.4501
2018-10-31,125.0,119.88,126.64,122.16,231985.0,125.856,-4.8376
2018-11-01,121.87,121.86,125.71,124.38,136603.0,125.272,1.8173
2018-11-02,124.78,121.53,124.8,124.13,90708.0,124.868,-0.201
2018-11-05,124.56,123.18,126.03,123.92,107991.0,124.592,-0.1692
2018-11-06,123.38,123.28,126.61,126.55,84011.0,124.228,2.1223
2018-11-07,127.36,127.36,129.95,129.22,105540.0,125.64,2.1098
2018-11-08,126.36,124.69,127.69,125.28,67756.0,125.82,-3.0491
2018-11-09,124.75,124.18,125.93,124.92,53717.0,125.978,-0.2874
2018-11-12,125.29,121.39,126.22,121.4,207998.0,125.474,-2.8178
2018-11-13,121.96,120.78,122.99,120.82,64510.0,124.328,-0.4778
2018-11-14,121.94,118.31,121.94,119.93,87145.0,122.47,-0.7366
2018-11-15,119.47,118.31,122.56,121.95,68594.0,121.804,1.6843
2018-11-16,121.14,121.14,124.26,123.85,120108.0,121.59,1.558
2018-11-19,123.47,123.47,126.12,125.89,116627.0,122.488,1.6472
2018-11-20,124.99,124.99,128.63,127.83,109073.0,123.89,1.541
2018-11-21,128.64,127.77,130.85,129.24,96971.0,125.752,1.103
2018-11-23,128.42,128.15,132.01,131.12,62673.0,127.586,1.4547
2018-11-26,131.92,130.41,133.12,130.86,75106.0,128.988,-0.1983
2018-11-27,130.57,128.24,130.98,128.97,102101.0,129.604,-1.4443
2018-11-28,129.32,128.31,130.67,130.1,79573.0,130.058,0.8762
2018-11-29,129.39,129.39,131.42,130.78,67821.0,130.366,0.5227
2018-11-30,130.88,130.88,133.3,132.61,192377.0,130.664,1.3993
2018-12-03,134.42,132.01,135.59,135.03,62765.0,131.498,1.8249
2018-12-04,134.86,133.75,136.0,133.95,85882.0,132.494,-0.7998
2018-12-06,132.61,131.1,133.93,133.85,110121.0,133.244,-0.0747
2018-12-07,133.38,133.38,139.67,139.2,140622.0,134.928,3.997
2018-12-10,140.55,139.38,141.65,140.67,135648.0,136.54,1.056
2018-12-11,141.27,136.49,141.96,136.82,103485.0,136.898,-2.7369
2018-12-12,137.51,135.97,138.77,136.16,126671.0,137.34,-0.4824
2018-12-13,135.94,133.67,136.5,134.34,87003.0,137.438,-1.3367
2018-12-14,133.09,132.95,134.94,133.65,90507.0,136.328,-0.5136
2018-12-17,133.65,132.34,135.31,132.35,89932.0,134.664,-0.9727
2018-12-18,132.45,131.61,135.65,134.0,99336.0,134.1,1.2467
2018-12-19,134.37,132.95,136.62,133.27,79932.0,133.522,-0.5448
2018-12-20,133.09,128.29,133.09,129.65,90779.0,132.584,-2.7163
2018-12-21,129.85,128.94,132.78,129.11,235605.0,131.676,-0.4165
2018-12-24,128.61,125.52,128.64,125.55,28884.0,130.316,-2.7573
2018-12-26,125.53,123.94,129.59,129.46,51414.0,129.408,3.1143
2018-12-27,127.78,126.99,130.91,130.8,55775.0,128.914,1.0351
2018-12-28,131.3,131.3,133.06,132.12,63298.0,129.408,1.0092
2018-12-31,132.3,132.24,133.76,133.7,97738.0,130.326,1.1959
2019-01-02,132.18,128.98,132.18,130.39,84061.0,131.294,-2.4757
2019-01-03,129.54,127.23,130.215,128.31,93455.0,131.064,-1.5952
2019-01-04,129.0,129.0,131.945,131.31,133686.0,131.166,2.3381
2019-01-07,130.82,129.14,131.22,129.28,82380.0,130.598,-1.546
2019-01-08,130.25,127.89,130.25,129.49,133453.0,129.756,0.1624
2019-01-09,128.14,128.14,130.78,129.83,121966.0,129.644,0.2626
2019-01-10,129.5,129.18,132.35,132.24,87846.0,130.43,1.8563
2019-01-11,132.14,130.65,132.59,131.72,66756.0,130.512,-0.3932
2019-01-14,131.64,131.43,132.86,131.75,51621.0,131.006,0.0228
2019-01-15,131.88,131.25,133.17,133.16,46193.0,131.74,1.0702
2019-01-16,131.02,131.02,133.0,131.5,80279.0,132.074,-1.2466
2019-01-17,131.2,131.2,132.8,132.75,99916.0,132.176,0.9506
2019-01-18,133.42,132.35,133.42,132.95,50435.0,132.422,0.1507
2019-01-22,132.95,132.25,133.14,132.58,56509.0,132.588,-0.2783
2019-01-23,133.0,132.36,133.08,132.73,57851.0,132.502,0.1131
2019-01-24,132.71,132.55,133.77,133.37,55545.0,132.876,0.4822
2019-01-25,133.63,132.22,133.68,133.05,58190.0,132.936,-0.2399
2019-01-28,132.5,132.5,133.93,133.41,38543.0,133.028,0.2706
2019-01-29,133.59,133.34,134.61,133.5,65711.0,133.212,0.0675
2019-01-30,135.5,135.5,139.78,138.56,106505.0,134.378,3.7903
2019-01-31,138.47,135.65,138.71,138.03,233300.0,135.31,-0.3825
2019-02-01,138.52,137.68,139.03,138.56,77564.0,136.412,0.384
2019-02-04,138.46,137.72,139.53,139.47,82279.0,137.624,0.6568
2019-02-05,139.5,139.27,141.72,141.52,86607.0,139.228,1.4699
2019-02-06,141.5,140.61,141.77,141.62,53938.0,139.84,0.0707
2019-02-07,141.06,140.83,142.75,142.65,61790.0,140.764,0.7273
2019-02-08,142.25,140.95,142.66,142.42,58115.0,141.536,-0.1612
2019-02-11,143.5,141.89,143.72,143.4,71430.0,142.322,0.6881
2019-02-12,143.97,142.69,144.38,143.35,63814.0,142.688,-0.0349
2019-02-13,143.85,142.945,144.86,143.79,65268.0,143.122,0.3069
2019-02-14,143.3,142.42,144.24,142.56,90898.0,143.104,-0.8554
2019-02-15,143.66,141.81,143.9,142.17,313798.0,143.054,-0.2736
2019-02-19,142.18,142.18,144.53,144.14,76312.0,143.202,1.3857
2019-02-20,144.43,144.09,145.77,145.15,62029.0,143.562,0.7007
2019-02-21,145.26,144.68,146.06,144.99,42511.0,143.802,-0.1102
2019-02-22,145.48,144.4,145.48,145.08,63521.0,144.306,0.0621
2019-02-25,145.23,144.54,145.91,145.76,79797.0,145.024,0.4687
2019-02-26,145.52,145.3,146.42,145.67,50145.0,145.33,-0.0617
2019-02-27,145.05,144.94,146.18,145.94,36750.0,145.488,0.1854
2019-02-28,146.04,145.48,147.58,147.05,76499.0,145.9,0.7606
2019-03-01,147.85,145.17,147.85,146.1,65787.0,146.104,-0.646
2019-03-04,146.12,143.68,146.82,144.93,56140.0,145.938,-0.8008
2019-03-05,144.84,144.44,146.61,145.48,106889.0,145.9,0.3795
2019-03-06,145.46,144.48,146.17,144.71,42672.0,145.654,-0.5293
2019-03-07,144.26,142.07,144.26,142.11,54038.0,144.666,-1.7967
2019-03-08,141.19,141.19,143.0,142.67,42942.0,143.98,0.3941
2019-03-11,143.09,142.97,144.85,144.78,50521.0,143.95,1.4789
2019-03-12,144.76,144.02,145.35,144.6,39168.0,143.774,-0.1243
2019-03-13,144.91,144.91,147.01,145.31,106093.0,143.894,0.491
2019-03-14,145.14,144.76,146.55,146.29,80486.0,144.73,0.6744
2019-03-15,146.29,146.17,147.96,146.62,425290.0,145.52,0.2256
2019-03-18,146.74,145.49,147.14,146.03,101426.0,145.77,-0.4024
2019-03-19,146.64,144.36,146.64,144.74,75022.0,145.798,-0.8834
2019-03-20,144.71,141.88,144.71,142.23,56702.0,145.182,-1.7341
2019-03-21,141.29,141.29,144.27,143.91,73201.0,144.706,1.1812
2019-03-22,143.33,143.19,144.52,143.31,36383.0,144.044,-0.4169
2019-03-25,143.46,143.22,144.19,144.1,53705.0,143.658,0.5513
2019-03-26,144.81,143.38,144.96,143.88,60261.0,143.486,-0.1527
2019-03-27,143.75,142.56,144.43,142.63,49933.0,143.566,-0.8688
2019-03-28,142.5,141.02,142.96,142.5,53052.0,143.284,-0.0911
2019-03-29,143.42,142.7,143.5,143.5,83613.0,143.322,0.7018
2019-04-01,144.33,143.5,144.87,144.72,61527.0,143.446,0.8502
2019-04-02,144.86,143.09,144.86,143.25,71957.0,143.32,-1.0158
2019-04-03,143.98,142.52,143.98,143.28,135343.0,143.45,0.0209
2019-04-04,143.57,142.73,143.94,143.38,85837.0,143.626,0.0698
2019-04-05,143.7,143.02,144.08,143.47,115538.0,143.62,0.0628
2019-04-08,143.33,143.17,144.79,143.89,67983.0,143.454,0.2927
2019-04-09,143.78,142.29,143.96,142.99,56431.0,143.402,-0.6255
2019-04-10,143.66,143.63,145.71,145.52,75264.0,143.85,1.7694
2019-04-11,146.06,145.87,149.78,149.5,92001.0,145.074,2.735
2019-04-12,150.34,149.87,152.27,152.2,83721.0,146.82,1.806
2019-04-15,152.5,151.12,152.65,152.23,46704.0,148.488,0.0197
2019-04-16,152.71,152.71,155.055,154.35,76158.0,150.76,1.3926
2019-04-17,154.09,152.49,154.27,153.03,48763.0,152.262,-0.8552
2019-04-18,153.2,152.59,153.62,152.98,38515.0,152.958,-0.0327
2019-04-22,152.62,151.18,152.72,151.57,61281.0,152.832,-0.9217
2019-04-23,151.5,151.15,152.4,151.68,80222.0,152.722,0.0726
2019-04-24,151.67,151.67,152.73,151.87,55174.0,152.226,0.1253
2019-04-25,151.65,150.07,151.75,151.46,32597.0,151.912,-0.27
2019-04-26,151.02,150.22,152.7,152.7,34139.0,151.856,0.8187
2019-04-29,152.87,152.41,153.785,153.1,34348.0,152.162,0.262
2019-04-30,153.29,152.77,155.67,155.36,77581.0,152.898,1.4762
2019-05-01,155.47,155.47,157.97,156.02,70114.0,153.728,0.4248
2019-05-02,155.81,154.82,156.98,155.53,52281.0,154.542,-0.3141
2019-05-03,155.88,154.99,156.45,155.16,39937.0,155.034,-0.2379
2019-05-06,153.33,153.02,155.24,154.75,52698.0,155.364,-0.2642
2019-05-07,154.08,153.25,155.49,155.49,64420.0,155.39,0.4782
2019-05-08,157.0,155.55,163.31,161.35,98941.0,156.456,3.7687
2019-05-09,161.63,161.29,163.31,161.72,73420.0,157.694,0.2293
2019-05-10,161.76,161.76,166.03,165.94,64348.0,159.85,2.6094
2019-05-13,164.13,163.92,165.59,164.29,83420.0,161.758,-0.9943
2019-05-14,165.43,164.52,167.51,167.01,77531.0,164.062,1.6556
2019-05-15,166.0,164.39,167.71,166.95,82931.0,165.182,-0.0359
2019-05-16,167.32,167.32,170.55,170.44,75832.0,166.926,2.0904
2019-05-17,169.55,168.97,170.73,169.52,68019.0,167.642,-0.5398
2019-05-20,169.41,169.41,171.02,170.2,48209.0,168.824,0.4011
2019-05-21,170.99,169.44,171.74,170.15,92081.0,169.452,-0.0294
2019-05-22,170.26,169.96,171.32,170.97,63082.0,170.256,0.4819
2019-05-23,169.75,169.02,171.13,171.01,94699.0,170.37,0.0234
2019-05-24,171.5,171.5,173.86,173.52,59469.0,171.17,1.4678
2019-05-28,174.0,173.05,175.47,173.69,203641.0,171.868,0.098
2019-05-29,173.84,171.63,174.03,173.91,81115.0,172.62,0.1267
2019-05-30,174.17,172.41,175.37,172.67,54550.0,172.96,-0.713
2019-05-31,171.49,171.49,175.1,174.44,115615.0,173.646,1.0251
2019-06-03,174.46,173.95,178.76,178.62,119334.0,174.666,2.3962
2019-06-04,177.72,174.7,178.4,176.1,85608.0,175.148,-1.4108
2019-06-05,175.6,175.59,178.89,178.78,111268.0,176.122,1.5219
2019-06-06,178.6,176.73,179.42,177.2,90346.0,177.028,-0.8838
2019-06-07,177.29,174.75,178.35,176.35,119389.0,177.41,-0.4797
2019-06-10,176.64,175.52,177.34,175.89,107018.0,176.864,-0.2608
2019-06-11,176.71,174.04,176.71,175.02,60315.0,176.648,-0.4946
2019-06-12,175.16,174.97,177.02,176.44,53820.0,176.18,0.8113
2019-06-13,176.6,175.77,177.94,177.12,77835.0,176.164,0.3854
2019-06-14,177.5,177.24,178.95,178.67,57036.0,176.628,0.8751
2019-06-17,178.75,177.64,179.36,177.76,93050.0,177.002,-0.5093
2019-06-18,178.78,178.71,180.42,180.02,67060.0,178.002,1.2714
2019-06-19,180.42,180.41,182.06,181.65,71248.0,179.044,0.9055
2019-06-20,182.27,181.71,184.09,182.93,76735.0,180.206,0.7047
2019-06-21,182.0,181.51,184.145,181.94,355216.0,180.86,-0.5412
2019-06-24,182.67,181.39,185.28,182.27,87834.0,181.762,0.1814
2019-06-25,182.77,179.6,183.43,180.0,148592.0,181.758,-1.2454
2019-06-26,180.7,175.99,180.7,176.24,109549.0,180.676,-2.0889
2019-06-27,176.6,174.79,176.6,176.55,108338.0,179.4,0.1759
2019-06-28,177.34,176.73,179.39,178.01,352617.0,178.614,0.827
2019-07-01,179.16,179.14,182.89,182.78,103686.0,178.716,2.6796
2019-07-02,182.82,181.48,184.99,182.12,85411.0,179.14,-0.3611
2019-07-03,183.25,182.68,184.07,183.78,85852.0,180.648,0.9115
2019-07-05,183.7,181.62,184.05,183.18,114412.0,181.974,-0.3265
2019-07-08,182.89,182.6,184.53,184.46,84380.0,183.264,0.6988
2019-07-09,184.11,183.65,184.87,184.73,149260.0,183.654,0.1464
2019-07-10,184.65,183.87,186.75,184.31,97653.0,184.092,-0.2274
2019-07-11,184.47,183.17,185.28,183.88,101368.0,184.112,-0.2333
2019-07-12,183.63,182.04,184.27,183.95,66788.0,184.266,0.0381
2019-07-15,184.81,184.61,187.54,187.35,121545.0,184.844,1.8483
2019-07-16,186.57,184.32,187.27,185.35,93948.0,184.968,-1.0675
2019-07-17,184.57,183.24,184.86,183.64,75773.0,184.834,-0.9226
2019-07-18,183.9,181.0,183.9,182.24,78347.0,184.506,-0.7624
2019-07-19,182.52,180.0,182.52,180.12,101553.0,183.74,-1.1633
2019-07-22,180.44,177.79,180.44,178.01,152042.0,181.872,-1.1714
2019-07-23,178.7,174.91,178.83,178.21,107463.0,180.444,0.1124
2019-07-24,189.0,179.45,189.0,180.0,234220.0,179.716,1.0044
2019-07-25,180.49,179.1,184.75,183.66,110863.0,180.0,2.0333
2019-07-26,183.93,182.73,186.4,186.19,71816.0,181.214,1.3775
2019-07-29,186.8,183.23,187.32,184.61,85444.0,182.534,-0.8486
2019-07-30,184.36,181.05,185.46,181.96,131494.0,183.284,-1.4355
2019-07-31,182.13,179.89,183.03,181.15,325608.0,183.514,-0.4452
2019-08-01,180.97,180.2,183.25,181.83,108736.0,183.148,0.3754
2019-08-02,182.33,181.4,183.54,182.54,80322.0,182.418,0.3905
2019-08-05,180.83,178.56,182.69,179.44,92121.0,181.384,-1.6983
2019-08-06,179.58,178.93,183.33,183.29,71587.0,181.65,2.1456
2019-08-07,182.92,181.76,186.51,185.69,93507.0,182.558,1.3094
2019-08-08,186.73,186.64,189.97,189.71,169242.0,184.134,2.1649
2019-08-09,189.29,187.8,190.1,189.46,81543.0,185.518,-0.1318
2019-08-12,189.46,187.61,190.77,187.74,69038.0,187.178,-0.9078
2019-08-13,187.24,187.24,190.9,190.79,68730.0,188.678,1.6246
2019-08-14,189.38,185.44,190.27,185.54,117157.0,188.648,-2.7517
2019-08-15,185.78,184.79,188.08,187.84,61135.0,188.274,1.2396
2019-08-16,188.45,188.01,190.31,189.73,89604.0,188.328,1.0062
2019-08-19,190.38,188.2,190.89,189.78,61949.0,188.736,0.0264
2019-08-20,189.67,188.0,189.67,188.32,66034.0,188.242,-0.7693
2019-08-21,188.93,188.11,189.2,188.35,73265.0,188.804,0.0159
2019-08-22,188.85,186.64,189.29,188.23,67846.0,188.882,-0.0637
2019-08-23,187.74,184.22,189.06,184.92,94782.0,187.92,-1.7585
2019-08-26,186.14,184.41,187.61,187.5,69343.0,187.464,1.3952
2019-08-27,188.12,185.69,189.12,186.44,137205.0,187.088,-0.5653
2019-08-28,185.65,179.49,186.03,181.82,66346.0,185.782,-2.478
2019-08-29,182.37,177.94,182.37,181.19,93225.0,184.374,-0.3465
2019-08-30,181.44,176.8,181.44,180.55,147753.0,183.5,-0.3532
2019-09-03,183.18,183.18,188.03,186.27,138842.0,183.254,3.1681
2019-09-04,186.3,185.85,191.05,190.8,117387.0,184.126,2.432
2019-09-05,192.15,187.63,193.34,188.1,129101.0,185.382,-1.4151
2019-09-06,187.79,187.79,190.53,188.42,100279.0,186.828,0.1701
2019-09-09,189.17,187.69,189.94,189.64,97251.0,188.646,0.6475
2019-09-10,190.12,185.38,190.12,188.58,117669.0,189.108,-0.559
2019-09-11,188.28,187.29,189.79,189.72,71309.0,188.892,0.6045
2019-09-12,189.47,186.26,189.81,187.3,61692.0,188.732,-1.2756
2019-09-13,187.73,185.83,187.73,186.46,80974.0,188.34,-0.4485
2019-09-16,185.85,183.74,186.15,185.48,59299.0,187.508,-0.5256
2019-09-17,185.21,185.21,190.56,189.98,95795.0,187.788,2.4261
2019-09-18,189.58,188.28,190.41,189.91,69339.0,187.826,-0.0368
2019-09-19,189.58,189.41,190.96,189.87,68505.0,188.34,-0.0211
2019-09-20,189.99,188.8,191.36,190.48,353469.0,189.144,0.3213
2019-09-23,189.68,189.68,192.61,192.11,92394.0,190.47,0.8557
2019-09-24,192.33,191.12,194.13,192.26,123459.0,190.926,0.0781
2019-09-25,192.07,190.09,192.21,191.73,95083.0,191.29,-0.2757
2019-09-26,191.94,191.8,194.25,193.58,66529.0,192.032,0.9649
2019-09-27,194.82,190.69,195.12,191.44,68913.0,192.224,-1.1055
2019-09-30,191.5,190.99,194.29,193.45,66436.0,192.492,1.0499
2019-10-01,193.89,191.85,195.01,191.92,69995.0,192.424,-0.7909
2019-10-02,191.92,186.28,192.01,187.97,115887.0,191.672,-2.0581
2019-10-03,187.47,186.85,189.44,189.19,69364.0,190.794,0.649
2019-10-04,189.31,189.31,194.47,194.18,80415.0,191.342,2.6376
2019-10-07,194.2,192.26,194.56,193.06,142855.0,191.264,-0.5768
2019-10-08,192.03,187.81,192.03,187.84,65652.0,190.448,-2.7038
2019-10-09,188.86,188.56,190.35,189.69,50235.0,190.792,0.9849
2019-10-10,189.66,188.78,191.32,189.31,53254.0,190.816,-0.2003
2019-10-11,190.31,189.52,191.81,190.84,50108.0,190.148,0.8082
2019-10-14,190.48,189.51,191.75,191.6,46392.0,189.856,0.3982
2019-10-15,191.8,190.84,193.78,191.16,73231.0,190.52,-0.2296
2019-10-16,188.5,187.43,190.64,190.27,64649.0,190.636,-0.4656
2019-10-17,190.77,189.95,191.8,189.97,54280.0,190.768,-0.1577
2019-10-18,189.97,189.05,190.29,189.31,64618.0,190.462,-0.3474
2019-10-21,193.79,189.36,194.42,189.69,82520.0,190.08,0.2007
2019-10-22,189.39,186.22,189.45,186.28,60950.0,189.104,-1.7977
2019-10-23,186.21,185.59,187.64,186.55,55336.0,188.36,0.1449
2019-10-24,186.69,184.22,186.69,185.46,54662.0,187.458,-0.5843
2019-10-25,185.14,182.9,185.98,183.72,55188.0,186.34,-0.9382
2019-10-28,184.12,182.05,184.98,182.78,60388.0,184.958,-0.5116
2019-10-29,182.6,182.6,188.49,186.77,69451.0,185.056,2.183
2019-10-30,186.6,181.41,187.3,185.42,91376.0,184.83,-0.7228
2019-10-31,184.5,183.7,187.52,187.18,125354.0,185.174,0.9492
2019-11-01,188.31,184.57,188.55,186.79,71635.0,185.788,-0.2084
2019-11-04,187.0,185.71,189.31,186.05,86947.0,186.442,-0.3962
2019-11-05,186.0,182.91,187.31,183.94,84658.0,185.876,-1.1341
2019-11-06,183.3,183.3,186.47,186.22,66195.0,186.036,1.2395
2019-11-07,186.03,183.92,186.33,184.36,75341.0,185.472,-0.9988
2019-11-08,184.29,184.24,185.85,184.59,46075.0,185.032,0.1248
2019-11-11,183.65,183.65,186.32,185.27,34683.0,184.876,0.3684
2019-11-12,184.51,183.3,185.46,184.57,54739.0,185.002,-0.3778
2019-11-13,183.55,183.5,186.55,185.21,47577.0,184.8,0.3468
2019-11-14,185.38,183.57,185.48,184.88,57649.0,184.904,-0.1782
2019-11-15,184.75,183.2,184.96,183.56,76554.0,184.698,-0.714
2019-11-18,183.46,182.85,185.1,184.68,81710.0,184.58,0.6102
2019-11-19,184.6,184.27,187.08,186.8,95713.0,185.026,1.1479
2019-11-20,186.23,186.23,189.46,188.5,100917.0,185.684,0.9101
2019-11-21,188.63,184.42,188.63,184.49,75807.0,185.606,-2.1273
2019-11-22,184.43,183.045,185.85,185.48,59486.0,185.99,0.5366
2019-11-25,183.17,183.17,187.21,184.28,79812.0,185.91,-0.647
2019-11-26,184.49,184.49,189.05,189.04,198973.0,186.358,2.583
2019-11-27,188.82,188.33,191.73,191.2,99226.0,186.898,1.1426
2019-11-29,191.16,188.33,191.98,188.33,51563.0,187.666,-1.501
2019-12-02,188.7,186.45,188.7,187.43,64577.0,188.056,-0.4779
2019-12-03,186.93,184.33,187.07,185.72,59307.0,188.344,-0.9123
2019-12-04,185.08,185.08,189.36,188.18,81498.0,188.172,1.3246
2019-12-05,188.25,187.33,189.5,187.94,67492.0,187.52,-0.1275
2019-12-06,188.64,187.76,189.91,188.72,79295.0,187.598,0.415
2019-12-09,188.72,188.13,192.88,192.59,63835.0,188.63,2.0507
2019-12-10,192.24,190.89,192.24,191.27,48335.0,189.74,-0.6854
2019-12-11,190.47,190.37,192.83,192.79,79007.0,190.662,0.7947
2019-12-12,192.38,192.38,196.23,196.11,83753.0,192.296,1.7221
2019-12-13,195.33,193.88,195.7,194.8,54097.0,193.512,-0.668
2019-12-16,196.75,195.58,199.26,197.69,94384.0,194.532,1.4836
2019-12-17,198.05,198.05,201.08,200.82,91023.0,196.442,1.5833
2019-12-18,201.23,197.48,201.23,197.98,56851.0,197.48,-1.4142
2019-12-19,198.23,196.92,198.32,197.79,83827.0,197.816,-0.096
2019-12-20,199.0,198.69,201.02,198.81,534866.0,198.618,0.5157
2019-12-23,199.15,193.45,199.15,193.58,64706.0,197.796,-2.6307
2019-12-24,193.44,192.87,194.0,193.2,29996.0,196.272,-0.1963
2019-12-26,193.53,192.84,194.37,193.64,43456.0,195.404,0.2277
2019-12-27,193.83,193.83,195.86,195.65,41618.0,194.976,1.038
2019-12-30,195.71,195.05,196.81,196.56,40483.0,194.526,0.4651
2019-12-31,196.76,195.86,197.37,196.02,99300.0,195.014,-0.2747
2020-01-02,196.96,193.76,197.07,195.19,113021.0,195.412,-0.4234
2020-01-03,193.73,193.73,196.08,195.25,66000.0,195.734,0.0307
2020-01-06,194.37,191.83,194.37,192.01,90876.0,195.006,-1.6594
2020-01-07,186.6,186.39,189.1,187.91,322685.0,193.276,-2.1353
2020-01-08,188.37,188.37,190.3,189.83,209576.0,192.038,1.0218
2020-01-09,190.35,189.23,191.68,191.59,116759.0,191.318,0.9271
2020-01-10,191.72,187.95,192.0,189.11,107311.0,190.09,-1.2944
2020-01-13,189.25,189.19,191.18,190.24,61062.0,189.736,0.5975
2020-01-14,189.82,187.91,190.3,188.8,78901.0,189.914,-0.7569
2020-01-15,188.89,188.31,191.6,191.12,100562.0,190.172,1.2288
2020-01-16,192.0,191.66,194.52,193.03,97731.0,190.46,0.9994
2020-01-17,193.03,192.59,193.99,193.22,62309.0,191.282,0.0984
2020-01-21,192.81,191.23,193.42,192.34,66524.0,191.702,-0.4554
2020-01-22,192.72,191.38,193.38,192.27,87833.0,192.396,-0.0364
2020-01-23,191.3,190.27,193.03,192.5,107919.0,192.672,0.1196
2020-01-24,192.76,189.32,193.3,190.09,75405.0,192.084,-1.2519
2020-01-27,187.95,187.7,190.29,188.2,101344.0,191.08,-0.9943
2020-01-28,188.7,188.7,191.28,189.94,75415.0,190.6,0.9245
2020-01-29,190.02,188.68,190.92,188.72,59553.0,189.89,-0.6423
2020-01-30,187.92,187.92,193.2,193.03,71682.0,189.996,2.2838
2020-01-31,192.12,189.15,193.01,189.44,138852.0,189.866,-1.8598
2020-02-03,189.81,189.81,193.84,191.58,122509.0,190.542,1.1296
2020-02-04,193.36,193.03,195.35,193.81,55907.0,191.316,1.164
2020-02-05,189.87,189.08,198.15,194.05,127176.0,192.382,0.1238
2020-02-06,195.09,195.0,198.36,196.34,103516.0,193.044,1.1801
2020-02-07,196.02,196.02,200.1,197.72,72315.0,194.7,0.7029
2020-02-10,197.99,196.15,199.88,199.42,103295.0,196.268,0.8598
2020-02-11,200.0,197.9,202.4,202.18,93667.0,197.942,1.384
2020-02-12,202.68,198.16,202.68,198.68,83223.0,198.868,-1.7311
2020-02-13,198.41,198.39,201.3,200.85,56376.0,199.77,1.0922
2020-02-14,200.93,198.0,200.93,198.18,70361.0,199.862,-1.3294
2020-02-18,197.86,196.39,198.58,198.5,53930.0,199.678,0.1615
2020-02-19,199.07,196.83,199.53,198.76,72508.0,198.994,0.131
2020-02-20,198.47,194.95,198.47,196.77,38438.0,198.612,-1.0012
2020-02-21,196.34,196.19,198.71,198.29,81767.0,198.1,0.7725
2020-02-24,194.84,192.16,196.54,192.64,101761.0,196.992,-2.8494
2020-02-25,192.74,188.0,192.74,188.2,75863.0,194.932,-2.3048
2020-02-26,189.51,187.36,191.91,188.4,83804.0,192.86,0.1063
2020-02-27,186.41,179.29,187.75,179.35,121761.0,189.376,-4.8036
2020-02-28,175.08,168.9,175.85,170.4,313107.0,183.798,-4.9902
2020-03-02,170.84,170.84,181.78,181.67,187963.0,181.604,6.6138
2020-03-03,181.09,175.86,183.01,176.35,118105.0,179.234,-2.9284
2020-03-04,178.83,177.45,183.94,183.72,93405.0,178.298,4.1792
2020-03-05,179.18,174.64,179.44,175.76,154997.0,177.58,-4.3327
2020-03-06,169.91,167.55,175.43,175.36,148683.0,178.572,-0.2276
2020-03-09,165.0,157.83,165.25,162.13,132093.0,174.664,-7.5445
2020-03-10,167.02,157.77,168.3,164.35,172276.0,172.264,1.3693
2020-03-11,159.42,154.84,161.43,155.96,135864.0,166.712,-5.105
2020-03-12,145.5,142.23,153.03,144.69,245164.0,160.498,-7.2262
2020-03-13,151.79,143.81,155.37,155.08,243569.0,156.442,7.1809
2020-03-16,142.33,136.11,144.58,136.63,130069.0,151.342,-11.8971
2020-03-17,139.71,134.98,144.53,143.67,175927.0,147.206,5.1526
2020-03-18,135.34,114.18,137.1,119.71,186129.0,139.956,-16.6771
2020-03-19,118.44,114.62,130.06,125.11,184239.0,136.04,4.5109
2020-03-20,124.95,120.74,134.12,129.3,224940.0,130.884,3.3491
2020-03-23,129.45,121.32,134.35,131.97,230310.0,129.952,2.065
2020-03-24,137.74,134.46,141.75,136.9,146642.0,128.598,3.7357
2020-03-25,137.37,129.3,141.45,135.88,149936.0,131.832,-0.7451
2020-03-26,137.5,136.01,148.93,148.93,181588.0,136.596,9.6041
2020-03-27,143.71,141.32,155.68,149.21,247816.0,140.578,0.188
2020-03-30,149.65,145.14,152.5,152.11,82917.0,144.606,1.9436
2020-03-31,150.51,146.745,151.58,149.32,298571.0,147.09,-1.8342
2020-04-01,144.08,142.55,148.875,146.5,118406.0,149.214,-1.8886
2020-04-02,145.36,145.36,151.97,146.98,114593.0,148.824,0.3276
2020-04-03,146.15,140.03,147.04,141.59,151185.0,147.3,-3.6672
2020-04-06,148.48,147.5,153.06,150.81,119820.0,147.04,6.5118
2020-04-07,155.56,154.23,161.87,154.85,151216.0,148.146,2.6789
2020-04-08,155.88,152.55,159.99,158.99,74357.0,150.644,2.6736
2020-04-09,161.37,161.37,167.04,164.74,86950.0,154.196,3.6166
2020-04-13,163.85,159.79,164.06,161.26,85215.0,158.13,-2.1124
2020-04-14,164.51,161.17,166.73,164.03,89082.0,160.774,1.7177
2020-04-15,160.2,158.44,161.77,159.1,108216.0,161.624,-3.0055
2020-04-16,158.73,155.08,158.73,156.57,116517.0,161.14,-1.5902
2020-04-17,161.29,155.3,161.29,157.29,85763.0,159.65,0.4599
2020-04-20,155.18,152.02,155.18,153.46,79646.0,158.09,-2.435
2020-04-21,150.52,147.75,151.46,148.34,113544.0,154.952,-3.3364
2020-04-22,151.54,146.54,151.77,148.49,101885.0,152.83,0.1011
2020-04-23,150.18,144.36,150.18,144.39,138727.0,150.394,-2.7611
2020-04-24,146.61,139.85,146.61,141.13,222706.0,147.162,-2.2578
2020-04-27,142.2,142.2,149.66,148.65,115056.0,146.2,5.3284
2020-04-28,152.48,148.62,154.27,149.13,101601.0,146.358,0.3229
2020-04-29,152.69,150.57,153.79,151.7,45490.0,147.0,1.7233
2020-04-30,149.97,146.01,149.97,146.01,139410.0,147.324,-3.7508
2020-05-01,142.56,140.2,143.98,140.92,81985.0,147.282,-3.4861
2020-05-04,140.03,137.9,142.51,141.97,95158.0,145.946,0.7451
2020-05-05,142.2,142.2,146.45,144.49,73863.0,145.018,1.775
2020-05-06,145.09,140.74,145.58,141.37,70470.0,142.952,-2.1593
2020-05-07,142.0,141.95,154.18,149.64,188164.0,143.678,5.8499
2020-05-08,151.1,151.1,160.54,160.37,131750.0,147.568,7.1705
2020-05-11,159.29,156.41,162.74,161.13,196747.0,151.4,0.4739
2020-05-12,161.87,160.14,162.66,160.95,165432.0,154.692,-0.1117
2020-05-13,159.1,155.23,161.0,156.3,104805.0,157.678,-2.8891
2020-05-14,154.03,153.38,157.46,154.46,109612.0,158.642,-1.1772
2020-05-15,153.2,152.55,160.28,159.62,186309.0,158.492,3.3407
2020-05-18,165.0,162.79,166.39,164.9,89243.0,159.246,3.3079
2020-05-19,164.27,163.29,167.26,163.4,89821.0,159.736,-0.9096
2020-05-20,165.89,164.99,172.99,172.26,89888.0,162.928,5.4223
2020-05-21,171.94,170.26,172.56,171.15,126274.0,166.266,-0.6444
2020-05-22,170.84,167.69,171.55,170.97,57404.0,168.536,-0.1052
2020-05-26,175.99,168.13,176.81,168.86,143353.0,169.328,-1.2341
2020-05-27,173.01,168.42,173.01,168.89,143903.0,170.426,0.0178
2020-05-28,171.03,168.61,171.28,169.07,135479.0,169.788,0.1066
2020-05-29,168.49,165.0,169.86,167.86,205912.0,169.13,-0.7157
2020-06-01,169.42,164.77,169.42,164.91,115479.0,167.918,-1.7574
2020-06-02,164.63,163.34,174.77,173.53,177455.0,168.852,5.2271
2020-06-03,175.01,174.75,187.93,186.64,760370.0,172.402,7.5549
2020-06-04,188.27,186.74,195.72,195.48,1034323.0,177.684,4.7364
2020-06-05,200.0,190.03,200.96,190.31,524372.0,182.174,-2.6448
2020-06-08,191.57,185.34,191.85,189.11,208267.0,187.014,-0.6306
2020-06-09,186.96,186.96,192.38,189.14,176464.0,190.136,0.0159
2020-06-10,188.95,185.99,190.59,189.33,230265.0,190.674,0.1005
2020-06-11,183.7,178.44,187.62,179.78,196536.0,187.534,-5.0441
2020-06-12,183.43,177.45,184.09,183.46,175060.0,186.164,2.0469
2020-06-15,178.44,178.26,185.67,185.24,142154.0,185.39,0.9702
2020-06-16,191.69,183.66,191.69,184.59,125226.0,184.48,-0.3509
2020-06-17,184.66,181.27,184.91,181.33,114632.0,182.88,-1.7661
2020-06-18,180.3,178.93,181.66,179.0,145214.0,182.724,-1.285
2020-06-19,181.42,178.37,183.08,178.45,234894.0,181.722,-0.3073
2020-06-22,176.56,174.98,178.47,176.88,95852.0,180.05,-0.8798
2020-06-23,178.81,175.59,179.16,176.56,82851.0,178.444,-0.1809
2020-06-24,174.81,170.82,174.81,172.22,112103.0,176.622,-2.4581
2020-06-25,171.57,170.14,175.47,175.37,75346.0,175.896,1.8291
2020-06-26,173.05,167.24,174.6,167.5,231524.0,173.706,-4.4877
2020-06-29,168.76,166.35,171.19,167.73,110125.0,171.876,0.1373
2020-06-30,167.39,167.27,171.72,171.03,181152.0,170.77,1.9674
2020-07-01,171.54,170.14,176.66,175.12,130688.0,171.35,2.3914
2020-07-02,178.3,171.36,178.3,171.98,122802.0,170.672,-1.7931
2020-07-06,175.31,172.48,175.31,173.58,88359.0,171.888,0.9303
2020-07-07,172.71,168.64,172.8,169.1,110950.0,172.162,-2.5809
2020-07-08,168.94,167.79,170.99,169.63,88372.0,171.882,0.3134
2020-07-09,169.63,164.91,169.63,166.93,73090.0,170.244,-1.5917
2020-07-10,166.38,166.38,174.63,174.29,109343.0,170.706,4.409
2020-07-13,174.91,172.08,176.09,173.24,117559.0,170.638,-0.6024
2020-07-14,173.03,172.77,177.62,177.62,129635.0,172.342,2.5283
2020-07-15,181.8,178.93,183.39,182.18,166948.0,174.852,2.5673
2020-07-16,181.27,181.27,184.78,183.7,81120.0,178.206,0.8343
2020-07-17,183.99,181.37,184.0,182.44,61705.0,179.836,-0.6859
2020-07-20,181.42,179.31,182.56,180.33,56965.0,181.254,-1.1565
2020-07-21,180.33,179.75,182.14,180.34,62339.0,181.798,0.0055
2020-07-22,179.58,178.96,182.36,182.26,70024.0,181.814,1.0647
2020-07-23,181.29,179.53,182.57,180.4,60401.0,181.154,-1.0205
2020-07-24,180.97,178.93,180.97,180.14,61407.0,180.694,-0.1441
2020-07-27,180.17,176.32,180.17,177.19,111424.0,180.066,-1.6376
2020-07-28,176.99,175.13,179.42,177.21,69405.0,179.44,0.0113
2020-07-29,178.87,178.87,183.39,181.23,107792.0,179.234,2.2685
2020-07-30,177.81,176.53,180.29,178.88,79874.0,178.93,-1.2967
2020-07-31,179.11,177.16,180.55,180.38,179424.0,178.978,0.8386
2020-08-03,181.6,180.05,185.33,182.9,87317.0,180.12,1.3971
2020-08-04,183.09,179.33,183.09,180.68,86689.0,180.814,-1.2138
2020-08-05,183.11,180.68,183.47,182.59,64973.0,181.086,1.0571
2020-08-06,183.08,181.73,184.75,184.53,63622.0,182.216,1.0625
2020-08-07,184.98,184.1,189.88,189.8,72319.0,184.1,2.8559
2020-08-10,190.0,187.58,190.52,187.84,100885.0,185.088,-1.0327
2020-08-11,190.54,184.14,190.54,184.62,125777.0,185.876,-1.7142
2020-08-12,187.09,182.79,187.62,182.96,59643.0,185.95,-0.8991
2020-08-13,181.62,179.93,183.4,180.43,84642.0,185.13,-1.3828
2020-08-14,179.21,178.31,181.82,179.02,67827.0,182.974,-0.7815
2020-08-17,178.6,175.71,180.96,177.7,75389.0,180.946,-0.7373
2020-08-18,177.74,177.53,179.55,178.49,90784.0,179.72,0.4446
2020-08-19,178.52,174.77,178.52,174.81,62837.0,178.09,-2.0617
2020-08-20,172.62,172.62,174.54,174.0,44972.0,176.804,-0.4634
2020-08-21,173.8,172.53,173.92,172.61,91140.0,175.522,-0.7989
2020-08-24,172.82,172.67,177.71,177.62,61311.0,175.506,2.9025
2020-08-25,178.82,178.66,180.25,179.47,71593.0,175.702,1.0415
2020-08-26,179.21,177.21,182.04,180.75,77842.0,176.89,0.7132
2020-08-27,181.33,181.33,186.62,185.65,67911.0,179.22,2.7109
2020-08-28,186.77,182.51,186.77,183.58,49047.0,181.414,-1.115
2020-08-31,182.99,182.44,184.09,183.74,140000.0,182.638,0.0872
2020-09-01,182.26,182.26,185.1,183.97,65201.0,183.538,0.1252
2020-09-02,183.42,182.5,185.05,183.65,85693.0,184.118,-0.1739
2020-09-03,184.33,179.51,186.99,180.93,49359.0,183.174,-1.4811
2020-09-04,183.69,178.11,183.69,179.78,66301.0,182.414,-0.6356
2020-09-08,178.46,174.76,178.46,175.97,93341.0,180.86,-2.1193
2020-09-09,177.72,176.98,180.84,179.05,64225.0,179.876,1.7503
2020-09-10,179.49,175.24,179.94,175.25,69988.0,178.196,-2.1223
2020-09-11,175.38,172.41,175.58,173.73,42146.0,176.756,-0.8673
2020-09-14,174.89,174.13,176.78,174.32,76392.0,175.664,0.3396
2020-09-15,174.04,170.61,175.94,170.69,79003.0,174.608,-2.0824
2020-09-16,170.81,169.49,174.17,169.7,84892.0,172.738,-0.58
2020-09-17,167.68,166.47,169.21,167.41,76930.0,171.17,-1.3494
2020-09-18,167.0,164.6,168.06,166.35,355113.0,169.694,-0.6332
2020-09-21,163.04,161.16,165.36,164.93,94067.0,167.816,-0.8536
2020-09-22,165.5,165.5,169.42,167.38,90380.0,167.154,1.4855
2020-09-23,167.38,164.72,168.22,164.73,67717.0,166.16,-1.5832
2020-09-24,165.53,163.43,167.51,165.6,60780.0,165.798,0.5281
2020-09-25,164.09,163.69,166.7,166.27,76626.0,165.782,0.4046
2020-09-28,167.58,166.88,170.78,170.04,73175.0,166.804,2.2674
2020-09-29,170.47,167.35,170.49,168.5,52213.0,167.028,-0.9057
2020-09-30,169.32,167.65,170.55,169.74,115557.0,168.03,0.7359
2020-10-01,169.93,168.93,172.21,170.13,64849.0,168.936,0.2298
2020-10-02,168.48,168.14,171.46,170.36,40669.0,169.754,0.1352
2020-10-05,171.79,170.91,174.53,174.14,54798.0,170.574,2.2188
2020-10-06,175.51,169.76,175.51,170.18,69154.0,170.91,-2.274
2020-10-07,171.39,166.73,171.39,169.74,70836.0,170.91,-0.2585
2020-10-08,170.15,170.15,173.58,173.03,60277.0,171.49,1.9383
2020-10-09,174.77,172.82,175.3,173.19,65837.0,172.056,0.0925
2020-10-12,174.21,173.73,178.2,177.44,55606.0,172.716,2.454
2020-10-13,176.1,174.49,176.62,175.67,70421.0,173.814,-0.9975
2020-10-14,174.47,174.32,177.79,174.65,82327.0,174.796,-0.5806
2020-10-15,173.05,172.78,174.41,172.85,48875.0,174.76,-1.0306
2020-10-16,173.57,171.62,173.77,172.19,40950.0,174.56,-0.3818
2020-10-19,172.91,169.47,174.02,169.9,45771.0,173.052,-1.3299
2020-10-20,170.98,170.98,173.64,172.54,57575.0,172.426,1.5539
2020-10-21,172.24,172.24,177.65,176.77,79880.0,172.85,2.4516
2020-10-22,176.9,176.02,179.46,178.44,88124.0,173.968,0.9447
2020-10-23,178.89,176.5,179.93,178.22,51414.0,175.174,-0.1233
2020-10-26,176.51,174.07,176.93,174.9,56692.0,176.174,-1.8629
2020-10-27,174.67,171.81,174.67,172.13,47341.0,176.092,-1.5838
2020-10-28,170.08,163.83,172.73,164.05,146723.0,173.548,-4.6941
2020-10-29,162.98,161.23,169.21,166.56,101724.0,171.172,1.53
2020-10-30,166.41,160.52,168.5,161.72,133490.0,167.872,-2.9059
2020-11-02,163.29,162.18,165.32,163.4,110061.0,165.572,1.0388
2020-11-03,166.12,165.36,170.36,165.5,87476.0,164.246,1.2852
2020-11-04,164.94,164.63,168.67,164.99,63870.0,164.434,-0.3082
2020-11-05,166.94,164.95,168.75,166.79,85773.0,164.48,1.091
2020-11-06,167.74,166.11,167.81,166.66,42538.0,165.468,-0.0779
2020-11-09,178.76,169.0,178.76,170.36,116097.0,166.86,2.2201
2020-11-10,170.85,169.91,180.55,180.26,96804.0,169.812,5.8112
2020-11-11,180.59,176.79,180.76,177.81,66536.0,172.376,-1.3591
2020-11-12,176.88,172.15,176.88,173.55,67707.0,173.728,-2.3958
2020-11-13,175.1,175.1,179.1,178.21,52492.0,176.038,2.6851
2020-11-16,180.99,180.0,185.03,184.86,71059.0,178.938,3.7316
2020-11-17,182.35,181.72,184.01,182.89,71444.0,179.464,-1.0657
2020-11-18,182.9,179.77,184.93,180.05,64519.0,179.912,-1.5528
2020-11-19,179.52,176.03,179.52,176.38,64410.0,180.478,-2.0383
2020-11-20,176.22,171.81,176.77,173.12,84751.0,179.46,-1.8483
2020-11-23,173.65,172.0,175.18,172.95,58749.0,177.078,-0.0982
2020-11-24,175.11,173.87,177.17,174.95,69814.0,175.49,1.1564
2020-11-25,175.11,171.03,175.11,171.44,57680.0,173.768,-2.0063
2020-11-27,170.98,169.93,171.62,171.39,28453.0,172.77,-0.0292
2020-11-30,170.59,164.5,170.73,164.64,229905.0,171.074,-3.9384
2020-12-01,166.94,166.505,170.87,168.07,114357.0,170.098,2.0833
2020-12-02,167.01,165.87,169.14,169.04,107672.0,168.916,0.5771
2020-12-03,169.0,165.27,170.14,165.74,78163.0,167.776,-1.9522
2020-12-04,166.91,162.64,167.55,164.16,132606.0,166.33,-0.9533
2020-12-07,164.19,162.69,165.33,163.35,93319.0,166.072,-0.4934
2020-12-08,162.88,162.88,165.35,163.53,86771.0,165.164,0.1102
2020-12-09,163.54,159.22,164.8,164.07,110087.0,164.17,0.3302
2020-12-10,163.97,163.11,165.4,164.25,115364.0,163.872,0.1097
2020-12-11,162.77,162.77,167.65,167.2,114153.0,164.48,1.796
2020-12-14,168.62,164.84,168.62,165.48,176346.0,164.906,-1.0287
2020-12-15,166.33,163.66,167.35,166.77,109700.0,165.554,0.7796
2020-12-16,167.97,165.81,168.56,165.81,107281.0,165.902,-0.5756
2020-12-17,165.85,165.05,167.55,167.54,141622.0,166.56,1.0434
2020-12-18,168.29,164.55,169.94,165.88,364908.0,166.296,-0.9908
2020-12-21,164.89,160.49,165.84,161.75,138885.0,165.55,-2.4898
2020-12-22,161.17,159.42,161.47,160.44,90507.0,164.284,-0.8099
2020-12-23,161.91,160.61,163.48,160.78,97554.0,163.278,0.2119
2020-12-24,160.78,160.15,161.43,161.35,61953.0,162.04,0.3545
2020-12-28,161.72,161.5,163.33,162.5,87401.0,161.364,0.7127
2020-12-29,163.49,161.17,163.49,162.44,77032.0,161.502,-0.0369
2020-12-30,162.88,162.77,164.52,164.27,93459.0,162.268,1.1266
2020-12-31,164.33,164.05,166.25,165.82,87173.0,163.276,0.9436
2021-01-04,166.48,160.6,166.48,161.76,102547.0,163.358,-2.4484
2021-01-05,162.29,158.205,162.6,158.34,89941.0,162.526,-2.1142
2021-01-06,160.15,159.79,168.91,167.93,198195.0,163.624,6.0566
2021-01-07,168.66,165.06,168.66,166.1,155260.0,163.99,-1.0897
2021-01-08,169.55,164.3,169.55,166.21,92180.0,164.068,0.0662
2021-01-11,164.94,164.68,167.535,167.21,86862.0,165.158,0.6016
2021-01-12,167.16,167.16,169.67,168.1,99194.0,167.11,0.5323
2021-01-13,167.68,165.01,168.54,167.02,81735.0,166.928,-0.6425
2021-01-14,167.46,163.88,167.46,164.58,100687.0,166.624,-1.4609
2021-01-15,162.93,159.42,163.24,159.74,130184.0,165.33,-2.9408
2021-01-19,160.05,157.71,160.12,159.25,109215.0,163.738,-0.3067
2021-01-20,159.43,159.14,162.06,162.02,112440.0,162.522,1.7394
2021-01-21,162.21,158.68,165.02,158.69,80145.0,160.856,-2.0553
2021-01-22,157.02,154.83,157.6,155.04,65639.0,158.948,-2.3001
2021-01-25,154.17,152.97,156.72,154.77,68088.0,157.954,-0.1741
2021-01-26,156.2,152.87,156.2,154.57,171275.0,157.018,-0.1292
2021-01-27,152.67,147.07,158.22,151.14,242384.0,154.842,-2.2191
2021-01-28,151.94,146.31,151.94,147.93,357051.0,152.69,-2.1239
2021-01-29,146.65,144.17,150.55,150.44,441087.0,151.77,1.6967
2021-02-01,150.9,149.8,153.45,152.95,270983.0,151.406,1.6684
2021-02-02,153.56,152.67,157.4,155.65,196804.0,151.622,1.7653
2021-02-03,154.77,154.19,157.16,155.29,163525.0,152.452,-0.2313
2021-02-04,155.41,155.41,159.82,158.21,186918.0,154.508,1.8804
2021-02-05,158.5,158.27,160.73,159.35,158118.0,156.29,0.7206
2021-02-08,159.82,159.82,162.17,161.13,184058.0,157.926,1.117
2021-02-09,161.17,158.94,162.59,159.44,171701.0,158.684,-1.0488
2021-02-10,160.24,158.36,161.92,158.82,192801.0,159.39,-0.3889
2021-02-11,158.86,158.86,162.81,162.55,160251.0,160.258,2.3486
2021-02-12,162.12,158.61,163.07,159.22,160295.0,160.232,-2.0486
2021-02-16,159.76,157.12,159.96,157.12,168650.0,159.43,-1.3189
2021-02-17,157.07,157.07,161.75,160.59,145609.0,159.66,2.2085
2021-02-18,160.01,159.16,161.45,159.17,162444.0,159.73,-0.8842
2021-02-19,159.75,156.49,160.14,158.55,306225.0,158.93,-0.3895
2021-02-22,157.94,157.25,159.98,158.94,138518.0,158.874,0.246
2021-02-23,159.31,158.53,162.69,162.3,189412.0,159.91,2.114
2021-02-24,162.91,161.87,167.03,164.95,179690.0,160.782,1.6328
2021-02-25,164.99,164.16,166.08,164.75,157691.0,161.898,-0.1212
2021-02-26,164.75,163.91,167.88,166.98,369973.0,163.584,1.3536
2021-03-01,167.29,162.105,168.91,162.61,117727.0,164.318,-2.6171
2021-03-02,162.11,160.01,163.18,162.24,107751.0,164.306,-0.2275
2021-03-03,163.21,161.56,163.82,162.15,94311.0,163.746,-0.0555
2021-03-04,162.46,159.87,163.27,160.21,124385.0,162.838,-1.1964
2021-03-05,161.63,159.23,164.46,164.38,179854.0,162.318,2.6028
2021-03-08,164.63,164.63,168.72,165.89,73100.0,162.974,0.9186
2021-03-09,165.55,160.95,165.55,161.43,110459.0,162.812,-2.6885
2021-03-10,161.47,160.63,163.59,163.15,87420.0,163.012,1.0655
2021-03-11,162.72,160.39,162.72,162.33,72187.0,163.436,-0.5026
2021-03-12,162.9,162.2,165.91,165.86,83429.0,163.732,2.1746
2021-03-15,165.91,165.91,169.3,169.29,99796.0,164.412,2.068
2021-03-16,168.45,167.34,171.53,171.0,165019.0,166.326,1.0101
2021-03-17,171.98,167.09,171.98,169.33,98366.0,167.562,-0.9766
2021-03-18,170.13,167.58,170.2,169.39,81762.0,168.974,0.0354
2021-03-19,170.09,161.08,170.09,162.5,438880.0,168.302,-4.0675
2021-03-22,161.77,159.41,162.32,160.49,87295.0,166.542,-1.2369
2021-03-23,160.65,159.34,163.89,162.18,110017.0,164.778,1.053
2021-03-24,163.18,162.31,165.1,162.98,89305.0,163.508,0.4933
2021-03-25,163.0,161.52,163.55,163.08,84372.0,162.246,0.0614
2021-03-26,163.77,162.6,164.96,164.51,95220.0,162.648,0.8769
2021-03-29,163.91,163.44,166.91,165.9,86406.0,163.73,0.8449
2021-03-30,166.14,164.39,166.2,164.65,66271.0,164.224,-0.7535
2021-03-31,164.25,160.21,165.05,160.25,140011.0,163.678,-2.6723
2021-04-01,160.01,160.01,165.51,165.0,158843.0,164.062,2.9641
2021-04-05,165.59,165.45,167.21,166.0,191494.0,164.36,0.6061
2021-04-06,165.79,165.27,167.69,166.5,210325.0,164.48,0.3012
2021-04-07,166.32,166.32,169.0,168.0,196759.0,165.15,0.9009
2021-04-08,166.8,166.73,169.75,168.81,124914.0,166.862,0.4821
2021-04-09,169.22,167.53,170.29,169.02,154200.0,167.666,0.1244
2021-04-12,168.47,168.47,171.37,170.48,131717.0,168.562,0.8638
2021-04-13,170.0,169.29,171.2,170.24,89546.0,169.31,-0.1408
2021-04-14,170.72,170.0,171.94,171.38,81750.0,169.986,0.6696
2021-04-15,171.28,171.06,173.6,173.55,180387.0,170.934,1.2662
2021-04-16,174.61,169.74,175.0,169.85,104959.0,171.1,-2.132
2021-04-19,170.19,168.97,171.28,171.09,164159.0,171.222,0.7301
2021-04-20,170.92,168.43,170.92,169.74,158631.0,171.122,-0.7891
2021-04-21,170.0,169.68,172.37,172.34,126024.0,171.314,1.5318
2021-04-22,171.38,170.67,172.75,171.19,125635.0,170.842,-0.6673
2021-04-23,170.61,169.75,172.73,172.17,84022.0,171.306,0.5725
2021-04-26,173.2,171.05,173.96,171.08,105828.0,171.304,-0.6331
2021-04-27,170.51,170.51,172.98,172.59,108202.0,171.874,0.8826
2021-04-28,173.23,170.16,173.23,170.25,104346.0,171.456,-1.3558
2021-04-29,170.14,164.43,170.14,166.06,274014.0,170.43,-2.4611
2021-04-30,165.27,164.92,169.14,168.81,293605.0,169.758,1.656
2021-05-03,169.85,167.12,170.09,167.12,189533.0,168.966,-1.0011
2021-05-04,167.05,166.9,168.9,168.16,163904.0,168.08,0.6223
2021-05-05,167.74,163.7,167.74,165.97,268233.0,167.224,-1.3023
2021-05-06,166.22,162.81,166.51,163.59,279169.0,166.73,-1.434
2021-05-07,162.5,162.32,165.98,164.88,322455.0,165.944,0.7886
2021-05-10,165.89,162.44,166.62,162.56,282256.0,165.032,-1.4071
2021-05-11,161.91,157.75,162.42,158.13,228868.0,163.026,-2.7251
2021-05-12,158.12,154.75,159.23,154.88,300122.0,160.808,-2.0553
2021-05-13,154.27,154.26,157.38,156.64,251305.0,159.418,1.1364
2021-05-14,157.08,156.37,160.81,160.62,346636.0,158.566,2.5409
2021-05-17,160.07,155.0,160.07,155.49,186965.0,157.152,-3.1939
2021-05-18,154.28,152.7,158.07,156.04,222432.0,156.734,0.3537
2021-05-19,155.31,155.0,159.85,159.45,246228.0,157.648,2.1853
2021-05-20,159.31,157.18,159.74,157.55,188761.0,157.83,-1.1916
2021-05-21,157.48,153.95,157.56,154.67,250559.0,156.64,-1.828
2021-05-24,155.0,152.72,155.0,154.17,137598.0,156.376,-0.3233
2021-05-25,153.77,151.8,153.95,152.31,353497.0,155.63,-1.2065
2021-05-26,151.83,151.35,154.66,153.54,309771.0,154.448,0.8076
2021-05-27,153.82,152.57,156.68,154.15,2110014.0,153.768,0.3973
2021-05-28,154.98,153.58,155.08,154.12,223236.0,153.658,-0.0195
2021-06-01,154.44,151.2,155.48,152.51,323257.0,153.326,-1.0446
2021-06-02,153.3,152.08,153.66,153.12,164598.0,153.488,0.4
2021-06-03,152.66,150.22,153.35,150.77,200929.0,152.934,-1.5347
2021-06-04,150.65,149.8,150.94,150.75,117199.0,152.254,-0.0133
2021-06-07,150.53,148.93,150.53,150.01,180976.0,151.432,-0.4909
2021-06-08,150.01,148.82,151.59,151.38,155355.0,151.206,0.9133
2021-06-09,151.61,149.46,151.61,149.81,135213.0,150.544,-1.0371
2021-06-10,150.06,149.42,151.41,149.49,144590.0,150.288,-0.2136
2021-06-11,149.61,149.61,151.03,150.82,123815.0,150.302,0.8897
2021-06-14,150.48,149.24,150.76,150.03,109031.0,150.306,-0.5238
2021-06-15,149.98,148.88,151.86,151.31,112111.0,150.292,0.8532
2021-06-16,151.24,149.3,151.79,149.35,122325.0,150.2,-1.2954
2021-06-17,149.48,145.87,149.93,145.91,145730.0,149.484,-2.3033
2021-06-18,143.24,142.66,144.2,142.73,458508.0,147.866,-2.1794
2021-06-21,143.12,143.1,145.29,144.52,153547.0,146.764,1.2541
2021-06-22,144.66,144.11,146.51,145.28,130853.0,145.558,0.5259
2021-06-23,145.1,144.93,146.0,145.36,118243.0,144.76,0.0551
2021-06-24,145.77,145.41,148.68,148.39,155095.0,145.256,2.0845
2021-06-25,149.0,148.39,152.12,151.38,337250.0,146.986,2.015
2021-06-28,151.42,148.39,151.42,149.27,92277.0,147.936,-1.3938
2021-06-29,149.85,148.68,149.97,149.13,80516.0,148.706,-0.0938
2021-06-30,149.01,147.62,149.45,148.82,120931.0,149.398,-0.2079
2021-07-01,148.91,148.87,152.51,151.65,258491.0,150.05,1.9016
2021-07-02,151.49,147.92,151.49,148.84,178794.0,149.542,-1.853
2021-07-06,148.91,146.82,148.95,148.16,210630.0,149.32,-0.4569
2021-07-07,147.29,147.29,150.13,149.29,133201.0,149.352,0.7627
2021-07-08,148.4,146.46,149.7,147.08,221324.0,149.004,-1.4803
2021-07-09,148.61,148.61,151.15,151.04,211884.0,148.882,2.6924
2021-07-12,149.56,149.56,151.05,150.58,169963.0,149.23,-0.3046
2021-07-13,150.4,147.84,150.9,147.9,176191.0,149.178,-1.7798
2021-07-14,148.02,148.01,150.82,150.1,200910.0,149.34,1.4875
2021-07-15,149.5,149.5,151.41,151.18,124011.0,150.16,0.7195
2021-07-16,151.97,151.12,152.89,152.21,99999.0,150.394,0.6813
2021-07-19,150.81,146.14,151.37,147.38,119830.0,149.754,-3.1732
2021-07-20,148.19,148.19,152.55,150.78,197681.0,150.33,2.307
2021-07-21,151.37,151.31,153.24,151.84,87473.0,150.678,0.703
2021-07-22,150.76,150.19,152.08,151.43,99549.0,150.728,-0.27
2021-07-23,153.0,148.91,153.0,149.32,133216.0,150.15,-1.3934
2021-07-26,148.99,148.925,151.16,149.59,136473.0,150.592,0.1808
2021-07-27,148.96,148.58,152.48,151.17,138122.0,150.67,1.0562
2021-07-28,151.17,148.59,152.32,150.1,112216.0,150.322,-0.7078
2021-07-29,152.2,150.5,153.08,153.03,133128.0,150.642,1.952
2021-07-30,152.31,152.24,154.58,152.69,311004.0,151.316,-0.2222
2021-08-02,152.69,151.53,154.1,152.09,116827.0,151.816,-0.393
2021-08-03,152.65,150.11,152.65,150.88,109068.0,151.758,-0.7956
2021-08-04,150.18,149.82,152.65,152.52,139590.0,152.242,1.087
2021-08-05,153.43,151.81,154.37,153.31,123736.0,152.298,0.518
2021-08-06,154.53,154.06,156.34,155.42,115663.0,152.844,1.3763
2021-08-09,155.18,154.31,156.01,155.93,81354.0,153.612,0.3281
2021-08-10,155.47,155.47,157.34,156.86,132877.0,154.808,0.5964
2021-08-11,157.16,156.56,158.32,158.25,63181.0,155.954,0.8861
2021-08-12,159.0,158.26,160.09,159.87,96236.0,157.266,1.0237
2021-08-13,160.48,159.39,161.74,160.66,88495.0,158.314,0.4942
2021-08-16,160.49,159.61,161.82,161.35,110923.0,159.398,0.4295
2021-08-17,160.46,160.46,164.1,163.31,91069.0,160.688,1.2148
2021-08-18,163.05,162.32,164.53,162.94,119637.0,161.626,-0.2266
2021-08-19,162.37,162.01,164.34,163.72,81831.0,162.396,0.4787
2021-08-20,163.57,162.12,163.57,162.59,101287.0,162.782,-0.6902
2021-08-23,162.62,162.23,164.07,162.76,68843.0,163.064,0.1046
2021-08-24,162.76,161.4,163.71,161.54,65091.0,162.71,-0.7496
2021-08-25,161.73,161.13,162.75,161.81,60563.0,162.484,0.1671
2021-08-26,161.79,157.29,161.79,157.4,100696.0,161.22,-2.7254
2021-08-27,157.8,156.91,159.36,158.87,104066.0,160.476,0.9339
2021-08-30,158.14,155.58,158.14,155.73,91405.0,159.07,-1.9765
2021-08-31,155.29,154.96,158.62,156.73,130627.0,158.108,0.6421
2021-09-01,156.67,155.27,157.09,155.64,91449.0,156.874,-0.6955
2021-09-02,155.45,153.09,155.45,154.55,67755.0,156.304,-0.7003
2021-09-03,153.99,150.66,154.32,152.47,97628.0,155.024,-1.3458
2021-09-07,152.18,149.25,152.18,150.41,136772.0,153.96,-1.3511
2021-09-08,150.02,150.02,154.155,153.76,107175.0,153.366,2.2272
2021-09-09,153.83,150.34,154.72,150.45,96491.0,152.328,-2.1527
2021-09-10,150.52,147.075,150.52,147.14,123576.0,150.846,-2.2001
2021-09-13,148.06,145.8,148.24,146.54,140430.0,149.66,-0.4078
2021-09-14,146.18,142.63,146.18,144.44,120897.0,148.466,-1.4331
2021-09-15,144.0,142.53,144.08,143.07,208316.0,146.328,-0.9485
2021-09-16,142.79,142.79,145.44,143.9,161343.0,145.018,0.5801
2021-09-17,144.0,142.64,144.42,144.0,919037.0,144.39,0.0695
2021-09-20,142.83,140.98,143.33,143.22,188875.0,143.726,-0.5417
2021-09-21,143.9,140.79,143.9,141.52,149356.0,143.142,-1.187
2021-09-22,142.44,141.1,143.08,141.26,79688.0,142.78,-0.1837
2021-09-23,140.85,140.85,143.16,141.71,127054.0,142.342,0.3186
2021-09-24,142.31,140.05,142.31,140.39,91125.0,141.62,-0.9315
2021-09-27,141.1,139.69,142.81,139.8,173432.0,140.936,-0.4203
2021-09-28,140.37,137.91,141.43,137.98,205957.0,140.228,-1.3019
2021-09-29,138.24,137.92,140.65,139.58,273329.0,139.892,1.1596
2021-09-30,140.04,138.51,141.71,139.4,181583.0,139.43,-0.129
2021-10-01,140.05,137.66,140.56,139.56,152955.0,139.264,0.1148
2021-10-04,139.4,138.12,141.23,139.15,141945.0,139.134,-0.2938
2021-10-05,139.09,138.39,140.85,139.81,218634.0,139.5,0.4743
2021-10-06,139.59,139.45,144.17,143.96,190772.0,140.376,2.9683
2021-10-07,145.02,145.02,147.28,145.96,166622.0,141.688,1.3893
2021-10-08,146.63,146.63,149.31,147.31,148214.0,143.238,0.9249
2021-10-11,147.7,145.19,149.5,145.29,166289.0,144.466,-1.3713
2021-10-12,145.05,144.87,147.53,146.09,168073.0,145.722,0.5506
2021-10-13,144.97,142.8,146.56,146.0,270833.0,146.13,-0.0616
2021-10-14,147.09,146.87,149.48,148.28,140406.0,146.594,1.5616
2021-10-15,148.88,146.9,149.99,147.92,174711.0,146.716,-0.2428
2021-10-18,147.33,145.83,147.92,146.11,157645.0,146.88,-1.2236
2021-10-19,147.57,146.26,148.11,146.51,156709.0,146.964,0.2738
2021-10-20,146.34,146.34,148.42,147.35,175870.0,147.234,0.5733
2021-10-21,147.21,147.21,148.87,148.0,137891.0,147.178,0.4411
2021-10-22,148.86,147.05,149.41,147.61,140819.0,147.116,-0.2635
2021-10-25,147.44,146.47,150.62,149.78,230730.0,147.85,1.4701
2021-10-26,150.8,148.3,157.05,153.92,331805.0,149.332,2.7641
2021-10-27,154.8,147.48,156.48,147.48,247451.0,149.358,-4.184
2021-10-28,147.53,143.995,149.28,145.27,180607.0,148.812,-1.4985
2021-10-29,145.74,141.61,146.29,141.8,216110.0,147.65,-2.3887
2021-11-01,147.83,146.53,149.36,147.84,182568.0,147.262,4.2595
2021-11-02,148.17,148.17,153.4,152.86,142524.0,147.05,3.3956
2021-11-03,152.56,151.54,153.82,152.72,138865.0,148.098,-0.0916
2021-11-04,152.53,146.84,152.53,147.51,141028.0,148.546,-3.4115
2021-11-05,148.02,148.02,154.29,152.55,163518.0,150.696,3.4167
2021-11-08,156.87,156.01,158.91,158.55,155264.0,152.838,3.9331
2021-11-09,157.13,155.74,158.12,155.98,162729.0,153.462,-1.6209
2021-11-10,156.35,153.48,157.95,154.85,151718.0,153.888,-0.7245
2021-11-11,154.64,153.7,156.72,156.0,128066.0,155.586,0.7427
2021-11-12,157.08,152.61,158.33,156.38,194259.0,156.352,0.2436
2021-11-15,156.62,154.37,156.62,155.67,146209.0,155.776,-0.454
2021-11-16,155.84,155.84,161.12,160.25,189947.0,156.63,2.9421
2021-11-17,159.72,158.46,163.09,162.69,263575.0,158.198,1.5226
2021-11-18,162.56,160.96,163.86,163.22,233422.0,159.642,0.3258
2021-11-19,163.61,161.99,164.6,163.66,243154.0,161.098,0.2696
2021-11-22,162.62,161.16,166.76,165.35,204290.0,163.034,1.0326
2021-11-23,166.2,164.91,167.84,167.38,227816.0,164.46,1.2277
2021-11-24,167.15,163.27,167.15,163.27,256019.0,164.576,-2.4555
2021-11-26,158.57,155.23,159.71,156.14,149116.0,163.16,-4.367
2021-11-29,157.43,154.33,157.43,155.1,169553.0,161.448,-0.6661
2021-11-30,153.43,151.32,155.81,154.11,1980903.0,159.2,-0.6383
2021-12-01,156.6,155.42,159.33,155.48,230803.0,156.82,0.889
2021-12-02,156.56,156.56,164.33,162.62,208694.0,156.69,4.5922
2021-12-03,163.32,161.14,165.91,162.02,200447.0,157.866,-0.369
2021-12-06,163.77,162.54,165.1,164.78,165471.0,159.802,1.7035
2021-12-07,164.44,164.05,166.35,165.15,155263.0,162.01,0.2245
2021-12-08,164.41,163.79,165.76,165.4,137952.0,163.994,0.1514
2021-12-09,164.36,164.36,167.64,167.13,140741.0,164.896,1.0459
2021-12-10,167.38,164.95,167.64,165.5,184067.0,165.592,-0.9753
2021-12-13,164.2,162.96,165.65,164.68,177690.0,165.572,-0.4955
2021-12-14,164.5,164.5,168.86,166.64,182614.0,165.87,1.1902
2021-12-15,166.64,164.77,169.05,167.48,161682.0,166.286,0.5041
2021-12-16,168.38,166.14,168.75,167.1,144343.0,166.28,-0.2269
2021-12-17,167.53,166.78,170.63,168.25,527789.0,166.83,0.6882
2021-12-20,166.43,164.96,168.01,165.48,162173.0,166.99,-1.6464
2021-12-21,165.92,165.63,167.85,166.58,156048.0,166.978,0.6647
2021-12-22,166.31,165.73,167.5,166.44,137910.0,166.77,-0.084
2021-12-23,166.97,166.39,168.61,167.66,100102.0,166.882,0.733
2021-12-27,167.72,167.19,169.22,168.74,103137.0,166.98,0.6442
2021-12-28,168.82,168.82,171.32,171.1,61564.0,168.104,1.3986
2021-12-29,171.1,171.1,173.25,172.82,56268.0,169.352,1.0053
2021-12-30,173.41,169.61,173.94,169.79,71460.0,170.022,-1.7533
2021-12-31,169.32,169.24,170.65,169.33,72338.0,170.356,-0.2709
2022-01-03,169.89,166.24,171.03,167.51,169474.0,170.11,-1.0748
2022-01-04,168.36,164.53,168.87,165.01,190839.0,168.892,-1.4924
2022-01-05,165.02,162.76,165.31,162.88,149740.0,166.904,-1.2908
2022-01-06,163.61,163.61,166.96,165.26,96635.0,165.998,1.4612
2022-01-07,164.79,164.34,166.62,166.19,104822.0,165.37,0.5627
2022-01-10,167.65,165.14,167.65,166.99,99188.0,165.266,0.4814
2022-01-11,167.7,164.39,168.18,168.04,106206.0,165.872,0.6288
2022-01-12,169.36,166.54,169.69,169.11,141780.0,167.118,0.6368
2022-01-13,170.81,169.49,171.3,169.68,113616.0,168.002,0.3371
2022-01-14,168.92,168.68,171.43,171.32,91368.0,169.028,0.9665
2022-01-18,171.17,169.7,172.47,170.26,88032.0,169.682,-0.6187
2022-01-19,170.43,168.18,171.6,168.25,163000.0,169.724,-1.1805
2022-01-20,168.24,167.1,170.51,167.4,110023.0,169.382,-0.5052
2022-01-21,167.4,165.36,167.92,165.82,95900.0,168.61,-0.9438
2022-01-24,164.71,160.74,165.59,165.42,205317.0,167.43,-0.2412
2022-01-25,164.97,160.45,167.55,165.29,121480.0,166.436,-0.0786
2022-01-26,171.16,157.38,171.71,159.71,170777.0,164.728,-3.3759
2022-01-27,160.02,151.9,161.81,153.26,164375.0,161.9,-4.0386
2022-01-28,153.83,152.31,156.09,155.99,164173.0,159.934,1.7813
2022-01-31,154.87,152.65,157.35,157.17,480305.0,158.284,0.7565
2022-02-01,157.94,155.6,159.07,157.96,303624.0,156.818,0.5026
2022-02-02,158.02,156.03,159.28,157.66,242067.0,156.408,-0.1899
2022-02-03,158.3,154.93,158.68,155.38,356470.0,156.832,-1.4461
2022-02-04,154.82,151.18,156.34,154.65,272723.0,156.564,-0.4698
2022-02-07,156.74,155.28,158.03,156.0,358193.0,156.33,0.8729
2022-02-08,156.13,154.09,156.13,154.09,148116.0,155.556,-1.2244
2022-02-09,154.64,153.84,156.16,155.66,145658.0,155.156,1.0189
2022-02-10,154.33,153.85,158.77,154.36,147347.0,154.952,-0.8352
2022-02-11,154.7,153.34,156.05,153.69,129797.0,154.76,-0.4341
2022-02-14,153.16,153.16,156.23,155.19,268308.0,154.598,0.976
2022-02-15,156.33,155.47,157.25,156.33,115487.0,155.046,0.7346
2022-02-16,156.39,155.41,157.02,155.82,186749.0,155.078,-0.3262
2022-02-17,154.49,151.65,154.49,153.65,108482.0,154.936,-1.3926
2022-02-18,153.86,153.63,155.3,153.7,82281.0,154.938,0.0325
2022-02-22,153.56,149.02,153.66,150.0,103408.0,153.9,-2.4073
2022-02-23,150.76,149.68,151.89,149.69,97432.0,152.572,-0.2067
2022-02-24,146.78,145.31,150.74,150.34,246278.0,151.476,0.4342
2022-02-25,150.02,150.02,153.72,153.63,122618.0,151.472,2.1884
2022-02-28,151.0,149.54,152.35,150.78,107903.0,150.888,-1.8551
2022-03-01,148.74,144.36,149.75,145.49,146566.0,149.986,-3.5084
2022-03-02,146.01,145.58,149.99,149.04,78225.0,149.856,2.44
2022-03-03,149.54,146.53,149.54,147.5,87561.0,149.288,-1.0333
2022-03-04,145.35,142.16,145.62,144.53,100981.0,147.468,-2.0136
2022-03-07,143.12,139.79,143.45,139.88,248413.0,145.288,-3.2173
2022-03-08,140.35,134.79,141.38,137.77,118672.0,143.744,-1.5084
2022-03-09,139.72,139.72,142.62,142.24,167973.0,142.384,3.2445
2022-03-10,140.22,137.77,141.35,140.85,167423.0,141.054,-0.9772
2022-03-11,141.3,139.4,142.3,141.02,127820.0,140.352,0.1207
2022-03-14,142.7,139.53,143.22,140.85,167992.0,140.546,-0.1206
2022-03-15,141.39,141.39,145.76,145.58,153514.0,142.108,3.3582
2022-03-16,146.89,144.64,149.085,147.81,240463.0,143.222,1.5318
2022-03-17,148.0,145.53,149.15,148.85,131246.0,144.822,0.7036
2022-03-18,148.24,146.59,150.45,150.33,636978.0,146.684,0.9943
2022-03-21,153.24,147.78,154.19,149.26,122101.0,148.366,-0.7118
2022-03-22,149.63,149.56,151.19,150.7,147622.0,149.39,0.9648
2022-03-23,150.25,148.58,150.25,149.32,86881.0,149.692,-0.9157
2022-03-24,149.94,149.52,151.18,151.01,102900.0,150.124,1.1318
2022-03-25,151.52,151.52,153.715,152.97,171130.0,150.652,1.2979
2022-03-28,152.73,152.1,155.17,154.78,137587.0,151.756,1.1832
2022-03-29,156.17,155.48,158.07,158.05,107803.0,153.226,2.1127
2022-03-30,158.53,156.7,158.79,158.31,109813.0,155.024,0.1645
2022-03-31,158.63,158.44,160.04,158.51,124180.0,156.524,0.1263
2022-04-01,159.07,158.35,162.08,161.9,135453.0,158.31,2.1387
2022-04-04,164.75,159.29,164.88,159.71,201502.0,159.296,-1.3527
2022-04-05,160.0,157.53,162.05,157.8,138694.0,159.246,-1.1959
2022-04-06,156.95,156.69,159.63,158.75,124461.0,159.334,0.602
2022-04-07,158.21,155.47,158.42,157.03,111982.0,159.038,-1.0835
2022-04-08,157.99,156.33,159.09,157.71,67504.0,158.2,0.433
2022-04-11,157.34,154.77,159.79,155.0,98681.0,157.258,-1.7183
2022-04-12,155.36,151.75,156.76,151.94,145636.0,156.086,-1.9742
2022-04-13,151.98,151.1,153.76,153.76,98257.0,155.088,1.1978
2022-04-14,153.87,152.75,155.29,154.16,88490.0,154.514,0.2601
2022-04-18,153.46,150.48,154.12,151.54,72827.0,153.28,-1.6995
2022-04-19,152.0,151.08,153.06,152.23,85948.0,152.726,0.4553
2022-04-20,152.78,152.36,155.35,154.32,76558.0,153.202,1.3729
2022-04-21,155.68,152.55,156.35,152.77,97811.0,153.004,-1.0044
2022-04-22,152.91,148.27,153.09,148.35,95893.0,151.842,-2.8932
2022-04-25,147.53,142.67,148.99,148.57,88031.0,151.248,0.1483
2022-04-26,147.77,144.8,148.5,144.85,71975.0,149.772,-2.5039
2022-04-27,144.99,144.86,148.15,146.97,93403.0,148.302,1.4636
2022-04-28,147.69,145.55,148.46,147.92,90347.0,147.332,0.6464
2022-04-29,147.61,143.3,148.35,143.52,237806.0,146.366,-2.9746
2022-05-02,143.52,142.0,144.8,144.45,134736.0,145.542,0.648
2022-05-03,144.41,143.98,147.31,146.85,97856.0,145.942,1.6615
2022-05-04,145.34,140.71,146.64,145.62,148741.0,145.672,-0.8376
2022-05-05,143.54,143.54,148.325,146.29,122531.0,145.346,0.4601
2022-05-06,145.3,143.88,146.52,145.25,91457.0,145.692,-0.7109
2022-05-09,144.8,142.58,147.14,143.36,110088.0,145.474,-1.3012
2022-05-10,144.2,142.34,147.49,145.17,135810.0,145.138,1.2626
2022-05-11,144.51,143.58,147.5,143.86,117906.0,144.786,-0.9024
2022-05-12,144.01,141.04,145.08,143.42,121774.0,144.212,-0.3059
2022-05-13,144.66,144.57,147.86,147.65,129040.0,144.692,2.9494
2022-05-16,148.23,147.27,150.19,148.94,100568.0,145.808,0.8737
2022-05-17,153.54,151.33,155.74,154.38,172810.0,147.65,3.6525
2022-05-18,153.61,149.68,153.76,150.15,134807.0,148.908,-2.74
2022-05-19,149.01,148.03,150.69,150.06,115011.0,150.236,-0.0599
2022-05-20,150.33,145.84,150.77,148.75,120977.0,150.456,-0.873
2022-05-23,149.8,148.74,151.6,150.53,108686.0,150.774,1.1966
2022-05-24,148.97,147.58,152.07,151.47,93237.0,150.192,0.6245
2022-05-25,149.84,149.82,152.51,151.06,94026.0,150.374,-0.2707
2022-05-26,151.33,151.12,152.93,152.47,65232.0,150.856,0.9334
2022-05-27,152.65,152.65,155.87,155.61,66905.0,152.228,2.0594
2022-05-31,154.96,153.19,155.13,153.52,126536.0,152.826,-1.3431
2022-06-01,153.29,149.83,153.56,150.08,103387.0,152.548,-2.2408
2022-06-02,150.22,149.02,152.68,152.5,83084.0,152.836,1.6125
2022-06-03,151.48,151.33,153.34,152.28,68830.0,152.798,-0.1443
2022-06-06,153.81,152.88,155.56,154.11,81141.0,152.498,1.2017
2022-06-07,153.09,153.09,156.74,156.1,82092.0,153.014,1.2913
2022-06-08,155.5,153.24,155.76,153.66,48994.0,153.73,-1.5631
2022-06-09,153.41,152.74,154.2,152.82,63339.0,153.794,-0.5467
2022-06-10,151.04,149.1,153.33,152.31,80783.0,153.8,-0.3337
2022-06-13,150.26,147.1,150.76,148.2,175564.0,152.618,-2.6984
2022-06-14,148.41,148.05,150.95,150.9,125353.0,151.578,1.8219
2022-06-15,152.68,149.395,154.82,149.93,155763.0,150.832,-0.6428
2022-06-16,147.2,145.91,148.8,148.18,120315.0,149.904,-1.1672
2022-06-17,150.84,148.51,150.97,148.94,235745.0,149.23,0.5129
2022-06-21,148.86,148.13,150.91,149.75,92163.0,149.54,0.5438
2022-06-22,148.7,148.7,151.88,150.8,92420.0,149.52,0.7012
2022-06-23,151.59,149.47,152.53,151.63,66287.0,149.86,0.5504
2022-06-24,152.52,152.52,156.85,156.75,163674.0,151.574,3.3766
2022-06-27,156.62,156.07,158.36,157.72,71314.0,153.33,0.6188
2022-06-28,158.18,156.05,159.4,156.07,98054.0,154.594,-1.0462
2022-06-29,155.84,155.06,156.11,155.88,67845.0,155.61,-0.1217
2022-06-30,154.62,154.61,157.88,156.37,120343.0,156.558,0.3143
2022-07-01,156.18,154.25,157.42,157.07,116823.0,156.622,0.4477
2022-07-05,155.9,149.81,155.9,151.11,123917.0,155.3,-3.7945
2022-07-06,150.62,148.24,154.69,152.74,165794.0,154.634,1.0787
2022-07-07,152.76,150.65,153.45,151.03,101071.0,153.664,-1.1195
2022-07-08,151.13,149.69,151.75,149.8,71144.0,152.35,-0.8144
2022-07-11,148.51,148.51,151.25,150.66,72589.0,151.068,0.5741
2022-07-12,147.36,146.05,149.52,146.15,129337.0,150.076,-2.9935
2022-07-13,145.06,143.46,145.11,144.23,160655.0,148.374,-1.3137
2022-07-14,144.45,138.13,144.45,138.19,186249.0,145.806,-4.1878
2022-07-15,139.21,136.34,139.53,137.25,149852.0,143.296,-0.6802
2022-07-18,137.82,137.01,139.64,137.72,107755.0,140.708,0.3424
2022-07-19,139.06,138.75,140.24,139.48,92841.0,139.374,1.278
2022-07-20,139.54,138.24,140.16,138.88,106051.0,138.304,-0.4302
2022-07-21,138.25,137.59,140.23,139.56,122957.0,138.578,0.4896
2022-07-22,139.56,138.83,140.82,139.5,106950.0,139.028,-0.043
2022-07-25,139.67,138.57,141.26,139.82,131006.0,139.448,0.2294
2022-07-26,139.84,133.76,140.24,134.85,225495.0,138.522,-3.5546
2022-07-27,134.88,131.56,134.95,133.17,180721.0,137.38,-1.2458
2022-07-28,132.91,128.67,132.92,129.58,191758.0,135.384,-2.6958
2022-07-29,129.15,128.6,130.69,129.31,230569.0,133.346,-0.2084
2022-08-01,129.25,125.28,129.25,126.05,171023.0,130.592,-2.5211
2022-08-02,125.85,124.18,125.85,124.3,187410.0,128.482,-1.3883
2022-08-03,125.6,124.78,127.09,127.0,213953.0,127.248,2.1722
2022-08-04,126.67,125.33,126.86,125.41,126833.0,126.414,-1.252
2022-08-05,124.6,124.54,126.17,125.3,156042.0,125.612,-0.0877
2022-08-08,125.89,125.55,127.96,127.7,137894.0,125.942,1.9154
2022-08-09,128.5,128.34,130.54,128.73,100863.0,126.828,0.8066
2022-08-10,130.38,129.57,131.18,130.92,83984.0,127.612,1.7012
2022-08-11,131.78,131.78,135.45,135.2,116297.0,129.57,3.2692
2022-08-12,136.97,136.74,138.57,137.29,126469.0,131.968,1.5459
2022-08-15,136.14,135.87,137.42,136.32,84608.0,133.692,-0.7065
2022-08-16,136.14,135.71,137.56,137.29,93515.0,135.404,0.7116
2022-08-17,137.0,136.75,138.02,137.87,78294.0,136.794,0.4225
2022-08-18,137.77,137.77,140.26,140.2,120407.0,137.794,1.69
2022-08-19,139.68,138.82,140.07,139.96,119907.0,138.328,-0.1712
2022-08-22,139.14,135.81,139.31,136.14,109033.0,138.292,-2.7294
2022-08-23,136.16,135.22,136.55,135.41,49243.0,137.916,-0.5362
2022-08-24,135.18,134.32,136.51,135.51,54983.0,137.444,0.0738
2022-08-25,135.61,135.3,136.71,135.63,47760.0,136.53,0.0886
2022-08-26,135.36,132.94,135.36,133.96,86848.0,135.33,-1.2313
2022-08-29,132.38,130.53,134.56,133.53,92479.0,134.808,-0.321
2022-08-30,133.2,132.5,134.06,133.81,106885.0,134.488,0.2097
2022-08-31,134.56,134.36,135.61,135.26,126413.0,134.438,1.0836
2022-09-01,134.73,134.695,136.61,136.53,152692.0,134.618,0.9389
2022-09-02,137.19,136.56,140.38,137.77,162791.0,135.38,0.9082
2022-09-06,137.39,135.35,137.99,136.41,116217.0,135.956,-0.9872
2022-09-07,136.49,136.49,140.48,140.41,96980.0,137.276,2.9323
2022-09-08,140.59,140.03,142.69,142.3,65325.0,138.684,1.3461
2022-09-09,142.79,141.8,144.01,141.88,88654.0,139.754,-0.2952
2022-09-12,141.95,141.95,144.7,143.96,101767.0,140.992,1.466
2022-09-13,142.48,142.48,147.99,146.18,178712.0,142.946,1.5421
2022-09-14,145.99,145.08,149.46,148.86,280573.0,144.636,1.8334
2022-09-15,148.54,148.54,153.87,151.9,150535.0,146.556,2.0422
2022-09-16,150.96,149.25,152.36,150.12,339679.0,148.204,-1.1718
2022-09-19,148.75,148.75,153.27,153.25,102566.0,150.062,2.085
2022-09-20,151.7,142.74,151.72,142.9,140455.0,149.406,-6.7537
2022-09-21,143.09,139.05,143.64,139.12,94806.0,147.458,-2.6452
2022-09-22,139.0,134.98,139.08,138.54,141655.0,144.786,-0.4169
2022-09-23,137.43,136.0,138.69,137.71,113232.0,142.304,-0.5991
2022-09-26,136.01,129.79,136.08,132.04,168906.0,138.062,-4.1173
2022-09-27,132.37,130.17,136.86,136.78,172879.0,136.838,3.5898
2022-09-28,137.36,136.79,141.04,139.01,201515.0,136.816,1.6304
2022-09-29,138.36,137.06,146.11,145.31,177166.0,138.17,4.532
2022-09-30,145.2,139.43,147.1,140.39,249325.0,138.706,-3.3859
2022-10-03,140.96,135.0,140.96,137.21,168864.0,139.74,-2.2651
2022-10-04,137.2,137.2,144.36,144.05,152990.0,141.194,4.9851
2022-10-05,143.24,138.28,143.8,138.37,143867.0,141.066,-3.9431
2022-10-06,137.26,134.78,137.26,135.84,163022.0,139.172,-1.8284
2022-10-07,134.93,128.74,134.93,128.74,146440.0,136.842,-5.2267
2022-10-10,128.29,128.0,134.46,132.37,167084.0,135.874,2.8196
2022-10-11,132.88,131.11,133.91,131.94,121583.0,133.452,-0.3248
2022-10-12,132.57,131.05,133.38,131.05,81496.0,131.988,-0.6745
2022-10-13,130.96,129.41,139.03,138.16,132804.0,132.452,5.4254
2022-10-14,138.4,137.45,141.11,138.61,105685.0,134.426,0.3257
2022-10-17,141.29,138.5,142.21,142.13,109075.0,136.378,2.5395
2022-10-18,144.56,142.68,146.35,146.34,138991.0,139.258,2.9621
2022-10-19,145.81,145.81,149.76,148.25,145710.0,142.698,1.3052
2022-10-20,144.31,138.45,144.31,139.22,193759.0,142.91,-6.0911
2022-10-21,139.52,138.28,142.94,138.8,180019.0,142.948,-0.3017
2022-10-24,138.94,138.81,143.21,142.22,79595.0,142.966,2.464
2022-10-25,143.38,141.17,143.49,142.94,144964.0,142.286,0.5063
2022-10-26,144.28,142.87,144.28,142.88,72731.0,141.212,-0.042
2022-10-27,143.74,143.74,150.16,148.63,105442.0,143.094,4.0244
2022-10-28,149.61,149.45,155.56,155.41,83746.0,146.416,4.5617
2022-10-31,154.47,154.47,157.46,154.68,124188.0,148.908,-0.4697
2022-11-01,155.46,152.64,156.01,154.29,83457.0,151.178,-0.2521
2022-11-02,160.0,155.69,166.04,161.23,147425.0,154.848,4.498
2022-11-03,161.43,160.6,177.6,177.49,294872.0,160.62,10.085
2022-11-04,178.86,176.27,183.0,182.87,156132.0,166.112,3.0312
2022-11-07,182.87,180.73,184.27,182.61,108032.0,171.698,-0.1422
2022-11-08,182.25,180.37,187.76,181.26,188072.0,177.092,-0.7393
2022-11-09,180.57,179.58,183.63,181.29,84264.0,181.104,0.0166
2022-11-10,184.0,178.6,184.54,179.6,107549.0,181.526,-0.9322
2022-11-11,180.43,174.08,180.43,174.23,143502.0,179.798,-2.99
2022-11-14,174.79,173.26,175.68,174.59,129660.0,178.194,0.2066
2022-11-15,176.4,175.78,181.47,181.35,73186.0,178.212,3.8719
2022-11-16,181.69,178.54,183.18,180.89,88786.0,178.132,-0.2537
2022-11-17,179.18,179.18,182.44,180.16,79031.0,178.244,-0.4036
2022-11-18,182.16,180.18,185.24,181.79,205291.0,179.756,0.9048
2022-11-21,182.61,182.15,184.4,183.44,52635.0,181.526,0.9076
2022-11-22,183.9,183.09,186.72,185.54,61842.0,182.364,1.1448
2022-11-23,186.15,184.79,186.41,185.24,50575.0,183.234,-0.1617
2022-11-25,186.35,185.08,186.78,186.56,55775.0,184.514,0.7126
2022-11-28,185.33,184.03,186.49,184.69,51139.0,185.094,-1.0024
2022-11-29,184.76,184.76,187.67,187.16,63223.0,185.838,1.3374
2022-11-30,186.6,185.67,189.02,188.91,92866.0,186.512,0.935
2022-12-01,188.5,182.11,188.6,182.83,118935.0,186.03,-3.2185
2022-12-02,182.39,182.39,189.68,187.84,100281.0,186.286,2.7403
2022-12-05,187.54,184.15,187.83,186.39,54929.0,186.626,-0.7719
2022-12-06,186.94,185.54,189.17,188.85,112862.0,186.964,1.3198
2022-12-07,187.86,181.95,188.43,182.3,85032.0,185.642,-3.4684
2022-12-08,183.69,182.27,187.65,186.76,171056.0,186.428,2.4465
2022-12-09,185.64,185.64,189.1,186.03,94677.0,186.066,-0.3909
2022-12-12,185.53,183.25,186.45,184.5,83857.0,185.688,-0.8224
2022-12-13,186.11,180.2,186.11,180.7,94737.0,184.058,-2.0596
2022-12-14,179.91,178.6,181.6,181.39,66793.0,183.876,0.3818
2022-12-15,180.67,177.66,180.67,179.79,85484.0,182.482,-0.8821
2022-12-16,179.27,178.41,182.99,182.24,410619.0,181.724,1.3627
2022-12-19,181.21,181.19,184.77,182.03,78879.0,181.23,-0.1152
2022-12-20,183.29,183.29,186.85,184.16,54644.0,181.922,1.1701
2022-12-21,185.0,185.0,187.94,187.62,93662.0,183.168,1.8788
2022-12-22,187.59,185.15,187.59,187.21,68527.0,184.652,-0.2185
2022-12-23,187.62,186.2,188.44,186.88,50405.0,185.58,-0.1763
2022-12-27,187.02,186.71,189.13,186.95,37639.0,186.564,0.0375
2022-12-28,187.33,187.07,189.03,187.32,62434.0,187.196,0.1979
2022-12-29,187.72,184.81,187.85,186.28,52310.0,186.928,-0.5552
2022-12-30,185.74,183.88,185.74,184.23,68161.0,186.332,-1.1005
2023-01-03,184.24,182.9,186.87,185.82,73916.0,186.12,0.8631
2023-01-04,186.83,185.42,188.05,186.72,72093.0,186.074,0.4843
2023-01-05,186.28,184.65,187.09,186.32,122332.0,185.874,-0.2142
2023-01-06,187.04,187.04,193.74,192.83,66239.0,187.184,3.494
2023-01-09,192.23,188.77,192.53,189.19,71034.0,188.176,-1.8877
2023-01-10,190.06,190.06,195.67,194.48,73908.0,189.908,2.7961
2023-01-11,194.0,189.29,194.0,192.83,68478.0,191.13,-0.8484
2023-01-12,193.07,192.98,196.11,195.17,83309.0,192.9,1.2135
2023-01-13,194.65,194.65,199.34,198.25,62986.0,193.984,1.5781
2023-01-17,199.28,193.95,199.28,194.62,58480.0,195.07,-1.831
2023-01-18,195.17,192.09,196.39,193.37,75859.0,194.848,-0.6423
2023-01-19,192.29,192.29,195.9,195.07,47090.0,195.296,0.8791
2023-01-20,194.99,189.61,194.99,191.3,66335.0,194.522,-1.9326
2023-01-23,191.79,190.24,192.68,190.29,80208.0,192.93,-0.528
2023-01-24,191.66,190.0,192.63,192.48,53440.0,192.502,1.1509
2023-01-25,192.43,192.43,197.3,196.28,72133.0,193.084,1.9742
2023-01-26,196.35,195.1,197.91,196.8,53523.0,193.43,0.2649
2023-01-27,197.11,194.93,197.51,195.01,55153.0,194.172,-0.9096
2023-01-30,195.15,192.14,195.51,192.6,87238.0,194.634,-1.2358
2023-01-31,193.28,191.6,196.48,195.69,473247.0,195.276,1.6044
2023-02-01,199.98,197.17,212.52,209.53,149740.0,197.926,7.0724
2023-02-02,209.16,197.7,209.16,203.43,142644.0,199.252,-2.9113
2023-02-03,204.62,200.27,206.4,206.11,91929.0,201.472,1.3174
2023-02-06,207.0,206.83,213.97,212.99,96986.0,205.55,3.338
2023-02-07,212.98,211.9,216.1,215.32,70479.0,209.476,1.0939
2023-02-08,214.07,214.07,218.57,216.88,102999.0,210.946,0.7245
2023-02-09,218.75,218.75,223.74,221.82,120501.0,214.624,2.2778
2023-02-10,221.57,214.1,222.125,216.73,134213.0,216.748,-2.2947
2023-02-13,218.9,216.26,220.67,217.36,72452.0,217.622,0.2907
2023-02-14,216.9,213.78,218.65,215.15,67124.0,217.588,-1.0167
2023-02-15,214.02,214.02,218.44,215.04,70567.0,217.22,-0.0511
2023-02-16,213.87,210.09,213.87,210.76,88606.0,215.008,-1.9903
2023-02-17,210.35,210.35,213.69,212.89,67200.0,214.24,1.0106
2023-02-21,211.33,208.04,211.33,209.77,87271.0,212.722,-1.4655
2023-02-22,208.69,206.69,210.6,207.45,52065.0,211.182,-1.106
2023-02-23,207.54,207.05,211.22,207.29,63709.0,209.632,-0.0771
2023-02-24,207.28,205.78,210.94,210.91,62033.0,209.662,1.7463
2023-02-27,211.23,210.14,212.83,211.49,62386.0,209.382,0.275
2023-02-28,211.49,211.49,215.92,214.9,123634.0,210.408,1.6124
2023-03-01,214.74,214.02,218.5,217.19,84762.0,212.356,1.0656
2023-03-02,216.0,213.37,216.0,214.18,55841.0,213.734,-1.3859
2023-03-03,213.59,211.14,214.23,212.85,57724.0,214.122,-0.621
2023-03-06,212.27,211.23,213.47,211.82,135376.0,214.188,-0.4839
2023-03-07,212.59,211.31,214.66,212.93,50261.0,213.794,0.524
2023-03-08,213.4,208.68,213.4,210.9,56551.0,212.536,-0.9534
2023-03-09,210.29,202.13,210.29,202.37,72726.0,210.174,-4.0446
2023-03-10,201.36,193.03,201.36,194.3,160823.0,206.464,-3.9877
2023-03-13,189.12,186.72,192.0,189.45,89244.0,201.99,-2.4961
2023-03-14,191.94,191.56,198.95,197.71,148509.0,198.946,4.36
2023-03-15,192.24,185.42,194.115,186.67,109669.0,194.1,-5.5839
2023-03-16,185.1,185.1,198.69,196.92,171834.0,193.01,5.491
2023-03-17,195.94,187.34,195.94,188.99,325841.0,191.948,-4.027
2023-03-20,189.25,189.25,195.41,192.47,79135.0,192.552,1.8414
2023-03-21,197.21,195.91,199.64,195.97,74112.0,192.204,1.8185
2023-03-22,196.36,192.48,197.06,192.57,77062.0,193.384,-1.735
2023-03-23,192.53,188.74,193.07,191.5,66711.0,192.3,-0.5556
2023-03-24,189.0,187.34,191.44,191.27,97407.0,192.756,-0.1201
2023-03-27,193.46,193.36,196.99,195.33,58477.0,193.328,2.1227
2023-03-28,194.59,194.0,198.575,197.61,72570.0,193.656,1.1673
2023-03-29,198.5,198.5,200.99,200.65,67538.0,195.272,1.5384
2023-03-30,201.0,197.27,201.1,198.88,46895.0,196.748,-0.8821
2023-03-31,200.42,197.6,201.83,200.34,90720.0,198.562,0.7341
2023-04-03,200.34,200.34,203.06,202.11,77995.0,199.918,0.8835
2023-04-04,202.74,197.72,202.84,202.73,80745.0,200.942,0.3068
2023-04-05,202.41,202.41,206.09,205.41,82672.0,201.894,1.322
2023-04-06,205.65,203.26,205.91,204.44,56502.0,203.006,-0.4722
2023-04-10,205.17,204.8,207.27,206.5,82104.0,204.238,1.0076
2023-04-11,206.87,204.15,206.87,205.74,72189.0,204.964,-0.368
2023-04-12,205.64,204.87,207.24,207.06,61723.0,205.83,0.6416
2023-04-13,206.21,202.47,206.32,202.74,77504.0,205.296,-2.0864
2023-04-14,202.95,199.79,202.95,201.32,59914.0,204.672,-0.7004
2023-04-17,201.01,198.87,202.44,202.42,59288.0,203.856,0.5464
2023-04-18,202.62,202.16,205.34,205.22,62199.0,203.752,1.3833
2023-04-19,209.41,205.84,209.41,207.01,74848.0,203.742,0.8722
2023-04-20,207.05,206.79,210.04,209.34,49965.0,205.062,1.1255
2023-04-21,209.41,207.5,210.73,209.8,64178.0,206.758,0.2197
2023-04-24,210.27,209.26,212.19,209.68,60925.0,208.21,-0.0572
2023-04-25,208.51,207.67,209.51,208.77,56245.0,208.92,-0.434
2023-04-26,207.79,206.28,210.08,206.96,68745.0,208.91,-0.867
2023-04-27,206.75,206.64,210.56,210.52,82913.0,209.146,1.7201
2023-04-28,209.83,209.83,217.41,215.41,201199.0,210.268,2.3228
2023-05-01,215.31,214.39,220.43,215.45,67802.0,211.422,0.0186
2023-05-02,213.49,213.49,220.3,220.12,134401.0,213.692,2.1676
2023-05-03,217.36,212.03,222.71,214.6,145117.0,215.22,-2.5077
2023-05-04,215.97,205.0,215.97,205.55,131108.0,214.226,-4.2171
2023-05-05,205.56,204.99,210.05,206.3,98980.0,212.404,0.3649
2023-05-08,206.56,205.245,209.69,209.67,73361.0,211.248,1.6335
2023-05-09,209.95,208.36,212.75,210.52,78741.0,209.328,0.4054
2023-05-10,210.96,207.81,212.04,210.39,75101.0,208.486,-0.0618
2023-05-11,210.06,210.06,212.0,211.19,64078.0,209.614,0.3802
2023-05-12,212.49,206.85,212.49,208.91,95992.0,210.136,-1.0796
2023-05-15,209.64,203.1,209.64,203.76,87870.0,208.954,-2.4652
2023-05-16,202.38,198.49,202.38,198.78,95078.0,206.606,-2.4441
2023-05-17,198.53,187.26,198.53,189.62,198699.0,202.452,-4.6081
2023-05-18,190.0,188.43,195.64,195.0,99951.0,199.214,2.8373
2023-05-19,196.35,195.91,201.06,198.86,75150.0,197.204,1.9795
2023-05-22,198.46,181.97,198.46,189.03,171146.0,194.258,-4.9432
2023-05-23,190.61,187.98,199.38,196.39,338624.0,193.78,3.8936
2023-05-24,193.9,189.31,194.9,192.0,767398.0,194.256,-2.2353
2023-05-25,194.0,192.69,196.95,194.67,989462.0,194.19,1.3906
2023-05-26,195.17,188.95,195.19,189.08,211247.0,192.234,-2.8715
2023-05-30,191.04,188.99,193.55,192.29,385475.0,192.886,1.6977
2023-05-31,191.41,186.62,192.47,188.37,336192.0,191.282,-2.0386
2023-06-01,187.83,185.01,189.53,188.43,163282.0,190.568,0.0319
