date,LOG_CHG_PCT_1D_win,PX_LAST
2017-03-28,0.034367609720423346,10.5
2017-03-29,0.0,10.5
2017-03-30,0.0,10.5
2017-03-31,0.0,10.5
2017-04-03,0.0,10.5
2017-04-04,0.0,10.5
2017-04-05,-0.033553681155164855,9.9
2017-04-06,0.0,9.9
2017-04-07,0.0,9.9
2017-04-10,0.02000064690468918,10.1
2017-04-11,0.0,10.1
2017-04-12,0.0,10.1
2017-04-13,0.0,10.1
2017-04-14,0.0,10.1
2017-04-17,0.0,10.1
2017-04-18,0.0,10.1
2017-04-19,0.0,10.1
2017-04-20,0.0,10.1
2017-04-21,0.0,10.1
2017-04-24,0.0,10.1
2017-04-25,0.0,10.1
2017-04-26,0.0,10.1
2017-04-27,0.0,10.1
2017-04-28,0.0,10.1
2017-05-01,-0.020000686908689915,9.9
2017-05-02,-0.005063799418599426,9.85
2017-05-03,0.0,9.85
2017-05-04,0.034367609720423346,10.51
2017-05-05,-0.008599873131815013,10.42
2017-05-08,0.0,10.42
2017-05-09,-0.033553681155164855,10.0
2017-05-10,0.0,10.0
2017-05-11,0.015873349156290163,10.16
2017-05-12,0.0,10.16
2017-05-15,0.034367609720423346,11.24
2017-05-16,-0.033553681155164855,10.27
2017-05-17,-0.02564196308097941,10.01
2017-05-18,-0.0009994993330835057,10.0
2017-05-19,0.0,10.0
2017-05-22,0.003992021269537457,10.04
2017-05-23,-0.000996496337595529,10.03
2017-05-24,-0.0029954819797988093,10.0
2017-05-25,-0.005012541823544286,9.95
2017-05-26,-0.009086154361257193,9.86
2017-05-29,0.0,9.86
2017-05-30,-0.0010145144457947186,9.85
2017-05-31,0.0,9.85
2017-06-01,0.020101602206569983,10.05
2017-06-02,-0.004987416511046837,10.0
2017-06-05,0.0,10.0
2017-06-06,-0.007024614936964466,9.93
2017-06-07,0.014993040538489592,10.08
2017-06-08,0.0,10.08
2017-06-09,0.0,10.08
2017-06-12,0.0,10.08
2017-06-13,-0.00696822176374589,10.01
2017-06-14,-0.0009994993330835057,10.0
2017-06-15,0.0009995003330834232,10.01
2017-06-16,0.0,10.01
2017-06-19,-0.0009994993330835057,10.0
2017-06-20,-0.0010005003335835344,9.99
2017-06-21,0.004992516623041219,10.04
2017-06-22,-0.0029924729844071083,10.01
2017-06-23,0.006968662371648899,10.08
2017-06-26,-0.004972341626557867,10.03
2017-06-27,0.016806968316370085,10.2
2017-06-28,-0.018802667422742177,10.01
2017-06-29,0.002992517948406023,10.04
2017-06-30,-0.000996496337595529,10.03
2017-07-03,-0.0019959906646971766,10.01
2017-07-04,0.0,10.01
2017-07-05,0.017822236243127176,10.19
2017-07-06,-0.01882202824062535,10.0
2017-07-07,0.009950330853168092,10.1
2017-07-10,-0.00595871795024785,10.04
2017-07-11,0.0,10.04
2017-07-12,0.0,10.04
2017-07-13,-0.0029924729844071083,10.01
2017-07-14,0.0,10.01
2017-07-17,-0.0009994993330835057,10.0
2017-07-18,0.0009995003330834232,10.01
2017-07-19,0.0,10.01
2017-07-20,0.004982566374285074,10.06
2017-07-21,-0.004982391524300308,10.01
2017-07-24,0.0,10.01
2017-07-25,0.008950821609193393,10.1
2017-07-26,-0.003967861561385516,10.06
2017-07-27,0.0,10.06
2017-07-28,0.0,10.06
2017-07-31,0.0,10.06
2017-08-01,-0.0019899786948651614,10.04
2017-08-02,-0.001993986670737156,10.02
2017-08-03,0.003984053110301713,10.06
2017-08-04,0.0,10.06
2017-08-07,0.0,10.06
2017-08-08,0.0,10.06
2017-08-09,-0.004982391524300308,10.01
2017-08-10,0.0,10.01
2017-08-11,0.0009985013315855025,10.02
2017-08-14,0.005970143176979828,10.08
2017-08-15,-0.007968665649299853,10.0
2017-08-16,0.0,10.0
2017-08-17,0.0,10.0
2017-08-18,0.0,10.0
2017-08-21,0.001998002662673058,10.02
2017-08-22,0.0,10.02
2017-08-23,-0.0060059999638266155,9.96
2017-08-24,0.0020059866627369803,9.98
2017-08-25,0.0010014983330854793,9.99
2017-08-28,-0.0020040066806970842,9.97
2017-08-29,0.0,9.97
2017-08-30,0.0,9.97
2017-08-31,0.0,9.97
2017-09-01,-0.002008014712793415,9.95
2017-09-04,0.0,9.95
2017-09-05,0.00301046400256777,9.98
2017-09-06,0.0,9.98
2017-09-07,0.0,9.98
2017-09-08,0.0,9.98
2017-09-11,0.0,9.98
2017-09-12,0.0,9.98
2017-09-13,0.0,9.98
2017-09-14,0.0,9.98
2017-09-15,-0.002006010694737265,9.96
2017-09-18,0.0,9.96
2017-09-19,0.0,9.96
2017-09-20,0.0,9.96
2017-09-21,-0.0010045043456035879,9.95
2017-09-22,-0.0010055053511136515,9.94
2017-09-25,0.0040159253663024025,9.98
2017-09-26,-0.002006010694737265,9.96
2017-09-27,0.0,9.96
2017-09-28,0.0,9.96
2017-09-29,0.0010034963290955394,9.97
2017-10-02,0.0,9.97
2017-10-03,0.0,9.97
2017-10-04,-0.001003503341095535,9.96
2017-10-06,-0.005032642528074677,9.91
2017-10-10,0.006035748169344373,9.97
2017-10-11,0.0,9.97
2017-10-12,0.0020039906686969604,9.99
2017-10-13,-0.0020040066806970842,9.97
2017-10-16,-0.001003503341095535,9.96
2017-10-17,0.0,9.96
2017-10-18,0.0,9.96
2017-10-19,0.0010034963290955394,9.97
2017-10-20,0.0010024973315896188,9.98
2017-10-23,0.0,9.98
2017-10-24,0.0,9.98
2017-10-25,-0.0010025023375894915,9.97
2017-10-26,-0.001003503341095535,9.96
2017-10-27,0.0,9.96
2017-10-30,0.0,9.96
2017-10-31,0.0010034963290955394,9.97
2017-11-01,-0.002008014712793415,9.95
2017-11-02,0.0,9.95
2017-11-03,0.0,9.95
2017-11-06,0.0,9.95
2017-11-07,0.0,9.95
2017-11-08,0.0,9.95
2017-11-09,0.0,9.95
2017-11-10,0.0,9.95
2017-11-13,0.0,9.95
2017-11-14,-0.004028101920436333,9.91
2017-11-15,0.0140281438746208,10.05
2017-11-16,-0.008995337004988998,9.96
2017-11-17,-0.002010018734865772,9.94
2017-11-20,0.0,9.94
2017-11-21,0.0,9.94
2017-11-22,0.0,9.94
2017-11-23,0.0,9.94
2017-11-24,0.0,9.94
2017-11-27,0.0,9.94
2017-11-28,-0.0030225633457645023,9.91
2017-11-29,-0.0010095093831739455,9.9
2017-11-30,-0.0010105103936939833,9.89
2017-12-01,0.0,9.89
2017-12-04,0.0,9.89
2017-12-05,0.0,9.89
2017-12-06,0.0,9.89
2017-12-07,0.0010104892836939002,9.9
2017-12-08,0.0,9.9
2017-12-11,0.0,9.9
2017-12-12,0.0010094902931736811,9.91
2017-12-13,0.0,9.91
2017-12-14,0.0,9.91
2017-12-15,0.0010084913016557007,9.92
2017-12-18,0.0,9.92
2017-12-19,0.0010074923091395135,9.93
2017-12-20,0.0,9.93
2017-12-21,0.0,9.93
2017-12-22,0.0,9.93
2017-12-26,0.0,9.93
2017-12-27,-0.0030255724316995717,9.9
2017-12-28,0.0,9.9
2017-12-29,0.004031861113370578,9.94
2018-01-02,0.0010054943211136194,9.95
2018-01-03,-0.005037667767338813,9.9
2018-01-04,0.007046117705778319,9.97
2018-01-05,0.0,9.97
2018-01-08,0.0,9.97
2018-01-09,0.0,9.97
2018-01-10,0.0,9.97
2018-01-11,0.0,9.97
2018-01-12,0.0,9.97
2018-01-15,0.0,9.97
2018-01-16,-0.002008014712793415,9.95
2018-01-17,0.0,9.95
2018-01-18,0.0,9.95
2018-01-19,0.0,9.95
2018-01-22,-0.002012022760954131,9.93
2018-01-23,0.0040199093268770275,9.97
2018-01-24,-0.002008014712793415,9.95
2018-01-25,0.0,9.95
2018-01-26,0.0,9.95
2018-01-29,0.002007982652793016,9.97
2018-01-30,-0.005027617314063332,9.92
2018-01-31,0.0,9.92
2018-02-01,0.0,9.92
2018-02-02,0.0,9.92
2018-02-05,0.005027341714025297,9.97
2018-02-06,-0.002008014712793415,9.95
2018-02-07,0.0,9.95
2018-02-08,-0.002012022760954131,9.93
2018-02-09,-0.00403613424250037,9.89
2018-02-12,0.0020199585094660072,9.91
2018-02-13,-0.0010095093831739455,9.9
2018-02-14,0.0,9.9
2018-02-15,-0.004048182846569341,9.86
2018-02-16,0.011094230805524845,9.97
2018-02-19,0.0,9.97
2018-02-20,0.0,9.97
2018-02-21,-0.009067990230168216,9.88
2018-02-22,0.0,9.88
2018-02-23,0.010070125657682021,9.98
2018-02-26,0.0,9.98
2018-02-27,0.0,9.98
2018-02-28,0.0,9.98
2018-03-01,0.0,9.98
2018-03-02,0.0,9.98
2018-03-05,0.0,9.98
2018-03-06,0.0010014983330854793,9.99
2018-03-07,0.0,9.99
2018-03-08,0.0,9.99
2018-03-09,-0.001001501335085566,9.98
2018-03-12,0.0,9.98
2018-03-13,0.0,9.98
2018-03-14,0.0,9.98
2018-03-15,0.0010014983330854793,9.99
2018-03-16,-0.0030075180519070744,9.96
2018-03-19,0.0,9.96
2018-03-20,0.0040079573975367894,10.0
2018-03-21,0.0,10.0
2018-03-22,0.0009995003330834232,10.01
2018-03-23,0.0009985013315855025,10.02
2018-03-26,0.00298952690806738,10.05
2018-03-27,0.0,10.05
2018-03-28,0.0,10.05
2018-03-29,-0.004987416511046837,10.0
2018-03-30,0.0,10.0
2018-04-02,0.003992021269537457,10.04
2018-04-03,0.0,10.04
2018-04-04,0.0,10.04
2018-04-05,-0.00699641795283143,9.97
2018-04-06,0.0,9.97
2018-04-09,0.007991978889544215,10.05
2018-04-10,0.0,10.05
2018-04-11,-0.007991849929552467,9.97
2018-04-12,-0.001003503341095535,9.96
2018-04-13,0.007999915177028343,10.04
2018-04-16,-0.000996496337595529,10.03
2018-04-17,-0.0009974973350895607,10.02
2018-04-18,0.0,10.02
2018-04-19,0.000997502329089577,10.03
2018-04-20,0.004972616026520272,10.08
2018-04-23,0.001982034471309897,10.1
2018-04-24,-0.001981962791312462,10.08
2018-04-25,-0.0009924923576394432,10.07
2018-04-26,0.0,10.07
2018-04-27,0.0,10.07
2018-04-30,-0.0009934933511255072,10.06
2018-05-01,0.0,10.06
2018-05-02,0.000993506309125341,10.07
2018-05-03,-0.0019879747129531553,10.05
2018-05-04,0.0,10.05
2018-05-07,-0.007991849929552467,9.97
2018-05-08,0.008986500180944233,10.06
2018-05-09,0.0,10.06
2018-05-10,-0.0029864550207857297,10.03
2018-05-11,0.0,10.03
2018-05-14,0.0,10.03
2018-05-15,-0.0009974973350895607,10.02
2018-05-16,0.0,10.02
2018-05-17,0.0,10.02
2018-05-18,-0.005002491622791487,9.97
2018-05-21,0.005002466772791121,10.02
2018-05-22,0.0,10.02
2018-05-23,0.001994010638736984,10.04
2018-05-24,0.007936423113514886,10.12
2018-05-25,0.0,10.12
2018-05-28,0.0,10.12
2018-05-29,-0.007936410153515046,10.04
2018-05-30,0.0009955043211034807,10.05
2018-05-31,-0.002989463998069433,10.02
2018-06-01,0.0,10.02
2018-06-04,0.0,10.02
2018-06-05,0.001994010638736984,10.04
2018-06-06,0.0,10.04
2018-06-07,0.0019900185988643696,10.06
2018-06-08,0.000993506309125341,10.07
2018-06-11,-0.0019879747129531553,10.05
2018-06-12,0.001988022572951903,10.07
2018-06-13,-0.005975819697091153,10.01
2018-06-14,0.005976107445049789,10.07
2018-06-15,0.0,10.07
2018-06-18,-0.0019879747129531553,10.05
2018-06-19,-0.0009954953411034923,10.04
2018-06-20,0.0009955043211034807,10.05
2018-06-21,0.011869280570089642,10.17
2018-06-22,0.0,10.17
2018-06-25,-0.001968937085081101,10.15
2018-06-26,0.0019680620946982723,10.17
2018-06-27,0.0009825171718874067,10.18
2018-06-28,-0.001966933145335503,10.16
2018-06-29,0.0009835161893538683,10.17
2018-07-02,0.0009825171718874067,10.18
2018-07-03,-0.004924103523270797,10.13
2018-07-04,0.0,10.13
2018-07-05,0.000986513235764608,10.14
2018-07-06,0.001970058160452728,10.16
2018-07-09,-0.0009844844458225175,10.15
2018-07-10,-0.0019719430022289842,10.13
2018-07-11,-0.000987487405239,10.12
2018-07-12,0.00098751224923872,10.13
2018-07-13,0.003941223166586644,10.17
2018-07-16,0.0,10.17
2018-07-17,-0.002954359826436511,10.14
2018-07-18,0.001970058160452728,10.16
2018-07-19,0.0,10.16
2018-07-20,-0.0009844844458225175,10.15
2018-07-23,-0.0009854854312927417,10.14
2018-07-24,0.003937238892516501,10.18
2018-07-25,-0.0009824824778880907,10.17
2018-07-26,0.002945657288569538,10.2
2018-07-27,0.0,10.2
2018-07-30,0.004890024318581232,10.25
2018-07-31,0.0019490992713129586,10.27
2018-08-01,0.002916742168901247,10.3
2018-08-02,-0.003890558417066731,10.26
2018-08-03,0.0,10.26
2018-08-06,-0.0009754756216791714,10.25
2018-08-07,0.0019490992713129586,10.27
2018-08-08,0.008724827755660913,10.36
2018-08-09,0.0009645346868275184,10.37
2018-08-10,0.007685391575987742,10.45
2018-08-13,-0.006721539016140758,10.38
2018-08-14,-0.002894184113336092,10.35
2018-08-15,-0.004842707000063273,10.3
2018-08-16,0.001940116755779458,10.32
2018-08-17,-0.0038835311548027704,10.28
2018-08-20,-0.0009734736717800224,10.27
2018-08-21,-0.0039026052672673185,10.23
2018-08-22,-0.000978478554042713,10.22
2018-08-23,0.0029307012965756026,10.25
2018-08-24,-0.00390963266357182,10.21
2018-08-27,0.00877637470949512,10.3
2018-08-28,0.0,10.3
2018-08-29,-0.000971471725888669,10.29
2018-08-30,0.0029107596259615766,10.32
2018-08-31,0.0009685308225641595,10.33
2018-09-03,0.0,10.33
2018-09-04,0.002899791537614529,10.36
2018-09-05,0.001929138016108515,10.38
2018-09-06,-0.002894184113336092,10.35
2018-09-07,0.0,10.35
2018-09-10,0.0009655337222587274,10.36
2018-09-11,0.001929138016108515,10.38
2018-09-12,0.004805435378485056,10.43
2018-09-13,0.001916162986552894,10.45
2018-09-14,0.0,10.45
2018-09-17,-0.002875129225731782,10.42
2018-09-18,0.0,10.42
2018-09-19,0.012398816013916158,10.55
2018-09-20,-0.006657109464296409,10.48
2018-09-21,0.0,10.48
2018-09-24,-0.0019098225506534348,10.46
2018-09-25,0.002863895134629752,10.49
2018-09-26,-0.0038202880165366724,10.45
2018-09-27,0.004773588276419337,10.5
2018-09-28,0.011364182379038787,10.62
2018-10-01,0.0065693743306821945,10.69
2018-10-02,0.013934462856446747,10.84
2018-10-03,-0.011131728428552003,10.72
2018-10-04,-0.003737977541378163,10.68
2018-10-05,-0.007519198451830187,10.6
2018-10-08,0.0,10.6
2018-10-09,-0.010431216460119557,10.49
2018-10-10,-0.020222095260566453,10.28
2018-10-11,-0.009775626114929577,10.18
2018-10-12,0.0019630719128809547,10.2
2018-10-15,0.010726267360321378,10.31
2018-10-16,0.017308342682459166,10.49
2018-10-17,0.0019051839838953827,10.51
2018-10-18,0.02071593559335395,10.73
2018-10-19,-0.0018657394098426962,10.71
2018-10-22,-0.019802787296192472,10.5
2018-10-23,-0.033553681155164855,10.13
2018-10-24,-0.0039568178891836985,10.09
2018-10-25,0.005928392304430134,10.15
2018-10-26,-0.014888282493805062,10.0
2018-10-29,-0.03252319170556006,9.68
2018-10-30,-0.02298923915497029,9.46
2018-10-31,-0.007427515828796584,9.39
2018-11-01,0.030416686580707633,9.68
2018-11-02,0.030521445547880024,9.98
2018-11-05,-0.009058908288348044,9.89
2018-11-06,0.01106060535936653,10.0
2018-11-07,0.001998002662673058,10.02
2018-11-08,0.00298952690806738,10.05
2018-11-09,0.034367609720423346,10.46
2018-11-12,0.002863895134629752,10.49
2018-11-13,-0.009578729905353326,10.39
2018-11-14,-0.02041905725009066,10.18
2018-11-15,-0.003936738797641421,10.14
2018-11-16,-0.012903898342523139,10.01
2018-11-19,-0.01814564085676229,9.83
2018-11-20,-0.026806094420506934,9.57
2018-11-21,0.02680550082033086,9.83
2018-11-22,0.0,9.83
2018-11-23,0.009114337944096263,9.92
2018-11-26,-0.004040150427726842,9.88
2018-11-27,-0.007110217795145111,9.81
2018-11-28,0.025164696263288596,10.06
2018-11-29,0.0019860265430555308,10.08
2018-11-30,-0.007968665649299853,10.0
2018-12-03,0.003992021269537457,10.04
2018-12-04,-0.012023999418433308,9.92
2018-12-05,0.0,9.92
2018-12-06,0.0,9.92
2018-12-07,-0.008097698037616384,9.84
2018-12-10,0.0,9.84
2018-12-11,-0.0010165164778573204,9.83
2018-12-12,0.009114337944096263,9.92
2018-12-13,0.006029784256978133,9.98
2018-12-14,-0.023315710954646903,9.75
2018-12-17,0.015267850918595465,9.9
2018-12-18,-0.0030345997438324165,9.87
2018-12-19,0.006060597421358259,9.93
2018-12-20,0.018953247067058504,10.12
2018-12-21,-0.03213173940738942,9.8
2018-12-24,-0.033553681155164855,9.4
2018-12-26,0.034367609720423346,9.79
2018-12-27,0.02919174459286518,10.08
2018-12-28,-0.017008833574790362,9.91
2018-12-31,-0.015251718408725159,9.76
2019-01-02,-0.016528851951311804,9.6
2019-01-03,-0.033553681155164855,9.13
2019-01-04,0.034367609720423346,9.45
2019-01-07,-0.0021182418911193743,9.43
2019-01-08,0.010548171912564078,9.53
2019-01-09,0.024872108675107425,9.77
2019-01-10,0.01523633528240539,9.92
2019-01-11,-0.030708723147235033,9.62
2019-01-14,-0.033553681155164855,9.25
2019-01-15,0.011821845802767997,9.36
2019-01-16,0.008510681193332415,9.44
2019-01-17,0.0052830202409590524,9.49
2019-01-18,0.01152433897694318,9.6
2019-01-21,0.0,9.6
2019-01-22,0.011392854272231084,9.71
2019-01-23,0.029428696690805594,10.0
2019-01-24,0.014888612493750559,10.15
2019-01-25,0.01661028227877261,10.32
2019-01-28,0.007722107632369931,10.4
2019-01-29,-0.005785704958753655,10.34
2019-01-30,-0.001935872592785812,10.32
2019-01-31,0.013474805657924192,10.46
2019-02-01,-0.0047914607361307605,10.41
2019-02-04,0.000960538535121491,10.42
2019-02-05,-0.0077076275932061854,10.34
2019-02-06,-0.008742101056843492,10.25
2019-02-07,0.0,10.25
2019-02-08,-0.004889936274585196,10.2
2019-02-11,0.009756252615264511,10.3
2019-02-12,0.03247687063275569,10.64
2019-02-13,0.016775501149897298,10.82
2019-02-14,0.0064491593941792685,10.89
2019-02-15,0.018198400034972282,11.09
2019-02-18,0.0,11.09
2019-02-19,-0.0018046273608819643,11.07
2019-02-20,-0.007253241271383105,10.99
2019-02-21,-0.01466602226879296,10.83
2019-02-22,0.00735984973949847,10.91
2019-02-25,0.0027462256680252286,10.94
2019-02-26,-0.00458047437410925,10.89
2019-02-27,-0.022285487043053935,10.65
2019-02-28,-0.004706056131765915,10.6
2019-03-01,0.0,10.6
2019-03-04,0.009389777733015844,10.7
2019-03-05,-0.0028079385722273283,10.67
2019-03-06,-0.012258833395940045,10.54
2019-03-07,-0.02012515930403626,10.33
2019-03-08,-0.01070610637955543,10.22
2019-03-11,0.008767453311472414,10.31
2019-03-12,0.010612487816474522,10.42
2019-03-13,0.02558197308961579,10.69
2019-03-14,0.0009345631597757753,10.7
2019-03-15,0.004662115431387403,10.75
2019-03-18,0.014774320248354981,10.91
2019-03-19,-0.033553681155164855,10.55
2019-03-20,-0.011439178637187937,10.43
2019-03-21,-0.014486423382635057,10.28
2019-03-22,0.017358466296146357,10.46
2019-03-25,-0.001913830205273769,10.44
2019-03-26,0.0019141668132171203,10.46
2019-03-27,0.013295225500062366,10.6
2019-03-28,0.034367609720423346,11.45
2019-03-29,0.034367609720423346,11.9
2019-04-01,0.029803432511294577,12.26
2019-04-02,0.0,12.26
2019-04-03,0.016181372578346464,12.46
2019-04-04,0.027702711838947257,12.81
2019-04-05,-0.027702186819085085,12.46
2019-04-08,-0.0008033225771978853,12.45
2019-04-09,0.004807425788688532,12.51
2019-04-10,0.026815236278719977,12.85
2019-04-11,0.007751876418212482,12.95
2019-04-12,0.01151643061117726,13.1
2019-04-15,0.022642708093016706,13.4
2019-04-16,0.022141067483051332,13.7
2019-04-17,-0.01841654834758537,13.45
2019-04-18,-0.019520287157907972,13.19
2019-04-19,0.0,13.19
2019-04-22,-0.004559378186039027,13.13
2019-04-23,-0.0038152688911594905,13.08
2019-04-24,0.013667177190095673,13.26
2019-04-25,0.005265114924273133,13.33
2019-04-26,0.024454535471775427,13.66
2019-04-29,-0.011782137587149586,13.5
2019-04-30,0.0014799044010879942,13.52
2019-05-01,-0.014152678359717882,13.33
2019-05-02,-0.029693521315751363,12.94
2019-05-03,0.032689817822657605,13.37
2019-05-06,-0.011282407673681213,13.22
2019-05-07,0.034367609720423346,13.89
2019-05-08,0.007887809277511563,14.0
2019-05-09,0.0337113335853675,14.48
2019-05-10,0.021858355974565473,14.8
2019-05-13,0.004045804683741472,14.86
2019-05-14,-0.0033706743455243805,14.81
2019-05-15,-0.004059227527827466,14.75
2019-05-16,0.012798745513158105,14.94
2019-05-17,-0.012799566071494848,14.75
2019-05-20,-0.0006782299459413964,14.74
2019-05-21,-0.007490987518681147,14.63
2019-05-22,-0.027019768317971576,14.24
2019-05-23,-0.033553681155164855,13.77
2019-05-24,0.023682346345677226,14.1
2019-05-27,0.0,14.1
2019-05-28,0.006362714929477549,14.19
2019-05-29,-0.012052338524174509,14.02
2019-05-30,-0.007876941810562706,13.91
2019-05-31,0.005019381800151514,13.98
2019-06-03,-0.012959614207832827,13.8
2019-06-04,-0.033553681155164855,13.28
2019-06-05,-0.033553681155164855,12.79
2019-06-06,-0.020537457217566925,12.53
2019-06-07,-0.0015972749647431052,12.51
2019-06-10,-0.012062459828000908,12.36
2019-06-11,0.0,12.36
2019-06-12,0.0,12.36
2019-06-13,0.005647025496201436,12.43
2019-06-14,0.0016077069463297257,12.45
2019-06-17,0.01909355243259528,12.69
2019-06-18,-0.00157724319435458,12.67
2019-06-19,-0.011909639044481897,12.52
2019-06-20,0.026794791706631627,12.86
2019-06-21,0.026095530479733564,13.2
2019-06-24,-0.016036906531068332,12.99
2019-06-25,-0.03127706761434172,12.59
2019-06-26,-0.006374272578266858,12.51
2019-06-27,0.003989033217264492,12.56
2019-06-28,0.034367609720423346,13.09
2019-07-01,0.034367609720423346,13.64
2019-07-02,-0.033553681155164855,13.18
2019-07-03,0.01131672364588161,13.33
2019-07-04,0.0,13.33
2019-07-05,0.004490900792515894,13.39
2019-07-08,-0.014291640716864848,13.2
2019-07-09,0.019505524341938228,13.46
2019-07-10,0.019131814116025624,13.72
2019-07-11,-0.012468408551420732,13.55
2019-07-12,0.008817015626676961,13.67
2019-07-15,-0.003664706842749431,13.62
2019-07-16,0.01022653033034285,13.76
2019-07-17,-0.0029112335310738616,13.72
2019-07-18,0.010873666823520183,13.87
2019-07-19,-0.0057846991567849695,13.79
2019-07-22,0.0,13.79
2019-07-23,0.002896800219914177,13.83
2019-07-24,0.0007227387614094462,13.84
2019-07-25,0.0007227387614094462,13.85
2019-07-26,0.007194060580240568,13.95
2019-07-29,-0.010086700151038176,13.81
2019-07-30,0.003614459962396127,13.86
2019-07-31,-0.0007222607675236566,13.85
2019-08-01,-0.013081186871963833,13.67
2019-08-02,-0.02069568595437935,13.39
2019-08-05,-0.033553681155164855,12.85
2019-08-06,0.01083607707799835,12.99
2019-08-07,0.034367609720423346,13.69
2019-08-08,0.018813903375618574,13.95
2019-08-09,0.0007167430783013157,13.96
2019-08-12,0.002146694202348478,13.99
2019-08-13,0.0,13.99
2019-08-14,-0.012226439223648886,13.82
2019-08-15,-0.002898195714887789,13.78
2019-08-16,0.009389777733015844,13.91
2019-08-19,-0.006491021170371195,13.82
2019-08-20,0.007209945762146107,13.92
2019-08-21,-0.001438033474687424,13.9
2019-08-22,0.006454127239798541,13.99
2019-08-23,-0.021677263328828425,13.69
2019-08-26,-0.007331812167554838,13.59
2019-08-27,-0.005164312134045093,13.52
2019-08-28,0.012495603747628073,13.69
2019-08-29,0.007278447718697854,13.79
2019-08-30,0.009382843129791653,13.92
2019-09-02,0.0,13.92
2019-09-03,0.0028698779579439857,13.96
2019-09-04,0.009979043312248678,14.1
2019-09-05,0.0056579634941601,14.18
2019-09-06,0.01747639430123612,14.43
2019-09-09,-0.014659933642752344,14.22
2019-09-10,0.015352544269627184,14.44
2019-09-11,0.03270046399189984,14.92
2019-09-12,0.002677412530074011,14.96
2019-09-13,-0.007380166556883629,14.85
2019-09-16,0.003361344347000027,14.9
2019-09-17,-0.010118014911354027,14.75
2019-09-18,-0.0006782299459413964,14.74
2019-09-19,-0.013661900213019081,14.54
2019-09-20,0.0006877634364975964,14.55
2019-09-23,-0.01105791399698821,14.39
2019-09-24,-0.013291947841433826,14.2
2019-09-25,0.004216099747737239,14.26
2019-09-26,-0.009866514365867989,14.12
2019-09-27,-0.0225616097905729,13.805
2019-09-30,0.034367609720423346,14.35
2019-10-01,-0.03258104461867694,13.89
2019-10-02,-0.003606495594111744,13.84
2019-10-03,0.0010834128962420961,13.855
2019-10-04,0.008265744417032593,13.97
2019-10-07,0.0007157437942881712,13.98
2019-10-08,0.015614457378989395,14.2
2019-10-09,-0.011331964870028447,14.04
2019-10-10,-0.0035673554528308977,13.99
2019-10-11,0.003923293808257904,14.045
2019-10-14,-0.006070387577281679,13.96
2019-10-15,0.004288789978351609,14.02
2019-10-16,0.013460992944505258,14.21
2019-10-17,0.026390682248817326,14.59
2019-10-18,-0.02007720498918453,14.3
2019-10-21,-0.005609705014619286,14.22
2019-10-22,-0.012738795008225562,14.04
2019-10-23,-0.012181898950123707,13.87
2019-10-24,0.0007207402043675723,13.88
2019-10-25,-0.002886160958511328,13.84
2019-10-28,0.03129709635776519,14.28
2019-10-29,0.00697859287796584,14.38
2019-10-30,-0.004180727073357692,14.32
2019-10-31,0.0020928085476945887,14.35
2019-11-01,0.034367609720423346,15.0
2019-11-04,-0.020202707317519466,14.7
2019-11-05,0.002717304781109309,14.74
2019-11-06,0.024129527258309292,15.1
2019-11-07,-0.011321850957026152,14.93
2019-11-08,-0.009421240845974416,14.79
2019-11-11,0.004721834572285761,14.86
2019-11-12,-0.012186960244934559,14.68
2019-11-13,0.0013610733193307005,14.7
2019-11-14,-0.025492182160941977,14.33
2019-11-15,0.01729556567321304,14.58
2019-11-18,0.0,14.58
2019-11-19,0.012947814106211836,14.77
2019-11-20,-0.0177597753398501,14.51
2019-11-21,0.012328688436019947,14.69
2019-11-22,-0.010951752108096598,14.53
2019-11-25,0.022457922407221994,14.86
2019-11-26,0.004029869158874729,14.92
2019-11-27,0.005347675659926292,15.0
2019-11-28,0.0,15.0
2019-11-29,-0.0020020026706730793,14.97
2019-12-02,-0.01277323149064366,14.78
2019-12-03,0.008757540553653827,14.91
2019-12-04,-0.033553681155164855,14.21
2019-12-05,0.0049139069592859744,14.28
2019-12-06,0.0062832191710311645,14.37
2019-12-09,-0.00803519589538551,14.255
2019-12-10,-0.012351972487091313,14.08
2019-12-11,0.005665918326621435,14.16
2019-12-12,-0.004246001519790892,14.1
2019-12-13,0.009880031352513195,14.24
2019-12-16,0.0076953149674061395,14.35
2019-12-17,0.0013930292840139001,14.37
2019-12-18,0.0013910320661385644,14.39
2019-12-19,-0.012939353534002622,14.205
2019-12-20,0.002460969329360772,14.24
2019-12-23,-0.013788627698910228,14.045
2019-12-24,0.0060337602025075775,14.13
2019-12-26,-0.012820836816169277,13.95
2019-12-27,0.006431274945600979,14.04
2019-12-30,-0.007865854883511061,13.93
2019-12-31,0.004297751421741632,13.99
2020-01-02,0.009957261522220345,14.13
2020-01-03,-0.006389368611683711,14.04
2020-01-06,0.007804465774238251,14.15
2020-01-07,-0.013518970881193335,13.96
2020-01-08,0.014225338388914023,14.16
2020-01-09,0.0230375852512788,14.49
2020-01-10,0.010298784987459116,14.64
2020-01-13,0.010869710074740968,14.8
2020-01-14,0.007404518764366268,14.91
2020-01-15,-0.010110943750728957,14.76
2020-01-16,0.018792313179137165,15.04
2020-01-17,0.013866415351372305,15.25
2020-01-20,0.0,15.25
2020-01-21,-0.006908810967779908,15.145
2020-01-22,0.0212319974166736,15.47
2020-01-23,0.03180966520606165,15.97
2020-01-24,0.025348982498359717,16.38
2020-01-27,-0.022848039861141353,16.01
2020-01-28,0.015494340333645345,16.26
2020-01-29,-0.014245994017240029,16.03
2020-01-30,0.012091601053391313,16.225
2020-01-31,-0.018349323853398897,15.93
2020-02-03,0.005634098617092891,16.02
2020-02-04,0.02313823443862176,16.395
2020-02-05,0.008502748958415263,16.535
2020-02-06,-0.002724708649517875,16.49
2020-02-07,-0.02021495229044804,16.16
2020-02-10,0.0055535504519812935,16.25
2020-02-11,-0.004935157883085281,16.17
2020-02-12,0.015951102038968188,16.43
2020-02-13,0.012099504871824844,16.63
2020-02-14,-0.0024078966577398926,16.59
2020-02-17,0.0,16.59
2020-02-18,0.0030094670080079524,16.64
2020-02-19,0.021404285133670986,17.0
2020-02-20,0.001763444217867989,17.03
2020-02-21,-0.001763554147874056,17.0
2020-02-24,-0.005308062872523047,16.91
2020-02-25,-0.02515064247004355,16.49
2020-02-26,-0.033553681155164855,15.91
2020-02-27,-0.033553681155164855,15.18
2020-02-28,-0.0023086629125719485,15.145
2020-03-02,-0.01563864870059695,14.91
2020-03-03,-0.02444126917977304,14.55
2020-03-04,0.004115519619397939,14.61
2020-03-05,-0.033553681155164855,12.62
2020-03-06,-0.033553681155164855,12.06
2020-03-09,-0.033553681155164855,11.14
2020-03-10,-0.023615667703747265,10.88
2020-03-11,-0.033553681155164855,9.81
2020-03-12,-0.033553681155164855,7.96
2020-03-13,0.034367609720423346,8.36
2020-03-16,-0.033553681155164855,6.49
2020-03-17,0.034367609720423346,7.06
2020-03-18,-0.033553681155164855,5.88
2020-03-19,0.034367609720423346,6.51
2020-03-20,-0.024885081111249006,6.35
2020-03-23,-0.033553681155164855,5.85
2020-03-24,0.034367609720423346,6.45
2020-03-25,0.034367609720423346,6.87
2020-03-26,0.034367609720423346,7.25
2020-03-27,-0.033553681155164855,6.81
2020-03-30,0.034367609720423346,7.14
2020-03-31,0.0,7.14
2020-04-01,-0.033553681155164855,6.28
2020-04-02,0.034367609720423346,6.75
2020-04-03,-0.033553681155164855,6.35
2020-04-06,0.034367609720423346,6.87
2020-04-07,0.028696294466299514,7.07
2020-04-08,0.034367609720423346,7.54
2020-04-09,0.034367609720423346,8.2
2020-04-10,0.0,8.2
2020-04-13,-0.022195507952906802,8.02
2020-04-14,0.01975360648683625,8.18
2020-04-15,-0.033553681155164855,7.68
2020-04-16,-0.033553681155164855,7.14
2020-04-17,0.022161607419290054,7.3
2020-04-20,-0.024967100258664908,7.12
2020-04-21,-0.033553681155164855,6.83
2020-04-22,0.017417432037068144,6.95
2020-04-23,0.01711863645623331,7.07
2020-04-24,0.034367609720423346,7.34
2020-04-27,0.034367609720423346,8.29
2020-04-28,0.034367609720423346,8.67
2020-04-29,0.034367609720423346,9.38
2020-04-30,-0.033553681155164855,8.96
2020-05-01,-0.033553681155164855,8.42
2020-05-04,0.034367609720423346,8.79
2020-05-05,-0.033553681155164855,8.47
2020-05-06,-0.01546699972740322,8.34
2020-05-07,0.034367609720423346,8.85
2020-05-08,0.02234742576381177,9.05
2020-05-11,0.006608118214244683,9.11
2020-05-12,0.034367609720423346,9.5
2020-05-13,-0.033553681155164855,8.78
2020-05-14,0.034367609720423346,9.12
2020-05-15,0.034367609720423346,9.59
2020-05-18,0.034367609720423346,10.09
2020-05-19,-0.021032643455995013,9.88
2020-05-20,0.0338341160686186,10.22
2020-05-21,-0.008845001954290579,10.13
2020-05-22,0.003941223166586644,10.17
2020-05-25,0.0,10.17
2020-05-26,0.017544196607424758,10.35
2020-05-27,0.034367609720423346,10.95
2020-05-28,-0.007332819526817963,10.87
2020-05-29,0.0036732453662959904,10.91
2020-06-01,0.03335160048024064,11.28
2020-06-02,0.014084348273270689,11.44
2020-06-03,0.034367609720423346,12.63
2020-06-04,-0.033553681155164855,11.9
2020-06-05,0.034367609720423346,12.37
2020-06-08,0.014446150089676856,12.55
2020-06-09,-0.033553681155164855,12.1
2020-06-10,-0.025953907688714348,11.79
2020-06-11,-0.033553681155164855,10.645
2020-06-12,0.034367609720423346,11.32
2020-06-15,-0.0017685629859688064,11.3
2020-06-16,0.007055054473677037,11.38
2020-06-17,-0.027618915039997093,11.07
2020-06-18,0.014795012054252835,11.235
2020-06-19,-0.029353633290133234,10.91
2020-06-22,0.0036592966001139913,10.95
2020-06-23,-0.007332819526817963,10.87
2020-06-24,-0.033553681155164855,10.34
2020-06-25,-0.0067930204076018285,10.27
2020-06-26,-0.02564196308097941,10.01
2020-06-29,0.034367609720423346,10.36
2020-06-30,-0.0077519690222168204,10.28
2020-07-01,0.028765283605395795,10.58
2020-07-02,0.010343322928596299,10.69
2020-07-03,0.0,10.69
2020-07-06,-0.033553681155164855,10.3
2020-07-07,-0.033553681155164855,9.94
2020-07-08,0.011005219806673733,10.05
2020-07-09,-0.021117411245919752,9.84
2020-07-10,-0.011241954640153349,9.73
2020-07-13,0.020346596964907697,9.93
2020-07-14,-0.0101210454240713,9.83
2020-07-15,0.034367609720423346,10.83
2020-07-16,0.0,10.83
2020-07-17,0.005524710642700101,10.89
2020-07-20,-0.015734134847051832,10.72
2020-07-21,0.009284762877280146,10.82
2020-07-22,-0.0037038507946373788,10.78
2020-07-23,0.004627277618820262,10.83
2020-07-24,-0.01863964382369638,10.63
2020-07-27,0.014012366633488005,10.78
2020-07-28,-0.026317281650707153,10.5
2020-07-29,0.008534477520568757,10.59
2020-07-30,-0.021958329152717074,10.36
2020-07-31,-0.012627390983184257,10.23
2020-08-03,0.013592206019435085,10.37
2020-08-04,0.03319393470717046,10.72
2020-08-05,0.022141067483051332,10.96
2020-08-06,0.01628960109410791,11.14
2020-08-07,0.015144737326453248,11.31
2020-08-10,-0.01424802271520145,11.15
2020-08-11,0.008039595669706585,11.24
2020-08-12,0.003552681746172644,11.28
2020-08-13,-0.003107824286926422,11.245
2020-08-14,-0.0075877140315944724,11.16
2020-08-17,0.008921088493636447,11.26
2020-08-18,-0.026092466929426114,10.97
2020-08-19,-0.030543747140558835,10.64
2020-08-20,-0.00754741018085843,10.56
2020-08-21,0.0018922086435295248,10.58
2020-08-24,0.034367609720423346,11.21
2020-08-25,0.002227517240350863,11.235
2020-08-26,-0.033553681155164855,10.85
2020-08-27,0.015546524101256365,11.02
2020-08-28,-0.02201966310486101,10.78
2020-08-31,-0.02014556609296742,10.565
2020-09-01,0.02661856163733363,10.85
2020-09-02,-0.0018447004140633068,10.83
2020-09-03,-0.033553681155164855,10.34
2020-09-04,-0.010694988041524502,10.23
2020-09-07,0.0,10.23
2020-09-08,-0.017751632025663683,10.05
2020-09-09,0.0009945053156135283,10.06
2020-09-10,0.03227646527109627,10.39
2020-09-11,-0.029299055978525886,10.09
2020-09-14,0.006914042824093584,10.16
2020-09-15,-0.003944770385878007,10.12
2020-09-16,-0.01794708987101706,9.94
2020-09-17,0.0030134549802834677,9.97
2020-09-18,-0.028485898009186408,9.69
2020-09-21,-0.033553681155164855,9.25
2020-09-22,0.034367609720423346,9.64
2020-09-23,-0.024148235790312667,9.41
2020-09-24,-0.014989787611780247,9.27
2020-09-25,0.02870989833524001,9.54
2020-09-28,0.022799113735278008,9.76
2020-09-29,-0.011333987664903846,9.65
2020-09-30,0.0010354637223571697,9.66
2020-10-01,0.034367609720423346,10.07
2020-10-02,0.003964132434432453,10.11
2020-10-05,0.0069001391901800544,10.18
2020-10-06,0.012689151115987937,10.31
2020-10-07,0.0029057741461714225,10.34
2020-10-08,0.022000210839666866,10.57
2020-10-09,0.015955038732991717,10.74
2020-10-12,-0.0065393349198698235,10.67
2020-10-13,-0.033553681155164855,10.26
2020-10-14,0.0019471031637227014,10.28
2020-10-15,-0.00389858963440859,10.24
2020-10-16,-0.002934300853054076,10.21
2020-10-19,-0.020782467182531128,10.0
2020-10-20,0.014888612493750559,10.15
2020-10-21,0.006873324493142316,10.22
2020-10-22,0.028931421013072674,10.52
2020-10-23,0.026267956450239372,10.8
2020-10-26,-0.033553681155164855,10.29
2020-10-27,-0.022605591933829845,10.06
2020-10-28,-0.033553681155164855,9.56
2020-10-29,0.005216371048956318,9.61
2020-10-30,0.0,9.61
2020-11-02,-0.0010415422168311014,9.6
2020-11-03,0.034367609720423346,10.06
2020-11-04,0.008906221604329483,10.15
2020-11-05,0.033425104859587246,10.495
2020-11-06,-0.024597042157370835,10.24
2020-11-09,0.034367609720423346,12.0
2020-11-10,0.002496880198587146,12.03
2020-11-11,-0.008347745679044222,11.93
2020-11-12,-0.028914010164642245,11.59
2020-11-13,0.03142502093670922,11.96
2020-11-16,0.03208860928829909,12.35
2020-11-17,0.0072605780954686045,12.44
2020-11-18,-0.017025108176139295,12.23
2020-11-19,-0.009034690180063637,12.12
2020-11-20,0.021225144450489664,12.38
2020-11-23,0.02984128661092247,12.755
2020-11-24,0.014399823104939317,12.94
2020-11-25,0.0061629698274128595,13.02
2020-11-26,0.0,13.02
2020-11-27,-0.023310593019508496,12.72
2020-11-30,-0.033553681155164855,12.2
2020-12-01,0.029081018218021025,12.56
2020-12-02,0.023215424524130952,12.855
2020-12-03,-0.02640557887977151,12.52
2020-12-04,0.034367609720423346,12.99
2020-12-07,0.010720331356379903,13.13
2020-12-08,0.00758714468743248,13.23
2020-12-09,0.0037718775177674074,13.28
2020-12-10,0.015689277097958084,13.49
2020-12-11,-0.008934796682593229,13.37
2020-12-14,-0.0007482798915812763,13.36
2020-12-15,0.01412181611748376,13.55
2020-12-16,0.0014749117826742758,13.57
2020-12-17,0.01608198880684721,13.79
2020-12-18,-0.013873797592620989,13.6
2020-12-21,-0.019303112074683323,13.34
2020-12-22,0.004487914230551254,13.4
2020-12-23,0.007435289598580793,13.5
2020-12-24,0.002219535008798249,13.53
2020-12-28,0.01685613378177034,13.76
2020-12-29,-0.01316730978562616,13.58
2020-12-30,-0.007391248100421851,13.48
2020-12-31,-0.004460935192488866,13.42
2021-01-04,-0.033553681155164855,12.83
2021-01-05,-0.012549415549457038,12.67
2021-01-06,0.017990201530696193,12.9
2021-01-07,0.007722107632369931,13.0
2021-01-08,-0.0077217360164390314,12.9
2021-01-11,-0.010912323419676689,12.76
2021-01-12,0.015166406417760719,12.955
2021-01-13,0.0034679796012144575,13.0
2021-01-14,0.004604383538282979,13.06
2021-01-15,-0.0030677005855497823,13.02
2021-01-18,0.0,13.02
2021-01-19,0.001151336957168082,13.035
2021-01-20,0.034367609720423346,13.61
2021-01-21,-0.033553681155164855,13.005
2021-01-22,0.034367609720423346,13.51
2021-01-25,0.003694168150760738,13.56
2021-01-26,0.014641291271984293,13.76
2021-01-27,-0.019817067400437545,13.49
2021-01-28,-0.03086444422120012,13.08
2021-01-29,-0.02163945322851979,12.8
2021-02-01,0.02316657073179665,13.1
2021-02-02,0.034367609720423346,13.86
2021-02-03,0.01219138217715765,14.03
2021-02-04,0.03363978408420124,14.51
2021-02-05,0.005497859038091349,14.59
2021-02-08,0.008870540168187613,14.72
2021-02-09,-0.007501062760587745,14.61
2021-02-10,0.009536383802769745,14.75
2021-02-11,-0.025404991271821758,14.38
2021-02-12,-0.011892435518163321,14.21
2021-02-15,0.0,14.21
2021-02-16,-0.000704247924366036,14.2
2021-02-17,-0.016329605225262434,13.97
2021-02-18,-0.010071548199693733,13.83
2021-02-19,0.014357436962244442,14.03
2021-02-22,0.015559323477434677,14.25
2021-02-23,0.016701746098257406,14.49
2021-02-24,0.02723085194825463,14.89
2021-02-25,-0.033553681155164855,14.12
2021-02-26,0.009164873947789235,14.25
2021-03-01,0.029728690722300617,14.68
2021-03-02,-0.033553681155164855,13.89
2021-03-03,-0.00432935816122929,13.83
2021-03-04,-0.010174585996473185,13.69
2021-03-05,0.034367609720423346,14.57
2021-03-08,0.014987129808248238,14.79
2021-03-09,-0.026722897224101753,14.4
2021-03-10,0.01993889252145602,14.69
2021-03-11,0.010833109406329476,14.85
2021-03-12,-0.017663077765509676,14.59
2021-03-15,0.02370578437211837,14.94
2021-03-16,-0.018919857052511296,14.66
2021-03-17,-0.03329001456469212,14.18
2021-03-18,-0.026439462444551722,13.81
2021-03-19,0.02643937878854812,14.18
2021-03-22,0.015395872977955864,14.4
2021-03-23,-0.033553681155164855,13.69
2021-03-24,-0.033553681155164855,13.2
2021-03-25,0.02801294782987991,13.575
2021-03-26,0.034367609720423346,14.13
2021-03-29,-0.016410925624631038,13.9
2021-03-30,-0.002160331837340636,13.87
2021-03-31,-0.024449467152619357,13.535
2021-04-01,0.034367609720423346,14.05
2021-04-02,0.0,14.05
2021-04-05,0.009914686653564795,14.19
2021-04-06,-0.0014099935739067505,14.17
2021-04-07,-0.033553681155164855,13.63
2021-04-08,0.01889633438385555,13.89
2021-04-09,0.015005847000827726,14.1
2021-04-12,-0.0035523019602447226,14.05
2021-04-13,-0.0042791424848889065,13.99
2021-04-14,0.0021417049118604677,14.02
2021-04-15,0.02117227713275946,14.32
2021-04-16,-0.0013979767142524992,14.3
2021-04-19,-0.010545407876383972,14.15
2021-04-20,-0.014234836252018582,13.95
2021-04-21,0.009985973782307707,14.09
2021-04-22,0.006367683204557072,14.18
2021-04-23,-0.033553681155164855,13.46
2021-04-26,0.017673892559029552,13.7
2021-04-27,0.0,13.7
2021-04-28,0.004370435717534981,13.76
2021-04-29,0.017291634252908708,14.0
2021-04-30,-0.033553681155164855,13.44
2021-05-03,0.034367609720423346,14.64
2021-05-04,0.021622538879472977,14.96
2021-05-05,-0.032612038627537594,14.48
2021-05-06,-0.016011502699051387,14.25
2021-05-07,0.018769741111677243,14.52
2021-05-10,-0.033553681155164855,14.02
2021-05-11,0.020473970522329386,14.31
2021-05-12,-0.017624401353739508,14.06
2021-05-13,0.020416164533906787,14.35
2021-05-14,0.034367609720423346,14.89
2021-05-17,-0.030688099657904876,14.44
2021-05-18,0.029007193822910237,14.865
2021-05-19,0.006370664157756581,14.96
2021-05-20,0.001336107011361842,14.98
2021-05-21,0.008640562589987758,15.11
2021-05-24,0.013802308393329084,15.32
2021-05-25,-0.023779504600387635,14.96
2021-05-26,-0.026415846505434572,14.57
2021-05-27,-0.032789756156326434,14.1
2021-05-28,0.010581814593651324,14.25
2021-05-31,0.0,14.25
2021-06-01,-0.004924103523270797,14.18
2021-06-02,-0.017787259514820162,13.93
2021-06-03,0.034367609720423346,14.59
2021-06-04,0.0,14.59
2021-06-07,-0.0006852347196948282,14.58
2021-06-08,0.009556193785416979,14.72
2021-06-09,-0.0006792306249021001,14.71
2021-06-10,-0.01852554311543507,14.44
2021-06-11,0.0185253413254148,14.71
2021-06-14,-0.006136791646064485,14.62
2021-06-15,0.010207723467421072,14.77
2021-06-16,0.026721771965468724,15.17
2021-06-17,0.010491768407813483,15.33
2021-06-18,-0.001958917426510837,15.3
2021-06-21,0.028352249406609843,15.74
2021-06-22,-0.019891531248018946,15.43
2021-06-23,-0.009114410332098938,15.29
2021-06-24,0.012349430907861598,15.48
2021-06-25,0.01919459934739027,15.78
2021-06-28,-0.033553681155164855,15.25
2021-06-29,0.0013101413898434122,15.27
2021-06-30,0.006527648469583422,15.37
2021-07-01,0.004543661916539032,15.44
2021-07-02,0.014786144189866143,15.67
2021-07-05,0.0,15.67
2021-07-06,-0.01413949315372174,15.45
2021-07-07,-0.007145468160871312,15.34
2021-07-08,-0.017094278186898352,15.08
2021-07-09,0.018397719306319962,15.36
2021-07-12,-0.005876231278840023,15.27
2021-07-13,-0.019841548053582618,14.97
2021-07-14,0.0099701326373094,15.12
2021-07-15,-0.018692623578310565,14.84
2021-07-16,-0.01356863904213849,14.64
2021-07-19,-0.006854438078491868,14.54
2021-07-20,0.027807755490516787,14.95
2021-07-21,0.02510033433861067,15.33
2021-07-22,-0.015116683499965455,15.1
2021-07-23,0.01707243311729666,15.36
2021-07-26,0.012294116693477202,15.55
2021-07-27,-0.01620763702425399,15.3
2021-07-28,0.014921124280507797,15.53
2021-07-29,0.022916401915402805,15.89
2021-07-30,-0.033553681155164855,15.31
2021-08-02,-0.006553426869843593,15.21
2021-08-03,0.000656784269984483,15.22
2021-08-04,-0.015227349858774492,14.99
2021-08-05,0.01785170587810856,15.26
2021-08-06,0.0026175711695030305,15.3
2021-08-09,-0.017139037802339392,15.04
2021-08-10,0.034367609720423346,16.22
2021-08-11,-0.0049442024501897865,16.14
2021-08-12,-0.01184183862662316,15.95
2021-08-13,0.001879233134802025,15.98
2021-08-16,-0.012594984869768093,15.78
2021-08-17,-0.02178150398175539,15.44
2021-08-18,-0.03225050161615494,14.95
2021-08-19,-0.006038193252333608,14.86
2021-08-20,0.032442020411259716,15.35
2021-08-23,0.003251707464245691,15.4
2021-08-24,-0.0019498998196333108,15.37
2021-08-25,-0.02837581225021143,14.94
2021-08-26,0.015936339298353825,15.18
2021-08-27,0.03368232764785008,15.7
2021-08-30,-0.011531229815684992,15.52
2021-08-31,-0.0006442074570729963,15.51
2021-09-01,0.010901363626618372,15.68
2021-09-02,0.006990509355375717,15.79
2021-09-03,-0.013389237119016052,15.58
2021-09-06,0.0,15.58
2021-09-07,-0.02403452917477003,15.21
2021-09-08,-0.012570680973852357,15.02
2021-09-09,0.002659460497903635,15.06
2021-09-10,-0.015389818076286824,14.83
2021-09-13,0.027271722848762912,15.24
2021-09-14,-0.029972727896949772,14.79
2021-09-15,0.0006757716149196457,14.8
2021-09-16,-0.01018670878823106,14.65
2021-09-17,0.0040876342283534,14.71
2021-09-20,-0.008877286770945925,14.58
2021-09-21,0.010235438720908673,14.73
2021-09-22,0.02480870341254674,15.1
2021-09-23,0.02032210018990674,15.41
2021-09-24,0.010971591367297112,15.58
2021-09-27,0.015918623721932722,15.83
2021-09-28,-0.033553681155164855,15.3
2021-09-29,-0.0032733515744777387,15.25
2021-09-30,-0.011873208397803493,15.07
2021-10-01,-0.005323142818858818,14.99
2021-10-04,-0.010057406585569703,14.84
2021-10-05,-0.0026986380503338414,14.8
2021-10-06,-0.01018670878823106,14.65
2021-10-07,0.012885622626523296,14.84
2021-10-08,0.010724288696256157,15.0
2021-10-11,-0.016129381929883644,14.76
2021-10-12,-0.003393752268131078,14.71
2021-10-13,-0.00408734181239611,14.65
2021-10-14,0.019601626704757357,14.94
2021-10-15,0.0020059866627369803,14.97
2021-10-18,-0.01956209622609696,14.68
2021-10-19,-0.0020460918189380423,14.65
2021-10-20,-0.002733733246055837,14.61
2021-10-21,0.022335690889819616,14.94
2021-10-22,-0.00806443028208298,14.82
2021-10-25,-0.010854699671397697,14.66
2021-10-26,0.022260388838096622,14.99
2021-10-27,-0.012756013101200695,14.8
2021-10-28,0.013423500332025513,15.0
2021-10-29,-0.008032171697264267,14.88
2021-11-01,0.034367609720423346,15.56
2021-11-02,0.030381764486076924,16.04
2021-11-03,0.003112152226560947,16.09
2021-11-04,0.001242228115069206,16.11
2021-11-05,-0.0006211929003648679,16.1
2021-11-08,0.00927386447761097,16.25
2021-11-09,0.003685201296736652,16.31
2021-11-10,-0.003685784164906479,16.25
2021-11-11,0.009797843980111045,16.41
2021-11-12,-0.012879586937738042,16.2
2021-11-15,0.005540622364467865,16.29
2021-11-16,-0.012352984916177012,16.09
2021-11-17,-0.033553681155164855,15.53
2021-11-18,0.008336157488901298,15.66
2021-11-19,-0.019994565715179637,15.35
2021-11-22,0.01807662881348591,15.63
2021-11-23,0.007013348873502704,15.74
2021-11-24,-0.01924398336676089,15.44
2021-11-25,0.0,15.44
2021-11-26,-0.028910922161175467,15.0
2021-11-29,-0.010724300290256138,14.84
2021-11-30,-0.03079225262880786,14.39
2021-12-01,-0.03177140824986825,13.94
2021-12-02,0.034367609720423346,14.59
2021-12-03,0.012938929845912895,14.78
2021-12-06,0.034367609720423346,15.32
2021-12-07,0.008450196312798794,15.45
2021-12-08,-0.033553681155164855,14.83
2021-12-09,-0.021125582014993448,14.52
2021-12-10,0.009595812573443637,14.66
2021-12-13,0.0,14.66
2021-12-14,-0.006844369349346573,14.56
2021-12-15,0.006161975970936749,14.65
2021-12-16,-0.014437724159175084,14.44
2021-12-17,-0.005555402713696782,14.36
2021-12-20,-0.014025904733127731,14.16
2021-12-21,0.034367609720423346,14.99
2021-12-22,0.0006667776543641723,15.0
2021-12-23,0.013244897802598153,15.2
2021-12-24,0.0,15.2
2021-12-27,0.027257126290339318,15.62
2021-12-28,-0.009003409324903159,15.48
2021-12-29,0.007722107632369931,15.6
2021-12-30,-0.014203392310730955,15.38
2021-12-31,0.003245726924920465,15.43
2022-01-03,0.034367609720423346,16.0
2022-01-04,-0.001876760012860132,15.97
2022-01-05,-0.033553681155164855,15.43
2022-01-06,0.008389707773623106,15.56
2022-01-07,-0.0293464247952308,15.11
2022-01-10,0.011842598790334292,15.29
2022-01-11,0.007168246621440118,15.4
2022-01-12,-0.009132575306395963,15.26
2022-01-13,-0.006574565167154581,15.16
2022-01-14,-0.01729876457832946,14.9
2022-01-17,0.0,14.9
2022-01-18,-0.008763285670156934,14.77
2022-01-19,0.015452000558916146,15.0
2022-01-20,0.003992021269537457,15.06
2022-01-21,-0.01269625746123796,14.87
2022-01-24,-0.0006722258932058314,14.86
2022-01-25,0.008042571643184688,14.98
2022-01-26,0.014579205026285208,15.2
2022-01-27,-0.019263352730849972,14.91
2022-01-28,0.034367609720423346,15.7
2022-01-31,0.00887747832492763,15.84
2022-02-01,0.00942544064715536,15.99
2022-02-02,-0.0031318992805326887,15.94
2022-02-03,-0.013261546883193306,15.73
2022-02-04,0.01576802864965031,15.98
2022-02-07,0.022890013274245256,16.35
2022-02-08,0.01336627205532093,16.57
2022-02-09,0.020311321418794347,16.91
2022-02-10,-0.002367801029661527,16.87
2022-02-11,-0.011925830869027543,16.67
2022-02-14,0.004190208800406086,16.74
2022-02-15,0.034367609720423346,17.5
2022-02-16,0.02594646034098298,17.96
2022-02-17,-0.033553681155164855,17.31
2022-02-18,-0.022197552842319127,16.93
2022-02-21,0.0,16.93
2022-02-22,0.014659029491343536,17.18
2022-02-23,-0.014658918875349689,16.93
2022-02-24,0.034367609720423346,17.54
2022-02-25,0.006251419098087035,17.65
2022-02-28,-0.033553681155164855,16.8
2022-03-01,-0.027762845936965926,16.34
2022-03-02,0.034367609720423346,16.96
2022-03-03,-0.033553681155164855,16.33
2022-03-04,0.006713414519137186,16.44
2022-03-07,-0.033553681155164855,15.86
2022-03-08,-0.01717057418897404,15.59
2022-03-09,0.034367609720423346,16.16
2022-03-10,0.0067839369763475444,16.27
2022-03-11,0.007958248965046356,16.4
2022-03-14,-0.019082926343052354,16.09
2022-03-15,0.004959680426405223,16.17
2022-03-16,0.034367609720423346,16.85
2022-03-17,-0.01193999893057391,16.65
2022-03-18,0.016677159872148503,16.93
2022-03-21,-0.030587050707851598,16.42
2022-03-22,-0.012871483267484548,16.21
2022-03-23,-0.01241474502878227,16.01
2022-03-24,-0.019552918476022405,15.7
2022-03-25,0.009508649167755847,15.85
2022-03-28,-0.00315998750564965,15.8
2022-03-29,0.012578557206834862,16.0
2022-03-30,-0.020840665871851783,15.67
2022-03-31,0.034367609720423346,16.28
2022-04-01,-0.033553681155164855,15.69
2022-04-04,-0.006393394259083304,15.59
2022-04-05,-0.014862907824118522,15.36
2022-04-06,-0.011788208716501148,15.18
2022-04-07,-0.02805796905532019,14.76
2022-04-08,-0.015017195760224495,14.54
2022-04-11,-0.015246641578515132,14.32
2022-04-12,0.0055714506049287064,14.4
2022-04-13,0.03413279160433471,14.9
2022-04-14,0.010016665286654314,15.05
2022-04-15,0.0,15.05
2022-04-18,-0.014051258172754122,14.84
2022-04-19,0.013386993016498039,15.04
2022-04-20,0.007947336098826596,15.16
2022-04-21,0.01635650013659108,15.41
2022-04-22,-0.033553681155164855,14.87
2022-04-25,-0.004718112810211445,14.8
2022-04-26,-0.033553681155164855,14.18
2022-04-27,-0.012061447693008499,14.01
2022-04-28,0.02606727706216414,14.38
2022-04-29,-0.024640088969761012,14.03
2022-05-02,0.009223333981702825,14.16
2022-05-03,0.0063358858175046415,14.25
2022-05-04,0.016011134938983797,14.48
2022-05-05,-0.033553681155164855,13.91
2022-05-06,-0.03065922748737567,13.49
2022-05-09,-0.033553681155164855,12.78
2022-05-10,0.034367609720423346,14.46
2022-05-11,-0.033553681155164855,13.97
2022-05-12,0.034367609720423346,14.6
2022-05-13,0.01899642004549043,14.88
2022-05-16,0.008032651697149049,15.0
2022-05-17,0.034367609720423346,15.57
2022-05-18,-0.033553681155164855,15.03
2022-05-19,0.028207404077351176,15.46
2022-05-20,0.003873488348373991,15.52
2022-05-23,-0.002580326180106326,15.48
2022-05-24,-0.0006462087479056415,15.47
2022-05-25,0.016667325212447254,15.73
2022-05-26,-0.000636202333794047,15.72
2022-05-27,0.022020753669266334,16.07
2022-05-30,0.0,16.07
2022-05-31,-0.007495017603262557,15.95
2022-06-01,0.008738706043080429,16.09
2022-06-02,0.02697877780987231,16.53
2022-06-03,-0.0018166491082230608,16.5
2022-06-06,0.0012112661209144403,16.52
2022-06-07,-0.001211733853023798,16.5
2022-06-08,-0.0048597896716527774,16.42
2022-06-09,-0.01040696509471606,16.25
2022-06-10,-0.02492301413076811,15.85
2022-06-13,-0.009509068223843616,15.7
2022-06-14,-0.010887049437066823,15.53
2022-06-15,0.012159769433267825,15.72
2022-06-16,-0.033553681155164855,15.1
2022-06-17,0.021618624433602032,15.43
2022-06-20,0.0,15.43
2022-06-21,-0.006502092865130706,15.33
2022-06-22,-0.0013058522540417069,15.31
2022-06-23,0.003260678206170888,15.36
2022-06-24,0.026342957339083865,15.77
2022-06-27,0.020710058593092457,16.1
2022-06-28,-0.019442792044649885,15.79
2022-06-29,0.0,15.79
2022-06-30,-0.005078875681877489,15.71
2022-07-01,-0.014102981182862313,15.49
2022-07-04,0.0,15.49
2022-07-05,0.026124757313086167,15.9
2022-07-06,-0.0050436980877901225,15.82
2022-07-07,0.011313757400273529,16.0
2022-07-08,0.008092169897336195,16.13
2022-07-11,-0.004972341626557867,16.05
2022-07-12,-0.0031198617112788906,16.0
2022-07-13,-0.033553681155164855,15.35
2022-07-14,0.019355468512061172,15.65
2022-07-15,0.02772702848052861,16.09
2022-07-18,0.023342433215604093,16.47
2022-07-19,0.029906314667640186,16.97
2022-07-20,-0.02687491708558399,16.52
2022-07-21,0.00783820088614267,16.65
2022-07-22,-0.009656474033312868,16.49
2022-07-25,0.0036323948587227953,16.55
2022-07-26,-0.033553681155164855,15.84
2022-07-27,0.016280746473692983,16.1
2022-07-28,0.01663093613054463,16.37
2022-07-29,0.007303266110120069,16.49
2022-08-01,-0.007915243049814046,16.36
2022-08-02,-0.0006111867365679311,16.35
2022-08-03,0.014572306316590407,16.59
2022-08-04,0.031447309151428876,17.12
2022-08-05,-0.032653365467052685,16.57
2022-08-08,-0.02691292566217246,16.13
2022-08-09,0.005564489472411995,16.22
2022-08-10,0.013472832424831042,16.44
2022-08-11,0.0036433549147985205,16.5
2022-08-12,0.01204812893531426,16.7
2022-08-15,0.009535393293335968,16.86
2022-08-16,0.0005928242449784517,16.87
2022-08-17,-0.014929898345999752,16.62
2022-08-18,0.011962167138857446,16.82
2022-08-19,-0.011962263432861968,16.62
2022-08-22,-0.021899043241281037,16.26
2022-08-23,0.012224969622568948,16.46
2022-08-24,-0.0012157387109164313,16.44
2022-08-25,0.034367609720423346,17.04
2022-08-26,-0.033553681155164855,16.34
2022-08-29,0.003055327729006333,16.39
2022-08-30,-0.009809960705518294,16.23
2022-08-31,-0.01802956010923479,15.94
2022-09-01,-0.015808295272339973,15.69
2022-09-02,0.0006367972016171419,15.7
2022-09-05,0.0,15.7
2022-09-06,-0.0006372029706994661,15.69
2022-09-07,0.009514592368585486,15.84
2022-09-08,0.01503835497636681,16.08
2022-09-09,0.01970458327433543,16.4
2022-09-12,0.028847869977428383,16.88
2022-09-13,-0.030068562147050566,16.38
2022-09-14,0.007905667695970571,16.51
2022-09-15,-0.001211733853023798,16.49
2022-09-16,-0.013430790632599712,16.27
2022-09-19,0.015853663923167245,16.53
2022-09-20,-0.015239534059521546,16.28
2022-09-21,-0.010496900194980948,16.11
2022-09-22,-0.020696706866227103,15.78
2022-09-23,-0.022429674966184626,15.43
2022-09-26,-0.003245260165029525,15.38
2022-09-27,-0.0013008457330480696,15.36
2022-09-28,0.03203340778099341,15.86
2022-09-29,-0.01845423678340256,15.57
2022-09-30,-0.01292821033836701,15.37
2022-10-03,0.034367609720423346,15.97
2022-10-04,0.031435680579640336,16.48
2022-10-05,-0.0006071842990834937,16.47
2022-10-06,0.0018193439895919262,16.5
2022-10-07,-0.015267964438601981,16.25
2022-10-10,-0.01550457716104153,16.0
2022-10-11,-0.011946071018400556,15.81
2022-10-12,0.01444319311222038,16.04
2022-10-13,0.014852158627346157,16.28
2022-10-14,-0.021733470174121645,15.93
2022-10-17,0.016189244138105918,16.19
2022-10-18,0.0061580005351545486,16.29
2022-10-19,-0.008631141366367652,16.15
2022-10-20,0.013530054603768682,16.37
2022-10-21,0.02115563313945394,16.72
2022-10-24,0.009523507103602401,16.88
2022-10-25,-0.00832858659156073,16.74
2022-10-26,0.012466963455376567,16.95
2022-10-27,0.005882663158155512,17.05
2022-10-28,0.011661736849271676,17.25
2022-10-31,-0.010489826354699158,17.07
2022-11-01,-0.01892393346070652,16.75
2022-11-02,-0.033553681155164855,16.13
2022-11-03,-0.033553681155164855,13.62
2022-11-04,-0.033553681155164855,13.15
2022-11-07,-0.009935190967776676,13.02
2022-11-08,0.024280820498571803,13.34
2022-11-09,-0.009792793262865921,13.21
2022-11-10,0.034367609720423346,14.15
2022-11-11,0.013338643439177433,14.34
2022-11-14,0.034367609720423346,15.06
2022-11-15,0.01711667040019083,15.32
2022-11-16,0.008450196312798794,15.45
2022-11-17,-0.0006472093948237919,15.44
2022-11-18,-0.023592118356344675,15.08
2022-11-21,0.034367609720423346,15.63
2022-11-22,0.0044689991309751435,15.7
2022-11-23,-0.0019128282901129101,15.67
2022-11-24,0.0,15.67
2022-11-25,0.012052081024141308,15.86
2022-11-28,-0.01269018081651814,15.66
2022-11-29,-0.00962517372247803,15.51
2022-11-30,0.021684189380843332,15.85
2022-12-01,-0.0018947939888714987,15.82
2022-12-02,-0.003800211666175669,15.76
2022-12-05,-0.012771205782380028,15.56
2022-12-06,-0.030008793472413434,15.1
2022-12-07,-0.02752742688225292,14.69
2022-12-08,-0.011639476657031604,14.52
2022-12-09,-0.012474483848654617,14.34
2022-12-12,-0.004892950984863979,14.27
2022-12-13,0.00209979388895607,14.3
2022-12-14,-0.019061521982575668,14.03
2022-12-15,-0.007870894380569187,13.92
2022-12-16,0.002152681318075402,13.95
2022-12-19,-0.03353093070894493,13.49
2022-12-20,0.015447077212951323,13.7
2022-12-21,0.004370435717534981,13.76
2022-12-22,-0.019075791505321488,13.5
2022-12-23,-0.002967398374905284,13.46
2022-12-26,0.0,13.46
2022-12-27,-0.011958215304665834,13.3
2022-12-28,-0.006789999963727375,13.21
2022-12-29,0.03203243930629755,13.64
2022-12-30,0.013833869255495587,13.83
2023-01-02,0.0,13.83
2023-01-03,0.03341930207870125,14.3
2023-01-04,-0.021916419782235613,13.99
2023-01-05,-0.021677263328828425,13.69
2023-01-06,0.0223914303148674,14.0
2023-01-09,-0.001430021994235886,13.98
2023-01-10,0.004994506660911698,14.05
2023-01-11,0.003552681746172644,14.1
2023-01-12,0.030728991089838974,14.54
2023-01-13,0.0006877634364975964,14.55
2023-01-16,0.0,14.55
2023-01-17,-0.0034419166048573154,14.5
2023-01-18,-0.0006902381595596675,14.49
2023-01-19,0.021168360923962754,14.8
2023-01-20,0.016085924985644314,15.04
2023-01-23,0.029481129322168627,15.49
2023-01-24,-0.0006462087479056415,15.48
2023-01-25,0.017291634252908708,15.75
2023-01-26,-0.008928742851931012,15.61
2023-01-27,-0.014194263609740047,15.39
2023-01-30,-0.018361546152576503,15.11
2023-01-31,0.02095686287071894,15.43
2023-02-01,0.02622509627376584,15.84
2023-02-02,0.002521817543509488,15.88
2023-02-03,-0.006316909729551706,15.78
2023-02-06,-0.02632549501755096,15.37
2023-02-07,0.016134141918554838,15.62
2023-02-08,-0.014834488958455605,15.39
2023-02-09,0.0006497888414971027,15.4
2023-02-10,0.015463816490336738,15.64
2023-02-13,0.015228456218162404,15.88
2023-02-14,-0.0031539685338504595,15.83
2023-02-15,0.02063169528902029,16.16
2023-02-16,-0.009950340853168182,16.0
2023-02-17,-0.00689874169115659,15.89
2023-02-20,0.0,15.89
2023-02-21,-0.008214648022475615,15.76
2023-02-22,0.003167976658736355,15.81
2023-02-23,0.019418239703243665,16.12
2023-02-24,0.034367609720423346,16.85
2023-02-27,0.01121289981406599,17.04
2023-02-28,0.0110882969854205,17.23
2023-03-01,-0.02170792121644103,16.86
2023-03-02,0.034367609720423346,17.75
2023-03-03,-0.0016914296609783904,17.72
2023-03-06,-0.00793237828969527,17.58
2023-03-07,0.0034071889338588447,17.64
2023-03-08,-0.005685129769160085,17.54
2023-03-09,-0.00973927312741694,17.37
2023-03-10,-0.029207413985629385,16.87
2023-03-13,0.0005928242449784517,16.88
2023-03-14,0.01877955511665483,17.2
2023-03-15,-0.0029112335310738616,17.15
2023-03-16,0.0058140655175891,17.25
2023-03-17,-0.016954925849546033,16.96
2023-03-20,0.0035317560011779428,17.02
2023-03-21,0.012843172252731494,17.24
2023-03-22,-0.01755417695622836,16.94
2023-03-23,-0.003548287733826286,16.88
2023-03-24,0.007671498662564226,17.01
2023-03-27,-0.0029433273412838843,16.96
2023-03-28,-0.01844710642984397,16.65
2023-03-29,0.007181153684135401,16.77
2023-03-30,0.005945291677115815,16.87
2023-03-31,0.002959616012622699,16.92
2023-04-03,-0.005927533164799158,16.82
2023-04-04,-0.012563592448807323,16.61
2023-04-05,-0.013943764003702295,16.38
2023-04-06,0.006693548140399785,16.49
2023-04-07,0.0,16.49
2023-04-10,0.009054880552236749,16.64
2023-04-11,0.0035995139697402117,16.7
2023-04-12,0.0023921365585501163,16.74
2023-04-13,0.007735999842710086,16.87
2023-04-14,-0.011326907900740896,16.68
2023-04-17,-0.009638299540002133,16.52
2023-04-18,0.0018143530655871857,16.55
2023-04-19,0.00602382030904343,16.65
2023-04-20,-0.01757046043531617,16.36
2023-04-21,0.0006108134154981358,16.37
2023-04-24,0.013349497629412996,16.59
2023-04-25,-0.0012067278032126692,16.57
2023-04-26,-0.009702921461395852,16.41
2023-04-27,0.027052752098000822,16.86
2023-04-28,0.005323803376640706,16.95
2023-05-01,0.001768435395960753,16.98
2023-05-02,-0.020227197413317806,16.64
2023-05-03,-0.005423681606304965,16.55
2023-05-04,-0.0012087302201298355,16.53
2023-05-05,0.034367609720423346,17.56
2023-05-08,-0.010303903352558017,17.38
2023-05-09,-0.005191452299430885,17.29
2023-05-10,0.0005778330223389279,17.3
2023-05-11,0.006337873183817052,17.41
2023-05-12,-0.009812990284815743,17.24
2023-05-15,0.010386869219795184,17.42
2023-05-16,-0.008069470779963131,17.28
2023-05-17,0.02231808832062654,17.67
2023-05-18,0.00451678395591761,17.75
2023-05-19,0.0,17.75
2023-05-22,-0.0005631585440096245,17.74
2023-05-23,0.003938234962522211,17.81
2023-05-24,-0.012998110619060279,17.58
2023-05-25,0.005671884409440576,17.68
2023-05-26,0.0022594455294163724,17.72
2023-05-30,-0.006795034041919742,17.6
2023-05-31,0.001703548137549455,17.63
2023-06-01,0.034367609720423346,18.43
